<pre>Sequence ID	Probability of presequence	Prediction	Cleavage site (processing enzyme)	Net charge	Positions for TOM20 recognition motif (deliminated by comma)	Position of amphypathic alpha-helix	BHHPPP	BPHBHH	HBHHBb	HBHHbB	HHBHHB	HHBPHB	HHBPHH	HHBPHP	HHHBBH	HHHBPH	HHHHBB	HHPBHH	HPBHHP	PHHBPH
synMTS_1_201_coa4	0.018	No mitochondrial presequence	14(MPP)	0.000	2-6	11-20-low	-	-	-	-	-	-	-	-	-	-	-	-	-	-	
synMTS_1_202_coa4	0.006	No mitochondrial presequence	56(MPP)	0.036	7-11	21-30-low	-	-	-	-	-	-	-	-	-	-	-	-	-	-	
synMTS_1_203_coa4	0.248	No mitochondrial presequence	72(MPP), 73(Icp55)	0.042	2-6	2-11-high	-	-	-	-	-	-	-	-	-	-	-	-	-	-	
synMTS_1_204_coa4	0.051	No mitochondrial presequence	70(MPP)	0.057	67-71,87-91	3-12-low	-	-	-	-	-	-	-	-	-	-	-	-	-	-	
synMTS_1_205_coa4	0.006	No mitochondrial presequence	41(MPP)	-0.049	14-18,38-42,58-62	1-10-low	-	-	-	-	-	-	-	-	-	-	-	-	-	-	
synMTS_1_206_coa4	0.002	No mitochondrial presequence	36(MPP)	0.000		17-26-low	-	-	-	-	-	-	-	-	-	-	-	-	-	-	
synMTS_1_207_coa4	0.011	No mitochondrial presequence	28(MPP)	-0.036		1-10-low	-	-	-	-	-	-	-	-	-	-	-	-	-	-	
synMTS_1_208_coa4	0.001	No mitochondrial presequence	11(MPP)	0.000		20-29-high	-	-	-	-	-	-	-	-	-	-	-	-	-	-	
synMTS_1_209_coa4	0.054	No mitochondrial presequence	36(MPP)	0.028	33-37,44-48	1-12-high	-	-	-	-	-	-	-	-	-	-	-	-	-	-	
synMTS_1_210_coa4	0.006	No mitochondrial presequence	36(MPP)	-0.083		7-17-high	-	-	-	-	-	-	-	-	-	-	-	-	-	-	
synMTS_1_211_coa4	0.097	No mitochondrial presequence	42(MPP)	0.048	33-37,46-50	19-28-high	-	-	-	-	-	-	-	-	-	20-25	-	-	-	-	
synMTS_1_212_coa4	0.030	No mitochondrial presequence	28(MPP), 29(Icp55)	0.000	12-16,48-52,53-57	7-16-low	-	-	-	-	-	-	-	-	-	-	-	-	-	-	
synMTS_1_213_coa4	0.035	No mitochondrial presequence	22(MPP)	0.000	19-23	16-25-high	-	-	-	-	-	-	-	-	-	-	-	-	-	-	
synMTS_1_214_coa4	0.026	No mitochondrial presequence	50(MPP)	0.040	17-21,29-33,47-51	13-22-high	-	-	-	-	-	-	-	-	-	-	-	-	-	-	
synMTS_1_215_coa4	0.005	No mitochondrial presequence	5(MPP)	-0.200	40-44,44-48	11-20-high	-	-	-	-	-	-	-	-	-	-	-	-	-	-	
synMTS_1_216_coa4	0.006	No mitochondrial presequence	32(MPP)	0.062		5-14-low	-	-	-	-	-	-	-	-	-	-	-	-	-	-	
synMTS_1_217_coa4	0.024	No mitochondrial presequence	9(MPP)	0.333	51-55	14-23-low	-	-	-	-	-	-	-	-	-	-	-	-	-	-	
synMTS_1_218_coa4	0.004	No mitochondrial presequence	49(MPP)	-0.102		6-15-low	-	-	-	-	-	-	-	-	-	-	-	-	-	-	
synMTS_1_219_coa4	0.007	No mitochondrial presequence	6(MPP)	-0.500	33-37	15-24-low	-	-	-	-	-	-	-	-	-	-	-	-	-	-	
synMTS_1_220_coa4	0.057	No mitochondrial presequence	52(MPP), 60(Oct1)	0.115	1-5,69-73,82-86	1-10-high	-	-	-	-	-	-	-	-	-	10-15	-	-	-	-	
synMTS_1_221_coa4	0.039	No mitochondrial presequence	24(MPP)	0.000	31-35	1-12-low	-	-	-	-	-	-	-	-	-	-	-	-	-	-	
synMTS_1_222_coa4	0.026	No mitochondrial presequence	21(MPP)	0.000	73-77	17-26-low	-	-	-	-	-	-	-	-	-	-	-	-	-	-	
synMTS_1_223_coa4	0.003	No mitochondrial presequence	59(MPP)	-0.102	7-11	6-16-high	-	-	-	-	-	-	-	-	5-10	-	-	-	-	-	
synMTS_1_224_coa4	0.012	No mitochondrial presequence	66(MPP)	0.030	23-27	18-27-high	-	-	-	-	-	-	-	-	-	-	-	-	-	-	
synMTS_1_225_coa4	0.011	No mitochondrial presequence	40(MPP)	-0.025	13-17,29-33	9-18-high	-	-	-	-	-	-	-	-	-	-	-	-	-	-	
synMTS_1_226_coa4	0.010	No mitochondrial presequence	51(MPP)	-0.059	87-91	16-25-low	-	-	-	-	-	-	-	-	-	-	-	-	-	-	
synMTS_1_227_coa4	0.003	No mitochondrial presequence	59(MPP)	-0.051		17-26-low	-	-	-	-	-	-	-	-	-	-	-	-	-	-	
synMTS_1_228_coa4	0.021	No mitochondrial presequence	21(MPP)	0.095		2-11-low	-	-	-	-	-	-	-	-	-	-	-	-	-	-	
synMTS_1_229_coa4	0.007	No mitochondrial presequence	10(MPP)	0.100		11-20-low	-	-	-	-	-	-	-	-	5-10	-	-	-	-	-	
synMTS_1_230_coa4	0.185	No mitochondrial presequence	55(MPP)	0.073	7-11,30-34	4-13-high	-	-	-	-	-	-	-	-	-	-	-	-	-	-	
synMTS_1_231_coa4	0.046	No mitochondrial presequence	19(MPP)	0.105		1-11-high	-	-	-	-	-	-	-	-	-	-	-	-	-	-	
synMTS_1_232_coa4	0.016	No mitochondrial presequence	35(MPP)	0.086	23-27	21-30-high	-	-	-	-	-	-	-	-	-	-	-	-	-	-	
synMTS_1_233_coa4	0.088	No mitochondrial presequence	12(MPP)	0.000	9-13	2-13-high	11-16	-	-	-	-	-	-	-	-	-	-	-	-	-	
synMTS_1_234_coa4	0.032	No mitochondrial presequence	35(MPP)	-0.029		13-22-high	-	-	-	-	-	-	-	-	-	-	-	-	-	-	
synMTS_1_235_coa4	0.001	No mitochondrial presequence	53(MPP)	-0.075		2-12-low	-	-	-	-	-	-	-	-	-	-	-	-	-	-	
synMTS_1_236_coa4	0.000	No mitochondrial presequence	43(MPP)	0.023	25-29	15-24-high	-	-	-	-	-	-	-	-	-	-	-	-	-	-	
synMTS_1_237_coa4	0.292	No mitochondrial presequence	47(MPP)	0.085	7-11,12-16,16-20,19-23,44-48,78-82,83-87	12-21-high	-	-	-	-	19-24	-	-	-	-	-	-	15-20	-	-	
synMTS_1_238_coa4	0.007	No mitochondrial presequence	49(MPP)	-0.020	37-41,41-45	2-11-low	-	-	-	-	-	-	-	-	-	-	-	-	-	-	
synMTS_1_239_coa4	0.027	No mitochondrial presequence	15(MPP), 16(Icp55)	-0.067	44-48	13-22-low	-	-	-	-	-	-	-	-	-	-	-	-	-	-	
synMTS_1_240_coa4	0.072	No mitochondrial presequence	15(MPP)	0.067	16-20	10-20-high	-	-	-	-	-	-	-	-	-	-	-	-	-	-	
synMTS_1_241_coa4	0.421	Possessing mitochondrial presequence	17(MPP)	0.235	64-68	21-30-high	-	-	-	-	-	-	-	-	-	-	-	-	-	-	
synMTS_1_242_coa4	0.050	No mitochondrial presequence	56(MPP)	-0.018	43-47,64-68	16-25-low	-	-	-	5-10	-	-	-	-	-	-	-	-	-	-	
synMTS_1_243_coa4	0.005	No mitochondrial presequence	13(MPP)	0.077	21-25	10-19-low	-	-	-	-	-	-	-	-	-	-	-	-	-	-	
synMTS_1_244_coa4	0.008	No mitochondrial presequence	88(MPP)	-0.091		18-29-high	-	-	-	-	-	-	-	-	-	-	-	-	-	-	
synMTS_1_245_coa4	0.009	No mitochondrial presequence	10(MPP)	0.100		4-13-low	-	-	-	-	-	-	-	-	-	-	-	-	-	-	
synMTS_1_246_coa4	0.003	No mitochondrial presequence	44(MPP)	-0.045	48-52	3-12-low	-	-	-	-	-	-	-	-	-	-	-	-	-	-	
synMTS_1_247_coa4	0.002	No mitochondrial presequence	29(MPP)	0.034		18-27-low	-	-	-	-	-	-	-	-	-	-	-	-	-	-	
synMTS_1_248_coa4	0.056	No mitochondrial presequence	48(MPP)	0.000	15-19,45-49	5-14-low	-	-	-	-	-	-	-	-	-	-	-	-	-	-	
synMTS_1_249_coa4	0.002	No mitochondrial presequence	54(MPP)	-0.019		17-26-low	-	-	-	-	-	-	-	-	-	-	-	-	-	-	
synMTS_1_250_coa4	0.003	No mitochondrial presequence	90(MPP)	-0.200		13-22-low	-	-	-	-	-	-	-	-	-	-	-	-	-	-	
synMTS_1_251_coa4	0.069	No mitochondrial presequence	34(MPP)	0.029		18-27-low	-	-	-	-	-	-	-	-	-	-	-	-	-	-	
synMTS_1_252_coa4	0.000	No mitochondrial presequence	89(MPP)	0.000	54-58	1-10-low	-	-	-	-	-	-	-	-	-	-	-	-	-	-	
synMTS_1_253_coa4	0.001	No mitochondrial presequence	76(MPP)	-0.158		9-18-low	-	-	-	-	-	-	-	-	-	-	-	-	-	-	
synMTS_1_254_coa4	0.029	No mitochondrial presequence	53(MPP)	-0.057		2-11-low	-	-	-	-	-	-	-	-	-	-	-	-	-	-	
synMTS_1_255_coa4	0.266	No mitochondrial presequence	35(MPP)	0.229	55-59	18-27-low	-	13-18	-	-	-	-	-	-	-	-	-	-	-	-	
synMTS_1_256_coa4	0.000	No mitochondrial presequence	34(MPP)	-0.235		1-10-low	-	-	-	-	-	-	-	-	-	-	-	-	-	-	
synMTS_1_257_coa4	0.012	No mitochondrial presequence	18(MPP)	0.056	41-45	10-20-high	-	-	-	-	-	-	-	-	-	-	-	-	-	-	
synMTS_1_258_coa4	0.036	No mitochondrial presequence	56(MPP)	0.071	53-57,75-79	5-17-high	-	-	-	-	-	-	-	-	-	-	-	-	-	-	
synMTS_1_259_coa4	0.074	No mitochondrial presequence	13(MPP)	0.154	10-14,26-30,31-35,49-53,56-60	19-28-high	-	-	-	-	-	-	-	-	-	-	-	-	-	-	
synMTS_1_260_coa4	0.060	No mitochondrial presequence	41(MPP)	-0.024	51-55	7-16-high	-	-	-	-	-	-	-	-	-	-	-	-	-	-	
synMTS_1_261_coa4	0.000	No mitochondrial presequence	84(MPP)	-0.167		11-20-low	-	-	-	-	-	-	-	-	-	-	-	-	-	-	
synMTS_1_262_coa4	0.009	No mitochondrial presequence	8(MPP)	0.000	24-28	15-24-low	-	-	-	-	-	-	-	-	-	-	-	-	-	-	
synMTS_1_263_coa4	0.017	No mitochondrial presequence	37(MPP)	-0.162	44-48	13-22-low	-	-	-	-	-	-	-	-	-	-	-	-	-	-	
synMTS_1_264_coa4	0.008	No mitochondrial presequence	46(MPP)	-0.022		13-22-high	-	11-16	-	-	-	-	-	-	-	-	-	-	-	-	
synMTS_1_265_coa4	0.041	No mitochondrial presequence	16(MPP)	0.062	2-6,6-10,13-17	2-13-high	-	-	-	-	-	-	-	-	-	-	-	-	-	-	
synMTS_1_266_coa4	0.026	No mitochondrial presequence	7(MPP), 8(Icp55)	0.143	4-8	11-20-high	-	-	-	-	-	-	-	-	-	-	-	-	-	14-19	
synMTS_1_267_coa4	0.049	No mitochondrial presequence	53(MPP)	0.057	10-14,65-69	6-15-high	-	-	-	-	-	-	-	-	-	-	-	-	-	-	
synMTS_1_268_coa4	0.002	No mitochondrial presequence	21(MPP)	0.048		19-28-high	-	-	-	-	-	-	-	-	-	-	-	-	-	-	
synMTS_1_269_coa4	0.075	No mitochondrial presequence	25(MPP)	0.040		21-30-low	-	-	-	-	-	-	-	3-8	-	2-7	-	-	-	-	
synMTS_1_270_coa4	0.013	No mitochondrial presequence	56(MPP)	0.107		2-11-low	-	-	-	-	-	-	-	-	-	-	-	-	-	-	
synMTS_1_271_coa4	0.087	No mitochondrial presequence	31(MPP)	0.129	18-22	21-30-low	-	-	-	-	-	-	-	-	-	-	-	-	-	-	
synMTS_1_272_coa4	0.053	No mitochondrial presequence	17(MPP)	0.118	4-8,61-65	1-10-high	-	-	-	-	4-9	-	-	-	12-17	-	-	-	-	-	
synMTS_1_273_coa4	0.011	No mitochondrial presequence	75(MPP)	-0.107	38-42	11-22-high	-	-	-	-	-	-	-	-	-	-	-	-	-	-	
synMTS_1_274_coa4	0.073	No mitochondrial presequence	24(MPP)	0.125	17-21,36-40	17-28-high	-	-	-	-	17-22	-	10-15	-	-	-	-	-	-	9-14	
synMTS_1_275_coa4	0.037	No mitochondrial presequence	17(MPP)	0.059		21-30-low	-	25-30	-	-	-	-	-	-	-	-	-	-	-	-	
synMTS_1_276_coa4	0.006	No mitochondrial presequence	22(MPP)	0.000	11-15,22-26	21-30-high	-	-	-	-	-	-	-	-	25-30	-	-	-	-	-	
synMTS_1_277_coa4	0.002	No mitochondrial presequence	30(MPP)	-0.167	51-55	14-23-high	-	-	-	-	-	-	-	-	-	-	-	-	-	-	
synMTS_1_278_coa4	0.070	No mitochondrial presequence	25(MPP)	0.000		7-16-high	-	-	-	-	-	-	25-30	-	-	-	-	-	-	-	
synMTS_1_279_coa4	0.017	No mitochondrial presequence	26(MPP)	-0.038	23-27	6-15-low	-	-	-	-	-	-	-	-	-	-	-	-	-	-	
synMTS_1_280_coa4	0.023	No mitochondrial presequence	55(MPP)	0.055	30-34,49-53	17-26-low	-	-	-	-	-	-	-	-	3-8	-	2-7	-	-	-	
synMTS_1_281_coa4	0.006	No mitochondrial presequence	58(MPP)	0.052	23-27	11-20-low	-	-	-	-	-	-	-	-	-	-	-	-	-	-	
synMTS_1_282_coa4	0.015	No mitochondrial presequence	14(MPP)	0.000	7-11	6-15-high	-	-	-	-	-	-	-	-	-	-	-	-	-	-	
synMTS_1_283_coa4	0.013	No mitochondrial presequence	46(MPP)	0.087	43-47,50-54,70-74	20-29-low	-	-	-	-	-	-	-	-	-	-	-	-	-	-	
synMTS_1_284_coa4	0.001	No mitochondrial presequence	15(MPP)	0.067		19-30-low	-	-	-	-	-	-	-	-	-	-	-	-	-	-	
synMTS_1_285_coa4	0.855	Possessing mitochondrial presequence	29(MPP), 30(Icp55)	0.172	8-12,43-47,96-100	8-17-high	-	-	-	-	8-13	-	1-6	11-16	-	-	-	-	-	-	
synMTS_1_286_coa4	0.144	No mitochondrial presequence	30(MPP)	0.133	9-13,12-16	8-18-high	-	-	-	-	9-14	-	-	-	-	-	-	-	-	-	
synMTS_1_287_coa4	0.073	No mitochondrial presequence	30(MPP)	0.133	17-21,20-24,27-31,78-82	1-10-low	-	-	-	21-26	-	-	-	-	-	-	-	-	-	-	
synMTS_1_288_coa4	0.112	No mitochondrial presequence	19(MPP)	0.105	2-6,19-23,23-27	18-27-high	-	-	-	-	-	-	-	-	-	-	-	-	-	-	
synMTS_1_289_coa4	0.001	No mitochondrial presequence	77(MPP)	-0.013		15-24-high	-	-	-	-	-	-	-	-	-	-	-	-	-	-	
synMTS_1_290_coa4	0.003	No mitochondrial presequence	37(MPP)	0.000	59-63	13-22-low	-	-	-	-	-	-	-	-	-	-	-	-	-	-	
synMTS_1_291_coa4	0.017	No mitochondrial presequence	45(MPP)	0.111		2-12-low	-	-	-	-	-	-	-	-	-	-	-	-	-	-	
synMTS_1_292_coa4	0.051	No mitochondrial presequence	10(MPP)	0.300	42-46	6-15-high	-	-	-	-	-	-	-	-	-	-	-	-	-	-	
synMTS_1_293_coa4	0.053	No mitochondrial presequence	32(MPP)	0.000	38-42	10-19-high	-	-	-	-	-	-	-	-	-	-	-	-	-	-	
synMTS_1_294_coa4	0.057	No mitochondrial presequence	86(MPP)	0.000	35-39,63-67	16-25-high	-	-	-	-	-	-	-	-	-	-	-	-	-	-	
synMTS_1_295_coa4	0.002	No mitochondrial presequence	75(MPP)	-0.133		6-16-low	-	-	-	-	-	-	-	-	-	-	-	-	-	-	
synMTS_1_296_coa4	0.080	No mitochondrial presequence	24(MPP)	-0.083	6-10,58-62	2-11-high	-	-	-	-	-	25-30	-	-	-	-	-	-	-	24-29	
synMTS_1_297_coa4	0.035	No mitochondrial presequence	6(MPP)	0.167	32-36	18-29-low	-	-	-	-	-	-	3-8	-	-	2-7	-	-	-	-	
synMTS_1_298_coa4	0.050	No mitochondrial presequence	44(MPP)	-0.023		12-24-low	-	-	-	-	-	-	-	-	-	-	-	-	-	-	
synMTS_1_299_coa4	0.017	No mitochondrial presequence	56(MPP)	0.018	49-53,69-73,94-98	1-10-low	-	-	-	-	-	-	-	-	-	-	-	-	-	-	
synMTS_1_300_coa4	0.034	No mitochondrial presequence	68(MPP)	-0.029		16-25-low	-	-	-	-	-	-	-	-	-	-	23-28	-	-	-	
synMTS_1_301_coa4	0.020	No mitochondrial presequence	15(MPP)	0.133	1-5	5-15-high	-	-	-	-	-	-	-	-	-	-	-	-	-	-	
synMTS_1_302_coa4	0.108	No mitochondrial presequence	24(MPP)	0.042	21-25	21-30-high	-	-	-	-	-	-	-	-	-	-	-	-	-	-	
synMTS_1_303_coa4	0.013	No mitochondrial presequence	74(MPP)	0.068		1-10-high	-	-	-	-	-	-	-	-	-	-	-	-	-	-	
synMTS_1_304_coa4	0.006	No mitochondrial presequence	49(MPP)	-0.102		17-28-low	-	-	-	-	-	-	-	-	-	-	-	-	-	-	
synMTS_1_305_coa4	0.020	No mitochondrial presequence	62(MPP)	0.016	88-92	17-26-low	-	-	-	-	-	-	-	-	-	-	-	-	-	-	
synMTS_1_306_coa4	0.194	No mitochondrial presequence	13(MPP)	0.154	4-8,46-50	1-10-high	-	-	-	-	-	-	-	-	-	-	-	-	-	-	
synMTS_1_307_coa4	0.054	No mitochondrial presequence	24(MPP), 25(Icp55)	-0.083	22-26,26-30,48-52	1-10-low	-	-	-	-	-	-	-	-	20-25	-	-	-	-	-	
synMTS_1_308_coa4	0.083	No mitochondrial presequence	20(MPP), 21(Icp55)	-0.050	17-21	14-23-high	-	-	-	-	-	-	-	-	-	-	-	-	-	-	
synMTS_1_309_coa4	0.031	No mitochondrial presequence	12(MPP)	0.083		5-14-low	-	-	-	-	-	-	-	-	-	-	-	-	-	-	
synMTS_1_310_coa4	0.074	No mitochondrial presequence	18(MPP)	0.222	43-47	7-16-high	-	14-19	16-21	-	-	-	-	-	-	-	-	-	-	-	
synMTS_1_311_coa4	0.004	No mitochondrial presequence	10(MPP)	0.100	59-63	6-15-low	-	-	-	-	-	-	-	-	-	-	-	-	-	-	
synMTS_1_312_coa4	0.124	No mitochondrial presequence	12(MPP)	0.083	46-50	8-17-low	-	-	-	-	-	-	-	-	-	-	-	-	-	-	
synMTS_1_313_coa4	0.009	No mitochondrial presequence	85(MPP)	-0.047	3-7	20-29-low	-	-	-	-	-	-	-	-	-	-	-	-	-	-	
synMTS_1_314_coa4	0.002	No mitochondrial presequence	52(MPP)	0.096		16-27-high	-	-	-	-	-	-	-	-	-	-	-	-	-	-	
synMTS_1_315_coa4	0.262	No mitochondrial presequence	33(MPP)	0.152	18-22	13-27-high	-	-	-	-	-	-	22-27	-	-	21-26	-	-	-	-	
synMTS_1_316_coa4	0.076	No mitochondrial presequence	14(MPP)	0.071	18-22	17-26-high	-	-	-	-	-	-	-	-	-	-	-	-	-	-	
synMTS_1_317_coa4	0.009	No mitochondrial presequence	69(MPP)	-0.087	73-77	19-28-low	-	-	-	-	-	-	-	-	-	-	-	-	-	-	
synMTS_1_318_coa4	0.007	No mitochondrial presequence	32(MPP)	-0.062	15-19	8-19-low	-	-	-	-	-	-	-	-	-	-	-	-	-	-	
synMTS_1_319_coa4	0.044	No mitochondrial presequence	40(MPP)	0.150	28-32	6-15-low	-	-	-	-	-	-	-	-	-	-	-	-	-	-	
synMTS_1_320_coa4	0.042	No mitochondrial presequence	26(MPP)	0.115	23-27	18-27-high	-	-	-	-	-	-	-	-	-	-	-	-	-	-	
synMTS_1_321_coa4	0.051	No mitochondrial presequence	15(MPP)	0.333		15-24-low	-	-	-	-	-	-	-	-	-	-	-	-	-	-	
synMTS_1_322_coa4	0.011	No mitochondrial presequence	34(MPP)	0.118		19-30-high	-	-	-	-	-	-	-	-	-	-	-	-	-	-	
synMTS_1_323_coa4	0.016	No mitochondrial presequence	20(MPP)	0.000		8-18-high	-	-	-	-	-	-	-	-	-	-	14-19	-	-	-	
synMTS_1_324_coa4	0.001	No mitochondrial presequence	85(MPP), 93(Oct1)	-0.082	10-14	4-14-low	-	-	-	-	-	-	-	-	-	-	-	-	-	-	
synMTS_1_325_coa4	0.166	No mitochondrial presequence	14(MPP), 15(Icp55)	-0.071	11-15	6-15-low	-	-	-	-	-	-	-	-	-	-	-	-	-	-	
synMTS_1_326_coa4	0.244	No mitochondrial presequence	24(MPP), 32(Oct1)	0.083	11-15,33-37	10-19-low	-	-	-	-	-	-	-	-	-	-	-	10-15	11-16	-	
synMTS_1_327_coa4	0.011	No mitochondrial presequence	11(MPP)	0.000	8-12	20-29-low	-	-	-	-	-	-	-	-	-	-	-	-	-	-	
synMTS_1_328_coa4	0.044	No mitochondrial presequence	14(MPP)	0.071	15-19	17-26-low	-	-	-	-	-	-	-	-	-	-	-	-	-	-	
synMTS_1_329_coa4	0.001	No mitochondrial presequence	44(MPP)	-0.091		10-19-low	-	-	-	-	-	-	-	-	-	-	-	-	-	-	
synMTS_1_330_coa4	0.005	No mitochondrial presequence	43(MPP)	-0.023	53-57	10-19-high	-	-	-	-	-	-	-	-	-	-	-	-	-	-	
synMTS_1_331_coa4	0.002	No mitochondrial presequence	34(MPP)	0.000	32-36,55-59	14-24-low	-	-	-	-	-	-	-	-	-	-	-	-	-	-	
synMTS_1_332_coa4	0.063	No mitochondrial presequence	21(MPP), 29(Oct1)	-0.095	18-22,48-52	18-29-high	-	-	-	-	-	-	-	-	-	-	-	-	18-23	-	
synMTS_1_333_coa4	0.039	No mitochondrial presequence	28(MPP)	0.000	4-8,49-53	21-30-high	-	-	-	-	-	-	-	-	-	-	-	-	-	-	
synMTS_1_334_coa4	0.024	No mitochondrial presequence	31(MPP)	0.129	56-60,65-69,93-97	11-22-high	-	-	-	-	-	-	-	-	-	-	-	-	-	-	
synMTS_1_335_coa4	0.005	No mitochondrial presequence	89(MPP)	-0.112		16-25-low	-	-	-	-	-	-	-	-	-	-	-	-	-	-	
synMTS_1_336_coa4	0.008	No mitochondrial presequence	38(MPP)	-0.053		6-15-low	-	-	-	-	-	-	-	-	-	-	-	-	-	-	
synMTS_1_337_coa4	0.058	No mitochondrial presequence	61(MPP)	0.049	11-15,14-18	10-19-high	-	-	-	-	-	-	-	-	-	-	-	-	-	-	
synMTS_1_338_coa4	0.029	No mitochondrial presequence	24(MPP)	-0.042	96-100	20-29-low	-	-	-	-	-	-	-	-	-	-	-	-	-	-	
synMTS_1_339_coa4	0.010	No mitochondrial presequence	22(MPP)	-0.045		6-15-low	-	-	-	-	-	-	-	-	-	-	-	-	-	-	
synMTS_1_340_coa4	0.002	No mitochondrial presequence	6(MPP)	0.167		1-12-low	-	-	-	-	-	-	-	-	-	-	-	-	-	-	
synMTS_1_341_coa4	0.029	No mitochondrial presequence	26(MPP)	0.154	37-41	19-28-low	-	-	-	-	-	-	-	-	-	-	-	-	-	-	
synMTS_1_342_coa4	0.023	No mitochondrial presequence	67(MPP)	-0.015		17-26-low	-	-	-	-	-	-	-	-	-	-	-	-	-	-	
synMTS_1_343_coa4	0.015	No mitochondrial presequence	62(MPP)	0.032	27-31,32-36,59-63	19-30-low	-	-	-	-	-	-	-	-	-	-	-	-	-	-	
synMTS_1_344_coa4	0.006	No mitochondrial presequence	47(MPP)	0.000	41-45,45-49,65-69,92-96	9-18-low	-	-	-	-	-	-	-	-	-	-	-	-	-	-	
synMTS_1_345_coa4	0.033	No mitochondrial presequence	29(MPP)	0.000	10-14	8-18-high	-	-	-	-	-	-	-	-	-	-	-	-	-	-	
synMTS_1_346_coa4	0.012	No mitochondrial presequence	15(MPP)	0.000	41-45	21-30-low	-	-	-	-	-	-	25-30	-	-	-	-	-	-	-	
synMTS_1_347_coa4	0.044	No mitochondrial presequence	48(MPP)	0.042		9-18-high	-	-	-	-	-	-	-	-	-	-	-	-	-	-	
synMTS_1_348_coa4	0.024	No mitochondrial presequence	60(MPP)	-0.067		20-29-high	-	-	-	-	-	-	-	-	-	-	-	-	-	-	
synMTS_1_349_coa4	0.031	No mitochondrial presequence	38(MPP)	0.026	12-16,20-24,74-78	8-17-high	-	-	-	-	-	-	-	-	-	-	-	-	-	-	
synMTS_1_350_coa4	0.005	No mitochondrial presequence	20(MPP)	-0.100		21-30-high	-	-	-	-	-	-	-	-	-	-	-	-	-	-	
synMTS_1_351_coa4	0.077	No mitochondrial presequence	66(MPP)	0.061	5-9,9-13,15-19,18-22	14-23-high	-	-	-	-	-	-	-	-	-	-	-	8-13	5-10	-	
synMTS_1_352_coa4	0.035	No mitochondrial presequence	14(MPP)	0.000	54-58	14-23-high	-	-	-	-	-	-	-	-	-	-	-	-	-	-	
synMTS_1_353_coa4	0.079	No mitochondrial presequence	15(MPP)	0.000		4-13-low	-	-	-	-	-	-	-	-	-	-	-	-	-	-	
synMTS_1_354_coa4	0.018	No mitochondrial presequence	70(MPP)	-0.014	1-5,94-98	1-10-high	-	-	-	-	-	-	-	-	-	-	-	-	1-6	-	
synMTS_1_355_coa4	0.013	No mitochondrial presequence	43(MPP)	0.023	28-32	21-30-high	-	-	-	-	-	-	-	-	-	-	-	-	-	-	
synMTS_1_356_coa4	0.006	No mitochondrial presequence	46(MPP)	-0.043		13-22-low	-	-	-	-	-	-	-	-	-	-	-	-	-	-	
synMTS_1_357_coa4	0.009	No mitochondrial presequence	75(MPP)	-0.093		3-14-high	-	-	-	-	-	-	-	10-15	-	-	-	-	-	-	
synMTS_1_358_coa4	0.060	No mitochondrial presequence	60(MPP)	0.017	11-15,14-18,46-50	10-19-high	-	-	-	-	-	-	-	-	-	-	-	-	-	-	
synMTS_1_359_coa4	0.000	No mitochondrial presequence	79(MPP)	-0.152		11-20-low	-	-	-	-	-	-	-	-	-	-	-	-	-	-	
synMTS_1_360_coa4	0.004	No mitochondrial presequence	62(MPP)	-0.048	51-55	4-13-low	-	-	-	-	-	-	-	-	-	-	-	-	-	-	
synMTS_1_361_coa4	0.185	No mitochondrial presequence	27(MPP), 28(Icp55)	0.185		20-30-high	-	15-20	-	-	-	-	-	-	-	-	-	-	-	-	
synMTS_1_362_coa4	0.048	No mitochondrial presequence	21(MPP)	0.048	70-74	1-10-low	-	6-11	-	-	-	4-9	-	-	-	3-8	-	-	-	-	
synMTS_1_363_coa4	0.006	No mitochondrial presequence	30(MPP)	0.067	4-8	1-10-high	-	-	-	-	-	-	-	-	-	-	-	-	-	-	
synMTS_1_364_coa4	0.039	No mitochondrial presequence	28(MPP)	0.036	25-29	3-12-low	-	-	-	-	-	-	-	-	-	-	-	-	-	-	
synMTS_1_365_coa4	0.000	No mitochondrial presequence	35(MPP)	-0.029	28-32	12-21-low	-	-	-	-	-	-	-	-	-	-	-	-	-	-	
synMTS_1_366_coa4	0.155	No mitochondrial presequence	28(MPP)	0.107	62-66	7-16-high	-	-	-	-	-	-	-	12-17	-	-	-	-	-	11-16	
synMTS_1_367_coa4	0.002	No mitochondrial presequence	32(MPP)	0.000	66-70	20-29-low	-	-	-	-	-	-	-	-	-	-	-	-	-	-	
synMTS_1_368_coa4	0.011	No mitochondrial presequence	33(MPP)	-0.061		12-21-low	-	-	-	-	-	-	-	-	-	-	-	-	-	-	
synMTS_1_369_coa4	0.003	No mitochondrial presequence	22(MPP)	-0.136		12-21-high	-	-	-	-	-	-	-	-	-	-	-	-	-	-	
synMTS_1_370_coa4	0.002	No mitochondrial presequence	33(MPP)	-0.091	30-34,63-67	3-12-low	-	-	-	-	-	-	-	-	-	-	-	-	-	-	
synMTS_1_371_coa4	0.000	No mitochondrial presequence	25(MPP)	-0.160		17-28-low	-	-	-	-	-	-	-	-	-	-	-	-	-	-	
synMTS_1_372_coa4	0.009	No mitochondrial presequence	31(MPP)	-0.032		14-23-low	-	-	-	-	-	-	-	-	-	-	-	-	-	-	
synMTS_1_373_coa4	0.005	No mitochondrial presequence	24(MPP)	0.167	21-25	13-22-low	-	-	-	-	-	-	-	-	-	-	-	-	-	-	
synMTS_1_374_coa4	0.007	No mitochondrial presequence	10(MPP)	0.200		13-22-low	-	-	-	-	-	-	-	-	-	-	-	-	-	-	
synMTS_1_375_coa4	0.011	No mitochondrial presequence	27(MPP)	0.000		6-15-high	-	-	-	-	-	-	-	-	-	-	-	-	-	-	
synMTS_1_376_coa4	0.035	No mitochondrial presequence	28(MPP)	0.036		6-17-low	-	-	-	-	-	-	-	-	-	-	-	-	-	-	
synMTS_1_377_coa4	0.012	No mitochondrial presequence	52(MPP)	0.038	26-30	14-23-low	-	-	-	-	-	-	-	-	-	-	-	-	-	-	
synMTS_1_378_coa4	0.005	No mitochondrial presequence	53(MPP)	0.057	76-80	2-13-low	-	-	-	-	-	-	-	-	-	-	-	-	-	-	
synMTS_1_379_coa4	0.043	No mitochondrial presequence	35(MPP)	0.057		20-29-high	-	-	-	-	-	-	-	-	-	-	-	-	-	-	
synMTS_1_380_coa4	0.061	No mitochondrial presequence	14(MPP)	0.071	11-15,15-19	10-19-high	-	-	-	-	-	-	-	-	-	-	-	-	-	-	
synMTS_1_381_coa4	0.051	No mitochondrial presequence	46(MPP)	0.043		14-23-low	-	-	-	-	-	-	-	-	-	-	-	-	-	-	
synMTS_1_382_coa4	0.088	No mitochondrial presequence	42(MPP)	0.048	42-46,45-49	15-24-high	-	-	-	-	-	10-15	-	-	-	9-14	-	-	-	-	
synMTS_1_383_coa4	0.150	No mitochondrial presequence	17(MPP)	0.176	8-12,11-15,14-18,62-66,69-73,94-98	7-16-high	-	-	-	-	11-16	-	-	-	6-11	-	5-10	-	-	-	
synMTS_1_384_coa4	0.006	No mitochondrial presequence	29(MPP)	-0.069		9-18-low	-	-	-	-	-	-	-	-	-	-	-	-	-	-	
synMTS_1_385_coa4	0.547	Possessing mitochondrial presequence	16(MPP)	0.188		11-21-high	-	-	-	-	-	-	-	-	-	-	-	-	-	-	
synMTS_1_386_coa4	0.098	No mitochondrial presequence	22(MPP)	0.045	28-32,74-78,87-91	1-12-low	-	-	-	-	-	-	-	-	-	-	-	-	-	-	
synMTS_1_387_coa4	0.058	No mitochondrial presequence	55(MPP)	0.018	25-29,44-48,80-84	2-11-low	-	-	-	-	-	-	-	-	-	-	-	-	-	-	
synMTS_1_388_coa4	0.415	Possessing mitochondrial presequence	13(MPP)	0.154	48-52,51-55	6-18-high	-	-	-	-	-	-	20-25	-	-	19-24	-	-	-	-	
synMTS_1_389_coa4	0.189	No mitochondrial presequence	45(MPP), 46(Icp55)	0.022	3-7,42-46,52-56	3-12-high	-	-	-	-	-	-	-	-	-	-	-	-	-	-	
synMTS_1_390_coa4	0.055	No mitochondrial presequence	28(MPP)	0.036		1-10-low	-	-	-	-	-	-	-	2-7	-	1-6	-	-	-	-	
synMTS_1_391_coa4	0.000	No mitochondrial presequence	21(MPP)	-0.048		20-29-low	-	-	-	-	-	-	-	-	-	-	-	-	-	-	
synMTS_1_392_coa4	0.008	No mitochondrial presequence	40(MPP)	0.000	43-47,50-54	21-30-low	-	-	-	-	-	-	-	-	-	-	-	-	-	-	
synMTS_1_393_coa4	0.004	No mitochondrial presequence	37(MPP)	0.027		10-19-low	-	-	-	-	-	-	-	-	-	-	-	-	-	-	
synMTS_1_394_coa4	0.033	No mitochondrial presequence	26(MPP)	0.115		10-19-low	-	-	-	-	-	-	-	-	-	-	-	-	-	-	
synMTS_1_395_coa4	0.049	No mitochondrial presequence	46(MPP)	0.043	47-51	4-13-low	-	-	-	-	-	-	-	-	-	-	-	-	-	-	
synMTS_1_396_coa4	0.055	No mitochondrial presequence	25(MPP)	0.040	14-18,32-36,36-40	9-18-high	-	-	-	-	-	-	-	-	-	-	-	-	-	-	
synMTS_1_397_coa4	0.019	No mitochondrial presequence	73(MPP)	0.068	8-12,70-74,81-85	20-29-low	-	-	-	-	-	-	-	-	-	-	-	-	-	-	
synMTS_1_398_coa4	0.002	No mitochondrial presequence	45(MPP)	-0.044		1-13-low	-	-	-	-	-	-	-	-	-	-	-	-	-	-	
synMTS_1_399_coa4	0.000	No mitochondrial presequence	65(MPP)	-0.031	24-28	17-26-low	-	-	-	-	-	-	-	-	-	-	-	-	-	-	
synMTS_1_400_coa4	0.051	No mitochondrial presequence	48(MPP)	0.021		16-26-low	-	-	-	-	-	-	-	-	-	-	-	-	-	-	
synMTS_2_201_coa4	0.012	No mitochondrial presequence	73(MPP)	0.014	2-6,38-42	18-29-low	-	-	-	-	-	-	-	-	-	-	-	-	-	-	
synMTS_2_202_coa4	0.048	No mitochondrial presequence	50(MPP)	0.040		21-30-high	-	-	-	-	-	-	-	-	4-9	-	-	-	-	-	
synMTS_2_203_coa4	0.002	No mitochondrial presequence	46(MPP)	-0.109		4-13-low	-	-	-	-	-	-	-	-	-	-	-	-	-	-	
synMTS_2_204_coa4	0.001	No mitochondrial presequence	93(MPP)	-0.022	35-39	1-10-high	-	-	-	-	-	-	-	-	-	-	-	-	-	-	
synMTS_2_205_coa4	0.065	No mitochondrial presequence	6(MPP)	0.167	12-16,47-51,70-74	7-16-low	-	-	-	-	-	-	-	-	-	-	-	-	-	-	
synMTS_2_206_coa4	0.072	No mitochondrial presequence	15(MPP)	0.067	15-19	14-23-high	-	-	-	-	-	-	-	-	-	-	-	-	-	-	
synMTS_2_207_coa4	0.037	No mitochondrial presequence	46(MPP)	0.022		19-29-high	-	-	-	-	-	-	-	-	18-23	-	17-22	-	-	-	
synMTS_2_208_coa4	0.004	No mitochondrial presequence	8(MPP)	0.000	34-38	1-10-low	-	-	-	-	-	-	-	-	-	-	-	-	-	-	
synMTS_2_209_coa4	0.001	No mitochondrial presequence	67(MPP)	-0.015	79-83	3-14-low	-	-	-	-	-	-	-	-	-	-	-	-	-	-	
synMTS_2_210_coa4	0.012	No mitochondrial presequence	84(MPP)	-0.060	14-18	12-21-high	-	-	-	11-16	-	-	-	-	-	-	-	-	-	-	
synMTS_2_211_coa4	0.118	No mitochondrial presequence	22(MPP)	0.136	2-6,19-23	18-27-high	-	-	-	-	-	-	-	-	-	-	-	-	-	-	
synMTS_2_212_coa4	0.032	No mitochondrial presequence	35(MPP), 43(Oct1)	0.000	2-6,20-24,66-70	9-18-low	-	-	-	-	-	-	-	-	18-23	-	-	-	-	-	
synMTS_2_213_coa4	0.019	No mitochondrial presequence	70(MPP)	0.057		21-30-low	-	-	-	-	-	-	-	-	-	-	-	-	-	12-17	
synMTS_2_214_coa4	0.214	No mitochondrial presequence	11(MPP)	0.182	9-13,65-69	7-16-high	-	-	-	-	-	-	-	-	-	-	-	-	-	-	
synMTS_2_215_coa4	0.006	No mitochondrial presequence	54(MPP)	-0.093		15-24-low	-	-	-	-	-	-	-	-	-	-	-	-	-	-	
synMTS_2_216_coa4	0.031	No mitochondrial presequence	62(MPP)	-0.048		13-22-low	-	-	-	-	-	-	-	-	-	-	-	-	-	-	
synMTS_2_217_coa4	0.008	No mitochondrial presequence	63(MPP)	-0.048	60-64	16-26-low	-	-	-	-	-	-	-	-	-	-	-	-	-	-	
synMTS_2_218_coa4	0.028	No mitochondrial presequence	47(MPP)	0.043	3-7	21-30-low	-	-	-	-	-	-	-	-	-	-	-	-	-	-	
synMTS_2_219_coa4	0.006	No mitochondrial presequence	87(MPP)	0.034		20-29-low	-	-	-	-	-	-	-	-	-	-	-	-	-	-	
synMTS_2_220_coa4	0.040	No mitochondrial presequence	58(MPP)	0.000		10-19-low	-	-	-	-	-	-	10-15	-	-	9-14	-	-	-	-	
synMTS_2_221_coa4	0.011	No mitochondrial presequence	91(MPP)	-0.088		16-26-low	-	-	-	-	-	-	-	-	-	-	-	-	-	-	
synMTS_2_222_coa4	0.000	No mitochondrial presequence	48(MPP)	-0.062	45-49	11-20-low	-	-	-	-	-	-	-	-	-	-	-	-	-	-	
synMTS_2_223_coa4	0.014	No mitochondrial presequence	71(MPP)	-0.056	23-27,29-33,68-72,88-92	2-11-low	-	-	-	-	-	-	-	-	-	-	-	-	-	-	
synMTS_2_224_coa4	0.004	No mitochondrial presequence	53(MPP)	-0.075	81-85	1-10-low	-	-	-	-	-	-	-	-	-	-	-	-	-	-	
synMTS_2_225_coa4	0.024	No mitochondrial presequence	34(MPP)	-0.147		2-15-low	22-27	-	-	-	-	-	-	-	-	-	-	-	-	-	
synMTS_2_226_coa4	0.135	No mitochondrial presequence	22(MPP)	0.136	4-8,27-31	21-30-high	-	-	-	-	-	-	-	-	-	-	-	-	-	-	
synMTS_2_227_coa4	0.012	No mitochondrial presequence	41(MPP)	0.000		2-11-low	-	-	-	-	-	-	-	-	-	-	-	-	-	-	
synMTS_2_228_coa4	0.058	No mitochondrial presequence	41(MPP)	0.049	38-42	1-10-high	-	-	-	-	-	-	-	-	-	-	-	-	-	-	
synMTS_2_229_coa4	0.014	No mitochondrial presequence	13(MPP)	-0.077		10-19-high	-	-	-	-	-	-	-	-	-	-	-	-	-	-	
synMTS_2_230_coa4	0.000	No mitochondrial presequence	47(MPP)	-0.085		17-26-low	-	-	-	-	-	-	-	-	-	-	-	-	-	-	
synMTS_2_231_coa4	0.035	No mitochondrial presequence	50(MPP)	-0.060		10-19-low	-	-	-	-	-	-	-	-	-	-	-	-	-	-	
synMTS_2_232_coa4	0.050	No mitochondrial presequence	61(MPP)	0.082	44-48,50-54	13-22-low	-	-	-	-	-	-	-	-	-	-	-	-	-	-	
synMTS_2_233_coa4	0.001	No mitochondrial presequence	46(MPP)	-0.043	38-42	20-30-high	-	-	-	-	-	-	-	-	-	-	-	-	-	-	
synMTS_2_234_coa4	0.034	No mitochondrial presequence	6(MPP)	-0.167	21-25,27-31	18-27-low	-	-	-	-	-	-	-	-	-	-	-	20-25	21-26	-	
synMTS_2_235_coa4	0.012	No mitochondrial presequence	26(MPP)	0.077	7-11	4-13-high	-	-	-	-	-	-	-	-	-	-	-	-	-	-	
synMTS_2_236_coa4	0.023	No mitochondrial presequence	45(MPP)	0.000	6-10,25-29,35-39	19-28-low	-	-	-	-	-	-	-	-	-	-	-	-	-	-	
synMTS_2_237_coa4	0.153	No mitochondrial presequence	69(MPP)	0.116	26-30,63-67,67-71	3-12-high	-	-	-	-	-	-	-	-	-	-	-	-	-	-	
synMTS_2_238_coa4	0.007	No mitochondrial presequence	74(MPP)	-0.068		16-25-low	-	-	-	-	-	-	-	-	-	-	-	-	-	-	
synMTS_2_239_coa4	0.003	No mitochondrial presequence	22(MPP)	0.000		16-25-high	-	-	-	-	-	-	-	-	-	-	-	-	-	-	
synMTS_2_240_coa4	0.014	No mitochondrial presequence	51(MPP)	-0.039	27-31,35-39,40-44,85-89	5-14-high	-	-	-	-	-	-	-	-	-	-	-	-	-	-	
synMTS_2_241_coa4	0.013	No mitochondrial presequence	36(MPP)	0.000	78-82,88-92	16-25-low	-	-	-	-	-	-	-	-	-	-	-	-	-	-	
synMTS_2_242_coa4	0.030	No mitochondrial presequence	48(MPP)	0.000	17-21,50-54,79-83,91-95	16-25-high	-	-	-	-	-	-	-	-	-	-	-	-	-	-	
synMTS_2_243_coa4	0.009	No mitochondrial presequence	71(MPP)	-0.042		17-26-low	-	-	-	-	-	-	-	-	-	-	-	-	-	-	
synMTS_2_244_coa4	0.036	No mitochondrial presequence	24(MPP)	-0.083		1-10-low	-	-	-	-	-	-	-	-	-	-	-	-	-	-	
synMTS_2_245_coa4	0.035	No mitochondrial presequence	39(MPP)	-0.026		9-18-low	-	-	-	-	-	-	-	-	-	-	-	-	-	-	
synMTS_2_246_coa4	0.067	No mitochondrial presequence	27(MPP)	0.037	1-5,79-83	12-23-low	-	-	-	-	-	-	-	-	-	-	-	-	-	-	
synMTS_2_247_coa4	0.154	No mitochondrial presequence	6(MPP), 7(Icp55)	0.333		15-26-high	-	-	-	-	-	-	-	-	-	-	-	-	-	-	
synMTS_2_248_coa4	0.003	No mitochondrial presequence	59(MPP)	0.000	13-17,85-89	6-15-low	-	-	-	-	-	-	-	-	-	-	-	-	-	-	
synMTS_2_249_coa4	0.037	No mitochondrial presequence	11(MPP)	0.000	57-61	14-23-high	-	-	-	-	-	-	-	-	-	-	12-17	-	-	-	
synMTS_2_250_coa4	0.050	No mitochondrial presequence	61(MPP)	0.066		7-16-high	-	-	-	-	-	-	-	-	-	-	-	-	-	-	
synMTS_2_251_coa4	0.000	No mitochondrial presequence	31(MPP)	-0.161		6-16-low	-	-	-	-	-	-	-	-	-	-	-	-	-	-	
synMTS_2_252_coa4	0.051	No mitochondrial presequence	22(MPP)	0.182	35-39	1-10-low	-	-	-	-	-	-	-	-	-	-	-	-	-	-	
synMTS_2_253_coa4	0.076	No mitochondrial presequence	66(MPP)	-0.015	5-9,11-15,63-67,74-78	1-10-high	-	-	-	-	-	-	-	-	-	-	-	-	-	-	
synMTS_2_254_coa4	0.088	No mitochondrial presequence	21(MPP)	0.143	81-85	9-18-high	-	-	-	-	-	-	-	-	-	-	-	-	-	-	
synMTS_2_255_coa4	0.001	No mitochondrial presequence	54(MPP)	-0.037		21-30-low	-	-	-	-	-	-	-	-	-	-	-	-	-	-	
synMTS_2_256_coa4	0.002	No mitochondrial presequence	25(MPP)	-0.080		6-17-low	-	-	-	-	-	-	-	-	-	-	-	-	-	-	
synMTS_2_257_coa4	0.017	No mitochondrial presequence	89(MPP)	0.034		6-15-low	-	-	-	-	-	-	-	-	-	-	-	-	-	-	
synMTS_2_258_coa4	0.023	No mitochondrial presequence	87(MPP)	0.000	24-28,84-88	3-12-low	-	-	-	-	-	-	-	-	-	-	-	-	-	-	
synMTS_2_259_coa4	0.076	No mitochondrial presequence	53(MPP)	0.038	1-5,27-31	1-10-low	3-8	-	-	-	-	-	-	-	-	-	-	-	-	-	
synMTS_2_260_coa4	0.080	No mitochondrial presequence	30(MPP)	0.067		17-26-high	-	-	-	-	-	-	-	-	-	-	-	-	-	-	
synMTS_2_261_coa4	0.026	No mitochondrial presequence	54(MPP)	0.167	20-24	8-17-low	-	-	-	-	-	-	-	-	-	-	-	-	-	-	
synMTS_2_262_coa4	0.072	No mitochondrial presequence	73(MPP)	0.000	1-5,23-27,27-31,70-74	1-10-high	-	-	-	-	23-28	-	-	-	-	-	-	-	-	-	
synMTS_2_263_coa4	0.005	No mitochondrial presequence	55(MPP)	-0.073	52-56	19-28-low	-	-	-	-	-	-	-	-	-	-	-	-	-	-	
synMTS_2_264_coa4	0.003	No mitochondrial presequence	39(MPP)	0.051		6-15-low	-	-	-	-	-	-	-	-	-	-	-	-	-	-	
synMTS_2_265_coa4	0.001	No mitochondrial presequence	84(MPP)	0.024	58-62	11-20-low	-	-	-	-	-	-	-	-	-	-	-	-	-	-	
synMTS_2_266_coa4	0.045	No mitochondrial presequence	20(MPP)	0.000	27-31,30-34	15-24-high	-	-	-	-	-	-	-	-	-	-	-	-	-	-	
synMTS_2_267_coa4	0.004	No mitochondrial presequence	20(MPP)	-0.200		20-29-high	-	-	-	-	-	-	-	-	-	-	-	-	-	-	
synMTS_2_268_coa4	0.004	No mitochondrial presequence	63(MPP)	-0.032	45-49	7-16-low	-	-	-	-	-	-	-	-	-	-	-	-	-	-	
synMTS_2_269_coa4	0.009	No mitochondrial presequence	58(MPP)	-0.103	25-29	19-28-low	-	-	-	-	-	-	-	-	-	-	-	-	-	-	
synMTS_2_270_coa4	0.019	No mitochondrial presequence	31(MPP)	0.097	39-43,49-53	2-11-high	-	-	-	-	-	-	-	-	-	-	-	-	-	-	
synMTS_2_271_coa4	0.000	No mitochondrial presequence	44(MPP)	-0.091	36-40	4-13-low	-	-	-	-	-	-	-	-	-	-	-	-	-	-	
synMTS_2_272_coa4	0.006	No mitochondrial presequence	37(MPP)	-0.054	34-38,80-84	6-15-low	-	-	-	-	-	-	-	-	-	-	-	-	-	-	
synMTS_2_273_coa4	0.042	No mitochondrial presequence	62(MPP)	0.081	42-46,59-63	14-23-high	-	-	-	-	-	-	-	-	-	-	-	-	-	-	
synMTS_2_274_coa4	0.027	No mitochondrial presequence	49(MPP)	-0.020	46-50,63-67	17-26-high	-	-	-	-	-	-	-	-	-	-	-	-	-	-	
synMTS_2_275_coa4	0.003	No mitochondrial presequence	23(MPP)	-0.130	20-24	20-30-high	-	-	-	-	20-25	-	-	-	-	-	-	-	-	-	
synMTS_2_276_coa4	0.003	No mitochondrial presequence	70(MPP)	-0.071	87-91	1-10-low	-	-	-	-	-	-	-	-	-	-	-	-	-	-	
synMTS_2_277_coa4	0.006	No mitochondrial presequence	42(MPP)	0.024	31-35	4-15-low	-	-	-	-	-	-	-	-	-	-	-	-	-	-	
synMTS_2_278_coa4	0.028	No mitochondrial presequence	45(MPP)	0.022	34-38	14-24-low	-	-	-	-	-	-	-	-	-	-	-	-	-	-	
synMTS_2_279_coa4	0.057	No mitochondrial presequence	30(MPP)	0.033	8-12	2-11-high	-	-	-	-	-	-	-	-	-	-	-	7-12	8-13	-	
synMTS_2_280_coa4	0.027	No mitochondrial presequence	55(MPP)	0.018		2-11-high	-	-	-	-	-	-	-	-	-	-	-	-	-	-	
synMTS_2_281_coa4	0.019	No mitochondrial presequence	27(MPP)	0.000		8-17-low	2-7	-	-	-	-	-	-	-	-	-	-	-	-	-	
synMTS_2_282_coa4	0.012	No mitochondrial presequence	64(MPP)	-0.031	21-25,46-50	19-28-low	-	-	-	-	-	-	-	-	-	-	-	-	-	-	
synMTS_2_283_coa4	0.061	No mitochondrial presequence	27(MPP), 28(Icp55)	0.074	8-12	4-13-high	-	-	-	-	-	-	-	-	-	-	-	-	-	-	
synMTS_2_284_coa4	0.000	No mitochondrial presequence	64(MPP)	-0.109		16-25-low	-	-	-	-	-	-	-	-	-	-	-	-	-	-	
synMTS_2_285_coa4	0.007	No mitochondrial presequence	13(MPP)	-0.077	75-79	14-23-low	-	-	-	-	-	-	-	-	-	-	-	-	-	-	
synMTS_2_286_coa4	0.048	No mitochondrial presequence	23(MPP)	0.043		15-24-high	-	-	-	-	-	-	-	-	-	-	-	-	-	-	
synMTS_2_287_coa4	0.003	No mitochondrial presequence	46(MPP)	-0.022		21-30-low	-	-	-	-	-	-	-	-	-	-	-	-	-	-	
synMTS_2_288_coa4	0.058	No mitochondrial presequence	61(MPP), 62(Icp55)	0.115	71-75	13-22-high	-	-	-	-	-	-	-	-	15-20	-	-	-	-	-	
synMTS_2_289_coa4	0.032	No mitochondrial presequence	71(MPP)	0.099		14-23-high	-	-	-	-	-	-	-	-	-	-	-	-	-	-	
synMTS_2_290_coa4	0.132	No mitochondrial presequence	10(MPP)	0.200		10-21-high	-	-	-	-	-	-	-	-	-	-	-	-	-	-	
synMTS_2_291_coa4	0.085	No mitochondrial presequence	10(MPP)	0.400	66-70,87-91	17-26-low	-	-	-	-	-	-	7-12	-	-	6-11	-	-	-	-	
synMTS_2_292_coa4	0.030	No mitochondrial presequence	52(MPP)	0.096	32-36,44-48	21-30-low	-	-	-	-	-	-	-	-	-	-	-	-	-	-	
synMTS_2_293_coa4	0.028	No mitochondrial presequence	49(MPP)	0.020	39-43	5-16-low	-	-	-	-	-	-	-	-	-	-	-	-	-	-	
synMTS_2_294_coa4	0.024	No mitochondrial presequence	62(MPP)	0.065		10-21-low	-	-	-	-	-	-	25-30	-	-	24-29	-	-	-	-	
synMTS_2_295_coa4	0.009	No mitochondrial presequence	79(MPP)	0.013	72-76	18-27-low	-	-	-	-	-	-	-	-	-	-	-	-	-	-	
synMTS_2_296_coa4	0.057	No mitochondrial presequence	67(MPP)	-0.015	39-43	6-16-high	-	-	-	-	-	-	-	-	-	-	-	-	-	-	
synMTS_2_297_coa4	0.029	No mitochondrial presequence	26(MPP)	0.154	12-16,79-83,83-87	5-14-high	-	-	-	-	-	-	-	-	-	-	-	-	-	-	
synMTS_2_298_coa4	0.334	No mitochondrial presequence	34(MPP)	0.088	6-10,52-56,70-74	8-17-high	-	-	-	-	-	-	-	-	-	-	-	-	-	-	
synMTS_2_299_coa4	0.223	No mitochondrial presequence	8(MPP)	0.125	95-99	11-20-low	-	-	-	-	-	-	-	-	-	-	-	-	-	-	
synMTS_2_300_coa4	0.023	No mitochondrial presequence	91(MPP)	0.022		14-29-low	-	-	-	-	-	-	-	-	-	-	-	-	-	-	
synMTS_2_301_coa4	0.021	No mitochondrial presequence	45(MPP)	0.000	39-43,42-46,65-69	10-19-low	-	-	-	-	-	-	-	-	-	-	-	-	-	-	
synMTS_2_302_coa4	0.046	No mitochondrial presequence	21(MPP)	0.000	56-60,72-76	9-18-low	-	-	-	-	-	-	-	-	-	-	-	-	-	-	
synMTS_2_303_coa4	0.082	No mitochondrial presequence	46(MPP)	0.043		18-27-high	-	-	-	-	-	-	-	-	-	-	-	-	-	-	
synMTS_2_304_coa4	0.112	No mitochondrial presequence	91(MPP)	0.154	3-7,18-22,88-92	17-26-high	-	-	-	-	-	-	-	-	16-21	-	15-20	2-7	-	-	
synMTS_2_305_coa4	0.061	No mitochondrial presequence	50(MPP)	-0.060	33-37,47-51	11-20-high	-	-	-	-	-	11-16	-	-	-	10-15	-	-	-	-	
synMTS_2_306_coa4	0.018	No mitochondrial presequence	61(MPP)	0.000		21-30-low	-	-	-	-	-	-	-	-	-	-	-	-	-	-	
synMTS_2_307_coa4	0.233	No mitochondrial presequence	25(MPP)	0.120	10-14,13-17,17-21,45-49,81-85	10-19-high	-	-	-	-	-	-	-	-	-	-	-	-	-	-	
synMTS_2_308_coa4	0.003	No mitochondrial presequence	87(MPP)	-0.034	24-28,41-45	9-18-low	-	-	-	-	-	-	-	-	-	-	-	-	-	-	
synMTS_2_309_coa4	0.036	No mitochondrial presequence	59(MPP)	-0.051	14-18,35-39	14-23-high	-	-	-	-	-	-	-	-	-	-	19-24	-	-	-	
synMTS_2_310_coa4	0.002	No mitochondrial presequence	76(MPP)	-0.013	1-5,5-9,44-48	1-11-high	-	-	-	-	-	-	-	-	-	-	-	-	-	-	
synMTS_2_311_coa4	0.006	No mitochondrial presequence	73(MPP)	-0.068		7-16-high	-	-	-	-	-	-	-	-	-	-	-	-	-	-	
synMTS_2_312_coa4	0.023	No mitochondrial presequence	47(MPP)	0.021		12-23-high	-	-	-	-	-	-	-	-	-	-	-	-	-	-	
synMTS_2_313_coa4	0.064	No mitochondrial presequence	19(MPP)	0.105	13-17	2-11-low	-	-	-	-	-	-	-	-	-	-	-	-	-	-	
synMTS_2_314_coa4	0.032	No mitochondrial presequence	45(MPP)	0.022		4-13-low	-	-	-	-	-	-	-	-	-	-	-	-	-	-	
synMTS_2_315_coa4	0.003	No mitochondrial presequence	12(MPP)	0.167	9-13	20-29-low	-	-	-	-	-	-	-	-	-	-	-	-	-	-	
synMTS_2_316_coa4	0.011	No mitochondrial presequence	73(MPP)	0.000	70-74	10-19-low	-	-	-	-	-	-	-	-	-	-	-	-	-	-	
synMTS_2_317_coa4	0.003	No mitochondrial presequence	45(MPP)	-0.067	17-21,51-55	1-10-low	-	-	-	-	17-22	-	-	-	-	-	-	-	-	-	
synMTS_2_318_coa4	0.009	No mitochondrial presequence	51(MPP)	-0.039	40-44	21-30-low	-	-	-	-	-	-	-	-	-	-	-	-	-	-	
synMTS_2_319_coa4	0.011	No mitochondrial presequence	87(MPP)	-0.023		12-21-low	-	-	-	-	-	-	-	-	-	-	-	-	-	-	
synMTS_2_320_coa4	0.018	No mitochondrial presequence	56(MPP)	0.089		21-30-low	-	-	-	-	-	-	-	-	-	-	-	-	-	-	
synMTS_2_321_coa4	0.024	No mitochondrial presequence	84(MPP)	-0.012		17-28-high	-	-	-	-	-	-	-	-	-	-	-	-	-	-	
synMTS_2_322_coa4	0.019	No mitochondrial presequence	51(MPP)	0.020		19-29-low	-	-	-	-	-	-	-	-	-	-	-	-	-	-	
synMTS_2_323_coa4	0.153	No mitochondrial presequence	42(MPP)	0.024	65-69	2-11-low	-	-	-	-	-	-	-	-	-	-	-	-	-	-	
synMTS_2_324_coa4	0.011	No mitochondrial presequence	46(MPP)	0.000	9-13	9-18-low	-	-	-	-	-	-	-	-	-	-	-	-	-	-	
synMTS_2_325_coa4	0.065	No mitochondrial presequence	22(MPP)	0.045	12-16,28-32	12-21-high	-	-	-	-	-	-	-	-	-	-	-	11-16	-	-	
synMTS_2_326_coa4	0.003	No mitochondrial presequence	31(MPP)	-0.097		1-10-low	-	-	-	-	-	-	-	-	-	-	-	-	-	-	
synMTS_2_327_coa4	0.017	No mitochondrial presequence	21(MPP)	-0.095		1-11-low	-	-	-	-	-	-	-	-	-	-	-	-	-	-	
synMTS_2_328_coa4	0.148	No mitochondrial presequence	15(MPP)	0.133	6-10,9-13,81-85	2-11-high	-	-	-	-	6-11,9-14	-	-	-	-	-	-	-	-	-	
synMTS_2_329_coa4	0.021	No mitochondrial presequence	17(MPP)	0.118	1-5,7-11,42-46	13-24-low	-	-	-	-	-	-	-	-	-	-	11-16	-	-	-	
synMTS_2_330_coa4	0.091	No mitochondrial presequence	26(MPP)	0.000		12-22-high	-	-	-	-	-	-	-	-	-	-	-	-	-	-	
synMTS_2_331_coa4	0.174	No mitochondrial presequence	36(MPP)	0.222	90-94	5-19-high	-	-	-	-	-	-	-	-	-	-	-	-	-	-	
synMTS_2_332_coa4	0.010	No mitochondrial presequence	23(MPP)	-0.087		13-22-high	-	-	-	-	-	-	-	-	-	-	-	-	-	-	
synMTS_2_333_coa4	0.001	No mitochondrial presequence	35(MPP)	0.057		12-21-low	-	-	-	-	-	-	-	-	-	-	-	-	-	-	
synMTS_2_334_coa4	0.005	No mitochondrial presequence	42(MPP)	-0.024		16-25-low	-	-	-	-	-	-	-	-	-	-	-	-	-	-	
synMTS_2_335_coa4	0.028	No mitochondrial presequence	89(MPP)	-0.011	1-5,86-90	20-29-low	-	-	-	-	-	-	-	-	-	-	-	-	-	-	
synMTS_2_336_coa4	0.013	No mitochondrial presequence	50(MPP)	0.000	64-68	21-30-low	-	-	-	-	-	-	-	-	-	-	-	-	-	-	
synMTS_2_337_coa4	0.067	No mitochondrial presequence	34(MPP)	0.059	70-74	18-27-high	-	-	-	-	-	-	-	-	-	-	-	-	-	-	
synMTS_2_338_coa4	0.033	No mitochondrial presequence	15(MPP)	0.067	19-23,23-27	19-28-high	-	-	-	-	-	-	-	-	-	-	-	18-23	-	-	
synMTS_2_339_coa4	0.014	No mitochondrial presequence	55(MPP)	-0.073	22-26,34-38	9-19-low	-	-	-	-	-	-	-	-	-	-	-	21-26	-	-	
synMTS_2_340_coa4	0.025	No mitochondrial presequence	47(MPP)	0.000	21-25,83-87	16-25-high	-	-	-	-	-	-	-	-	-	-	-	-	-	-	
synMTS_2_341_coa4	0.002	No mitochondrial presequence	63(MPP)	-0.048	60-64	2-11-low	-	-	-	-	-	-	-	-	-	-	-	-	-	-	
synMTS_2_342_coa4	0.003	No mitochondrial presequence	18(MPP)	0.111	38-42	1-10-low	-	-	-	-	-	-	-	-	-	-	-	-	-	-	
synMTS_2_343_coa4	0.023	No mitochondrial presequence	48(MPP)	-0.021	1-5,45-49	18-28-low	3-8	-	-	-	-	-	-	-	-	-	-	-	1-6	-	
synMTS_2_344_coa4	0.087	No mitochondrial presequence	56(MPP), 57(Icp55)	0.089		5-14-high	-	-	-	-	-	-	-	-	-	-	-	-	-	-	
synMTS_2_345_coa4	0.001	No mitochondrial presequence	56(MPP)	-0.036	81-85	9-18-low	-	-	-	-	-	-	-	-	-	-	-	-	-	-	
synMTS_2_346_coa4	0.007	No mitochondrial presequence	47(MPP)	-0.043		8-23-low	-	-	-	-	-	-	-	-	-	-	-	-	-	-	
synMTS_2_347_coa4	0.044	No mitochondrial presequence	91(MPP)	0.022		17-26-low	-	-	-	-	-	-	-	-	-	-	-	-	-	-	
synMTS_2_348_coa4	0.239	No mitochondrial presequence	82(MPP)	0.049	25-29,50-54,79-83	20-29-high	-	-	-	-	-	-	-	-	23-28	-	-	-	-	-	
synMTS_2_349_coa4	0.003	No mitochondrial presequence	32(MPP)	0.094	96-100	11-21-low	-	-	-	-	-	-	-	-	-	-	-	-	-	-	
synMTS_2_350_coa4	0.004	No mitochondrial presequence	25(MPP)	0.040	41-45	17-27-low	-	-	-	-	-	-	-	-	-	-	-	-	-	-	
synMTS_2_351_coa4	0.014	No mitochondrial presequence	31(MPP)	0.097		12-21-low	-	-	-	-	-	-	-	-	-	-	-	-	-	-	
synMTS_2_352_coa4	0.005	No mitochondrial presequence	58(MPP)	0.086		16-27-low	-	-	-	-	-	-	-	-	-	-	-	-	-	-	
synMTS_2_353_coa4	0.012	No mitochondrial presequence	41(MPP)	0.122		20-29-high	-	-	-	-	-	-	-	-	-	-	-	-	-	-	
synMTS_2_354_coa4	0.247	No mitochondrial presequence	17(MPP)	0.118	36-40,86-90	8-17-low	-	-	-	-	-	-	-	-	-	-	-	-	-	-	
synMTS_2_355_coa4	0.050	No mitochondrial presequence	20(MPP)	0.000	66-70,87-91,90-94	12-21-low	-	-	-	-	-	-	-	-	-	-	-	-	-	-	
synMTS_2_356_coa4	0.103	No mitochondrial presequence	80(MPP)	0.050	57-61,67-71	13-22-low	-	-	-	-	-	-	-	-	-	-	-	-	-	-	
synMTS_2_357_coa4	0.016	No mitochondrial presequence	68(MPP)	0.088	48-52	19-28-low	-	-	-	-	-	-	-	24-29	-	23-28	-	-	-	-	
synMTS_2_358_coa4	0.021	No mitochondrial presequence	18(MPP)	0.167	61-65	20-30-low	-	-	-	-	-	-	-	-	-	-	-	-	-	-	
synMTS_2_359_coa4	0.001	No mitochondrial presequence	40(MPP)	-0.025	25-29	21-30-high	-	-	-	-	-	-	-	-	-	-	-	-	-	-	
synMTS_2_360_coa4	0.001	No mitochondrial presequence	62(MPP)	-0.081	35-39	18-27-low	-	-	-	-	-	-	-	-	-	-	-	-	-	-	
synMTS_2_361_coa4	0.023	No mitochondrial presequence	32(MPP)	0.031	8-12,29-33,58-62	17-26-low	-	-	-	-	-	-	-	-	-	-	-	-	-	-	
synMTS_2_362_coa4	0.040	No mitochondrial presequence	7(MPP), 8(Icp55)	0.143		21-30-low	-	-	-	-	-	-	-	-	-	-	-	-	-	-	
synMTS_2_363_coa4	0.002	No mitochondrial presequence	79(MPP)	-0.025	41-45,71-75	15-24-high	-	-	-	-	-	-	-	-	-	-	-	-	-	-	
synMTS_2_364_coa4	0.012	No mitochondrial presequence	33(MPP)	-0.091	14-18	19-28-low	-	-	-	-	-	-	-	-	-	-	-	-	-	-	
synMTS_2_365_coa4	0.004	No mitochondrial presequence	70(MPP)	-0.086		3-12-low	-	-	-	-	-	-	-	-	-	-	-	-	-	-	
synMTS_2_366_coa4	0.006	No mitochondrial presequence	8(MPP)	0.125	5-9	5-14-high	-	-	-	-	-	-	-	-	-	-	-	-	-	-	
synMTS_2_367_coa4	0.277	No mitochondrial presequence	39(MPP)	0.103	3-7,40-44,84-88	3-14-high	-	-	-	-	-	-	-	-	-	-	-	-	-	-	
synMTS_2_368_coa4	0.004	No mitochondrial presequence	70(MPP)	0.014	5-9	9-18-low	-	-	-	-	-	-	-	-	-	-	-	-	-	-	
synMTS_2_369_coa4	0.019	No mitochondrial presequence	57(MPP)	0.053		17-28-low	-	-	-	-	-	-	-	-	-	-	-	-	-	-	
synMTS_2_370_coa4	0.029	No mitochondrial presequence	90(MPP)	0.067	39-43,73-77	20-29-low	-	-	-	-	-	-	-	-	-	-	-	-	-	-	
synMTS_2_371_coa4	0.110	No mitochondrial presequence	15(MPP), 16(Icp55)	0.133	34-38,44-48	17-26-low	-	-	-	-	-	-	12-17	-	-	11-16	-	-	-	-	
synMTS_2_372_coa4	0.017	No mitochondrial presequence	80(MPP)	-0.062	77-81	11-20-low	-	-	-	-	-	-	-	-	-	-	-	-	-	-	
synMTS_2_373_coa4	0.063	No mitochondrial presequence	28(MPP)	0.000	31-35,38-42	14-23-high	-	-	-	-	-	-	-	-	-	-	-	-	-	-	
synMTS_2_374_coa4	0.022	No mitochondrial presequence	75(MPP)	-0.080	11-15,72-76	9-18-high	-	-	-	-	-	-	-	-	-	-	-	-	-	-	
synMTS_2_375_coa4	0.013	No mitochondrial presequence	8(MPP)	0.000	5-9	12-21-low	-	-	-	-	-	-	-	-	-	-	-	-	-	-	
synMTS_2_376_coa4	0.024	No mitochondrial presequence	24(MPP)	0.000		2-11-low	-	-	-	-	-	-	-	-	-	-	-	-	-	-	
synMTS_2_377_coa4	0.087	No mitochondrial presequence	18(MPP)	0.167	4-8	8-17-low	-	-	-	-	-	-	-	-	-	-	-	-	-	-	
synMTS_2_378_coa4	0.093	No mitochondrial presequence	83(MPP)	0.024		2-11-high	-	-	-	-	-	-	-	-	-	-	19-24	-	-	-	
synMTS_2_379_coa4	0.044	No mitochondrial presequence	65(MPP)	0.077		1-10-high	-	-	-	-	-	-	-	-	-	-	-	-	-	-	
synMTS_2_380_coa4	0.110	No mitochondrial presequence	56(MPP)	0.054	53-57	10-19-low	-	-	-	-	-	-	-	-	-	-	-	-	-	-	
synMTS_2_381_coa4	0.062	No mitochondrial presequence	40(MPP)	0.075		11-21-low	-	-	-	-	-	-	-	-	-	-	-	-	-	-	
synMTS_2_382_coa4	0.075	No mitochondrial presequence	43(MPP)	0.070	40-44,86-90	6-15-high	-	-	-	-	-	-	-	-	-	-	-	-	-	-	
synMTS_2_383_coa4	0.014	No mitochondrial presequence	22(MPP)	0.000		16-26-low	-	-	-	-	-	-	-	-	-	-	-	-	-	-	
synMTS_2_384_coa4	0.008	No mitochondrial presequence	35(MPP)	-0.029		1-10-low	-	-	-	-	-	-	-	-	-	-	-	-	-	-	
synMTS_2_385_coa4	0.170	No mitochondrial presequence	44(MPP)	0.068	9-13	8-17-high	-	-	10-15	-	9-14	-	-	-	18-23	-	17-22	-	-	-	
synMTS_2_386_coa4	0.070	No mitochondrial presequence	93(MPP)	0.011		16-27-high	-	-	-	-	-	-	-	-	22-27	-	-	-	-	-	
synMTS_2_387_coa4	0.004	No mitochondrial presequence	6(MPP)	-0.333	40-44	8-17-low	-	-	-	-	-	-	-	-	-	-	-	-	-	-	
synMTS_2_388_coa4	0.094	No mitochondrial presequence	47(MPP)	0.106		19-28-high	-	-	-	-	-	-	-	-	-	-	-	-	-	-	
synMTS_2_389_coa4	0.008	No mitochondrial presequence	7(MPP)	0.143	34-38,47-51	7-16-high	-	-	-	-	-	-	-	-	-	-	-	-	-	-	
synMTS_2_390_coa4	0.009	No mitochondrial presequence	55(MPP)	-0.036		17-27-low	-	-	-	-	-	-	-	-	-	-	-	-	-	-	
synMTS_2_391_coa4	0.018	No mitochondrial presequence	13(MPP), 14(Icp55)	0.077	52-56	16-25-low	-	-	-	-	-	-	-	-	-	-	-	-	-	-	
synMTS_2_392_coa4	0.067	No mitochondrial presequence	14(MPP)	0.357	85-89	18-28-low	-	-	-	-	-	-	-	-	-	-	-	-	-	-	
synMTS_2_393_coa4	0.003	No mitochondrial presequence	71(MPP)	-0.070	40-44	10-19-low	-	-	-	-	-	-	-	-	-	-	-	-	-	-	
synMTS_2_394_coa4	0.001	No mitochondrial presequence	50(MPP)	-0.080		10-19-low	-	-	-	-	-	-	-	-	-	-	-	-	-	-	
synMTS_2_395_coa4	0.018	No mitochondrial presequence	18(MPP), 19(Icp55)	0.000	15-19	15-24-high	-	-	-	-	-	-	-	-	-	-	-	-	-	-	
synMTS_2_396_coa4	0.005	No mitochondrial presequence	69(MPP)	-0.058		11-21-low	-	-	-	-	-	-	-	-	-	-	-	-	-	-	
synMTS_2_397_coa4	0.070	No mitochondrial presequence	43(MPP)	0.093		13-22-low	-	-	-	-	-	-	1-6	-	-	-	-	-	-	-	
synMTS_2_398_coa4	0.021	No mitochondrial presequence	26(MPP)	0.038		20-29-high	-	-	-	-	-	-	-	-	-	-	-	-	-	-	
synMTS_2_399_coa4	0.032	No mitochondrial presequence	39(MPP)	-0.077	44-48	17-26-low	-	-	-	-	-	-	22-27	-	-	-	-	-	-	21-26	
synMTS_2_400_coa4	0.062	No mitochondrial presequence	53(MPP)	-0.038	37-41	10-19-low	-	-	-	-	-	-	-	-	-	-	-	-	-	-	
synMTS_3_201_coa4	0.125	No mitochondrial presequence	51(MPP)	0.078	38-42,61-65	9-18-low	-	23-28	-	-	-	-	-	-	-	-	-	-	-	-	
synMTS_3_202_coa4	0.048	No mitochondrial presequence	17(MPP)	0.412	18-22,93-97	16-25-high	-	-	-	-	-	-	-	-	-	-	-	-	-	-	
synMTS_3_203_coa4	0.025	No mitochondrial presequence	44(MPP)	0.091	17-21,30-34,77-81	10-21-low	-	-	-	-	-	-	-	-	-	-	-	-	-	-	
synMTS_3_204_coa4	0.172	No mitochondrial presequence	26(MPP)	0.192	34-38,61-65,71-75	4-13-high	-	-	-	-	-	-	-	-	-	-	-	-	-	-	
synMTS_3_205_coa4	0.098	No mitochondrial presequence	80(MPP)	0.125	44-48,70-74,74-78,77-81	10-19-high	-	-	-	-	-	1-6	-	-	-	-	25-30	-	-	-	
synMTS_3_206_coa4	0.039	No mitochondrial presequence	26(MPP)	0.154	54-58	9-18-high	-	-	-	-	-	-	-	-	-	2-7	-	-	-	-	
synMTS_3_207_coa4	0.104	No mitochondrial presequence	18(MPP)	0.000	49-53,70-74	3-12-low	-	-	-	-	-	-	2-7	-	-	1-6	-	-	-	-	
synMTS_3_208_coa4	0.007	No mitochondrial presequence	69(MPP)	0.087	62-66	19-28-high	-	-	-	-	-	-	-	-	-	-	-	-	-	-	
synMTS_3_209_coa4	0.113	No mitochondrial presequence	36(MPP)	0.194	7-11,46-50	3-12-high	-	-	-	-	-	-	-	-	-	-	-	-	-	-	
synMTS_3_210_coa4	0.022	No mitochondrial presequence	49(MPP)	0.082	31-35,84-88	8-17-low	-	-	-	-	-	-	-	-	-	-	-	-	-	-	
synMTS_3_211_coa4	0.138	No mitochondrial presequence	15(MPP)	0.267		21-30-high	-	-	-	-	-	-	12-17	-	-	-	-	-	-	11-16	
synMTS_3_212_coa4	0.128	No mitochondrial presequence	9(MPP)	0.667	15-19	14-23-low	-	-	-	-	-	-	24-29	-	-	23-28	-	-	-	-	
synMTS_3_213_coa4	0.057	No mitochondrial presequence	20(MPP)	0.150	78-82	17-26-high	-	-	-	-	-	-	-	-	-	-	-	-	-	-	
synMTS_3_214_coa4	0.129	No mitochondrial presequence	46(MPP)	0.174	14-18	12-21-high	-	-	-	-	-	-	-	-	-	-	-	-	-	-	
synMTS_3_215_coa4	0.654	Possessing mitochondrial presequence	30(MPP)	0.233	5-9,19-23	1-12-high	21-26	-	-	-	-	-	-	-	17-22	-	16-21	-	-	-	
synMTS_3_216_coa4	0.011	No mitochondrial presequence	21(MPP)	0.000		2-11-low	-	-	-	-	-	-	-	-	-	-	-	-	-	-	
synMTS_3_217_coa4	0.038	No mitochondrial presequence	7(MPP)	-0.286	96-100	1-10-low	-	-	-	-	-	-	-	-	-	-	-	-	-	-	
synMTS_3_218_coa4	0.013	No mitochondrial presequence	89(MPP)	0.079	72-76	21-30-high	-	-	-	-	-	-	-	-	-	-	-	-	-	-	
synMTS_3_219_coa4	0.012	No mitochondrial presequence	66(MPP)	0.136		6-15-high	-	-	-	-	-	-	-	-	-	-	-	-	-	-	
synMTS_3_220_coa4	0.133	No mitochondrial presequence	33(MPP), 34(Icp55)	0.121	17-21,30-34,89-93	16-25-high	-	-	-	-	-	-	-	-	15-20	-	-	-	-	-	
synMTS_3_221_coa4	0.048	No mitochondrial presequence	51(MPP)	0.078	43-47	17-26-high	-	-	-	-	-	-	-	-	-	-	-	-	-	-	
synMTS_3_222_coa4	0.027	No mitochondrial presequence	41(MPP)	0.122		6-17-low	-	-	-	-	-	-	-	-	-	-	-	-	-	-	
synMTS_3_223_coa4	0.009	No mitochondrial presequence	33(MPP)	0.091	27-31,30-34	18-29-low	-	-	-	-	-	-	-	-	-	-	-	-	-	-	
synMTS_3_224_coa4	0.006	No mitochondrial presequence	34(MPP)	0.206		19-30-low	-	-	-	-	-	-	-	-	-	-	-	-	-	-	
synMTS_3_225_coa4	0.069	No mitochondrial presequence	47(MPP)	0.191	8-12	11-20-high	-	-	-	-	-	-	-	-	-	-	-	-	-	-	
synMTS_3_226_coa4	0.079	No mitochondrial presequence	70(MPP)	0.100	6-10	3-12-high	-	-	-	-	-	-	-	-	-	-	-	-	-	-	
synMTS_3_227_coa4	0.010	No mitochondrial presequence	32(MPP)	0.219	29-33	20-29-high	-	-	-	-	-	-	-	-	-	-	-	-	-	-	
synMTS_3_228_coa4	0.009	No mitochondrial presequence	12(MPP)	0.083		13-22-low	-	-	-	-	-	-	-	-	-	17-22	-	-	-	-	
synMTS_3_229_coa4	0.036	No mitochondrial presequence	34(MPP)	0.029	27-31	2-11-low	-	-	-	-	-	-	-	-	25-30	-	-	-	-	-	
synMTS_3_230_coa4	0.065	No mitochondrial presequence	22(MPP)	0.136	23-27,41-45,63-67	20-29-high	-	-	-	-	23-28	-	-	-	-	-	-	-	-	-	
synMTS_3_231_coa4	0.013	No mitochondrial presequence	59(MPP)	0.034	61-65	5-14-high	-	-	-	-	-	-	-	-	-	-	-	-	-	-	
synMTS_3_232_coa4	0.019	No mitochondrial presequence	29(MPP)	0.034		7-18-high	-	-	-	-	-	-	-	-	-	-	-	-	-	-	
synMTS_3_233_coa4	0.067	No mitochondrial presequence	41(MPP)	0.220		19-28-low	-	-	-	-	-	-	-	-	-	-	-	-	-	-	
synMTS_3_234_coa4	0.021	No mitochondrial presequence	12(MPP)	0.000	24-28	21-30-high	-	-	-	-	-	-	-	-	-	-	-	-	-	-	
synMTS_3_235_coa4	0.032	No mitochondrial presequence	77(MPP)	0.143		1-11-low	-	10-15	-	-	-	-	-	-	-	-	-	-	-	-	
synMTS_3_236_coa4	0.112	No mitochondrial presequence	60(MPP)	0.117	75-79,93-97	6-15-low	-	-	-	-	-	-	-	-	-	-	17-22	-	-	-	
synMTS_3_237_coa4	0.013	No mitochondrial presequence	88(MPP)	0.114		10-20-low	-	-	-	-	-	-	-	-	-	-	-	-	-	-	
synMTS_3_238_coa4	0.094	No mitochondrial presequence	22(MPP)	0.136	45-49,64-68	4-13-low	-	-	-	-	-	-	-	-	-	-	-	-	-	-	
synMTS_3_239_coa4	0.171	No mitochondrial presequence	38(MPP)	0.158	5-9	1-13-high	-	-	-	-	-	-	-	-	-	-	-	-	-	-	
synMTS_3_240_coa4	0.146	No mitochondrial presequence	8(MPP)	0.250		17-26-low	-	-	-	-	-	-	-	-	-	-	-	-	-	-	
synMTS_3_241_coa4	0.009	No mitochondrial presequence	19(MPP)	0.158	57-61	15-24-low	-	-	-	-	-	-	-	-	-	-	-	-	-	-	
synMTS_3_242_coa4	0.007	No mitochondrial presequence	50(MPP)	0.040	66-70	1-10-low	-	-	-	-	-	-	-	-	-	-	-	-	-	-	
synMTS_3_243_coa4	0.070	No mitochondrial presequence	48(MPP)	0.229		18-27-high	-	-	-	-	-	-	-	-	-	-	-	-	-	-	
synMTS_3_244_coa4	0.123	No mitochondrial presequence	35(MPP)	0.343		17-26-low	-	-	-	-	-	-	-	-	-	-	-	-	-	-	
synMTS_3_245_coa4	0.046	No mitochondrial presequence	82(MPP)	0.085		15-25-low	-	-	-	-	-	-	4-9	-	-	3-8	-	-	-	-	
synMTS_3_246_coa4	0.066	No mitochondrial presequence	26(MPP)	0.115		8-17-high	-	-	-	-	-	-	-	-	-	-	-	-	-	-	
synMTS_3_247_coa4	0.192	No mitochondrial presequence	40(MPP)	0.175		6-15-high	-	-	-	-	-	-	-	-	-	-	-	-	-	-	
synMTS_3_248_coa4	0.274	No mitochondrial presequence	79(MPP)	0.114	1-5	1-10-high	-	-	-	-	-	-	-	-	-	-	-	-	-	-	
synMTS_3_249_coa4	0.042	No mitochondrial presequence	66(MPP)	0.076	31-35,47-51	21-30-low	-	-	-	-	-	-	-	-	-	-	-	-	-	-	
synMTS_3_250_coa4	0.114	No mitochondrial presequence	45(MPP)	0.200	10-14	10-19-low	-	-	-	-	-	-	-	-	-	-	-	-	-	-	
synMTS_3_251_coa4	0.026	No mitochondrial presequence	53(MPP)	0.170		8-17-high	-	-	-	-	-	-	-	-	-	-	-	-	-	-	
synMTS_3_252_coa4	0.028	No mitochondrial presequence	82(MPP)	0.098	22-26,33-37,55-59	7-18-high	-	11-16	-	-	-	-	-	-	-	-	-	-	-	-	
synMTS_3_253_coa4	0.121	No mitochondrial presequence	52(MPP)	0.192	49-53	21-30-high	-	-	-	-	-	-	-	-	-	-	-	-	-	-	
synMTS_3_254_coa4	0.041	No mitochondrial presequence	61(MPP)	0.016	79-83,83-87	21-30-high	-	-	-	-	-	-	-	21-26	-	20-25	-	-	-	-	
synMTS_3_255_coa4	0.121	No mitochondrial presequence	38(MPP)	0.211		6-15-high	-	-	-	-	-	-	-	-	-	-	-	-	-	-	
synMTS_3_256_coa4	0.025	No mitochondrial presequence	29(MPP)	0.172		1-12-low	-	-	-	-	-	-	-	-	-	-	-	-	-	-	
synMTS_3_257_coa4	0.058	No mitochondrial presequence	51(MPP)	0.098	48-52	14-23-low	-	-	-	-	-	-	-	-	-	-	-	-	-	-	
synMTS_3_258_coa4	0.147	No mitochondrial presequence	28(MPP)	0.250	64-68	1-13-low	-	-	-	-	-	-	-	-	-	-	-	-	-	-	
synMTS_3_259_coa4	0.027	No mitochondrial presequence	50(MPP)	0.080	88-92	1-12-low	-	-	-	-	-	-	-	-	-	-	-	-	-	-	
synMTS_3_260_coa4	0.794	Possessing mitochondrial presequence	55(MPP)	0.145	17-21,28-32,67-71	12-21-high	-	-	-	-	-	-	-	-	-	-	-	-	17-22	-	
synMTS_3_261_coa4	0.040	No mitochondrial presequence	48(MPP)	0.083	45-49	10-19-low	-	-	-	-	-	-	-	-	-	-	-	-	-	-	
synMTS_3_262_coa4	0.071	No mitochondrial presequence	28(MPP)	0.107	28-32,48-52	1-10-low	-	-	-	-	-	-	-	-	-	-	-	-	-	-	
synMTS_3_263_coa4	0.034	No mitochondrial presequence	76(MPP)	0.118	30-34	14-23-low	-	-	-	-	-	-	-	-	-	-	-	-	-	-	
synMTS_3_264_coa4	0.003	No mitochondrial presequence	90(MPP)	0.122	88-92	4-14-low	-	-	-	-	-	-	-	-	-	-	-	-	-	-	
synMTS_3_265_coa4	0.085	No mitochondrial presequence	55(MPP)	0.164		2-11-high	-	-	-	-	-	-	-	-	-	-	-	-	-	-	
synMTS_3_266_coa4	0.016	No mitochondrial presequence	6(MPP)	0.500	15-19	16-25-high	-	-	-	-	-	-	-	-	-	-	-	-	-	-	
synMTS_3_267_coa4	0.002	No mitochondrial presequence	66(MPP)	0.152	60-64	21-30-high	-	-	-	-	-	-	-	-	-	-	-	-	-	-	
synMTS_3_268_coa4	0.022	No mitochondrial presequence	88(MPP)	0.102	32-36,68-72	8-17-high	-	-	-	-	-	-	-	-	-	-	-	-	-	-	
synMTS_3_269_coa4	0.027	No mitochondrial presequence	9(MPP)	0.333	19-23	7-17-high	-	-	-	-	-	-	-	-	-	-	-	-	-	-	
synMTS_3_270_coa4	0.039	No mitochondrial presequence	12(MPP)	0.167	61-65	11-20-low	-	-	-	-	-	-	-	-	-	-	-	-	-	-	
synMTS_3_271_coa4	0.000	No mitochondrial presequence	36(MPP)	0.028	95-99	19-28-low	-	-	-	-	-	-	-	-	-	-	-	-	-	-	
synMTS_3_272_coa4	0.145	No mitochondrial presequence	58(MPP)	0.172	55-59	8-17-low	-	-	-	-	-	-	-	-	-	-	-	-	-	-	
synMTS_3_273_coa4	0.022	No mitochondrial presequence	71(MPP)	0.085	82-86	17-28-low	-	-	-	-	-	-	-	-	-	-	-	-	-	-	
synMTS_3_274_coa4	0.026	No mitochondrial presequence	79(MPP)	0.114	73-77,76-80	1-10-high	-	-	-	-	-	-	-	-	-	-	-	-	-	-	
synMTS_3_275_coa4	0.017	No mitochondrial presequence	64(MPP)	0.141	13-17	13-22-low	-	-	-	-	-	-	-	-	-	-	-	-	-	-	
synMTS_3_276_coa4	0.022	No mitochondrial presequence	13(MPP)	0.385	20-24	3-14-high	-	-	-	-	-	-	-	-	-	-	-	-	-	-	
synMTS_3_277_coa4	0.166	No mitochondrial presequence	32(MPP), 33(Icp55)	0.281	7-11	20-29-high	-	-	-	-	-	-	-	-	-	-	-	-	-	-	
synMTS_3_278_coa4	0.072	No mitochondrial presequence	18(MPP)	0.333	4-8	20-30-high	-	-	-	-	-	-	-	-	-	-	-	-	-	-	
synMTS_3_279_coa4	0.096	No mitochondrial presequence	14(MPP)	0.429		1-10-low	-	-	-	-	-	-	-	-	-	-	-	-	-	-	
synMTS_3_280_coa4	0.026	No mitochondrial presequence	81(MPP)	0.123	8-12	14-23-low	-	-	-	-	-	-	-	-	-	-	-	-	-	-	
synMTS_3_281_coa4	0.379	No mitochondrial presequence	43(MPP)	0.256	17-21	12-21-high	-	-	-	-	-	-	-	-	-	-	20-25	-	-	-	
synMTS_3_282_coa4	0.021	No mitochondrial presequence	33(MPP)	0.121		1-11-low	-	-	-	-	-	-	-	-	-	-	-	-	-	-	
synMTS_3_283_coa4	0.044	No mitochondrial presequence	56(MPP), 57(Icp55)	0.125	1-5,39-43,64-68	10-19-low	-	-	-	-	-	-	-	-	-	-	-	-	-	-	
synMTS_3_284_coa4	0.023	No mitochondrial presequence	12(MPP)	0.083	15-19	7-19-low	-	-	-	-	-	-	-	-	-	-	-	-	-	-	
synMTS_3_285_coa4	0.018	No mitochondrial presequence	57(MPP)	0.175		21-30-high	-	-	-	-	-	-	-	-	-	-	-	-	-	-	
synMTS_3_286_coa4	0.064	No mitochondrial presequence	15(MPP)	0.067	1-5	17-26-low	-	-	-	-	-	-	-	-	-	-	-	-	-	-	
synMTS_3_287_coa4	0.075	No mitochondrial presequence	39(MPP)	0.154		1-10-low	-	-	-	-	-	-	-	-	-	-	-	-	-	-	
synMTS_3_288_coa4	0.052	No mitochondrial presequence	34(MPP)	0.206	26-30	21-30-high	-	-	-	-	-	-	-	-	-	-	-	-	-	-	
synMTS_3_289_coa4	0.132	No mitochondrial presequence	11(MPP)	0.273	2-6,55-59	19-30-high	-	-	-	-	-	-	-	-	-	-	-	-	-	-	
synMTS_3_290_coa4	0.666	Possessing mitochondrial presequence	40(MPP), 41(Icp55)	0.125	80-84	2-11-high	-	-	-	-	-	-	-	-	-	-	-	-	-	-	
synMTS_3_291_coa4	0.033	No mitochondrial presequence	44(MPP)	0.045		17-26-low	-	-	-	-	-	-	-	-	-	-	-	-	-	-	
synMTS_3_292_coa4	0.107	No mitochondrial presequence	14(MPP)	0.143		16-25-low	-	-	-	-	-	-	-	-	-	-	-	-	-	-	
synMTS_3_293_coa4	0.889	Possessing mitochondrial presequence	24(MPP)	0.375	8-12,12-16,91-95	8-17-high	-	-	-	-	8-13	-	-	-	-	-	-	-	-	-	
synMTS_3_294_coa4	0.328	No mitochondrial presequence	13(MPP), 14(Icp55)	0.308	47-51	13-22-low	-	-	-	-	-	-	-	-	-	-	-	-	-	-	
synMTS_3_295_coa4	0.018	No mitochondrial presequence	76(MPP)	0.105	63-67,73-77	7-16-high	-	-	-	-	-	-	-	-	-	-	-	-	-	-	
synMTS_3_296_coa4	0.094	No mitochondrial presequence	95(MPP)	0.084	85-89	15-24-high	-	-	-	-	-	-	-	-	-	-	-	-	-	-	
synMTS_3_297_coa4	0.099	No mitochondrial presequence	22(MPP)	0.136	4-8,80-84	1-10-low	-	-	5-10	-	4-9	-	-	-	-	-	16-21	-	-	-	
synMTS_3_298_coa4	0.018	No mitochondrial presequence	23(MPP)	-0.043		11-20-low	-	-	-	-	-	-	-	-	-	-	-	-	-	-	
synMTS_3_299_coa4	0.115	No mitochondrial presequence	8(MPP)	0.250		1-10-high	-	-	-	-	-	-	-	-	-	-	-	-	-	-	
synMTS_3_300_coa4	0.149	No mitochondrial presequence	33(MPP)	0.091	84-88,91-95	1-10-low	-	-	-	-	-	-	-	-	-	-	-	-	-	-	
synMTS_3_301_coa4	0.113	No mitochondrial presequence	32(MPP)	0.156	56-60	7-16-high	-	-	-	-	-	-	-	-	-	-	-	-	-	-	
synMTS_3_302_coa4	0.147	No mitochondrial presequence	64(MPP)	0.156	1-5	15-24-low	-	-	-	-	1-6	-	-	-	-	-	-	-	-	-	
synMTS_3_303_coa4	0.024	No mitochondrial presequence	76(MPP)	0.145	74-78	4-15-low	-	-	-	-	-	-	-	-	-	-	-	-	-	-	
synMTS_3_304_coa4	0.082	No mitochondrial presequence	10(MPP)	0.100		19-29-low	-	-	-	-	-	-	-	-	-	-	-	-	-	-	
synMTS_3_305_coa4	0.019	No mitochondrial presequence	43(MPP)	0.047	78-82,95-99	1-10-low	-	-	-	-	-	-	-	-	-	-	-	-	-	-	
synMTS_3_306_coa4	0.398	Possessing mitochondrial presequence	50(MPP)	0.140	42-46	8-17-high	-	-	-	-	-	-	-	-	-	-	-	-	-	-	
synMTS_3_307_coa4	0.026	No mitochondrial presequence	80(MPP)	0.138		14-25-low	-	-	-	-	-	-	-	-	-	-	-	-	-	-	
synMTS_3_308_coa4	0.026	No mitochondrial presequence	33(MPP)	0.212	30-34	1-12-high	-	-	-	-	-	-	-	-	-	-	-	-	-	-	
synMTS_3_309_coa4	0.074	No mitochondrial presequence	35(MPP)	0.143	57-61,71-75,76-80	19-28-low	-	-	-	-	-	-	-	-	-	-	-	-	-	-	
synMTS_3_310_coa4	0.006	No mitochondrial presequence	20(MPP)	0.200	22-26,96-100	11-20-high	-	-	-	-	-	-	-	-	-	-	-	-	-	-	
synMTS_3_311_coa4	0.147	No mitochondrial presequence	86(MPP)	0.116	6-10	3-12-high	-	-	-	-	-	-	-	-	-	-	-	-	-	-	
synMTS_3_312_coa4	0.304	No mitochondrial presequence	80(MPP)	0.113	32-36,68-72	11-24-high	-	-	-	-	-	-	-	-	-	-	-	-	-	-	
synMTS_3_313_coa4	0.207	No mitochondrial presequence	64(MPP)	0.141	61-65	11-20-high	-	-	-	-	-	-	-	-	-	-	-	-	-	-	
synMTS_3_314_coa4	0.001	No mitochondrial presequence	63(MPP), 64(Icp55)	0.095	19-23	18-27-high	-	-	-	-	-	-	-	-	-	-	-	-	-	-	
synMTS_3_315_coa4	0.069	No mitochondrial presequence	90(MPP)	0.122	72-76,84-88,88-92	16-25-high	-	-	-	-	-	-	-	-	-	-	-	-	-	-	
synMTS_3_316_coa4	0.205	No mitochondrial presequence	24(MPP), 32(Oct1)	0.208	21-25	21-30-high	-	-	-	-	-	-	-	-	-	-	-	-	-	-	
synMTS_3_317_coa4	0.030	No mitochondrial presequence	39(MPP)	0.128	29-33,56-60,79-83	5-14-low	-	-	-	-	-	-	-	-	-	-	-	-	-	-	
synMTS_3_318_coa4	0.195	No mitochondrial presequence	45(MPP)	0.133	75-79	6-17-low	-	-	-	-	-	-	-	-	-	-	-	-	-	-	
synMTS_3_319_coa4	0.039	No mitochondrial presequence	14(MPP)	0.286	55-59,66-70	19-28-low	-	-	-	-	-	-	-	-	-	-	-	-	-	-	
synMTS_3_320_coa4	0.122	No mitochondrial presequence	26(MPP), 27(Icp55)	0.231	45-49	4-15-high	-	-	-	-	-	-	-	-	-	-	-	-	-	-	
synMTS_3_321_coa4	0.171	No mitochondrial presequence	39(MPP)	0.231		3-12-high	-	-	-	-	-	-	-	-	-	-	-	-	-	-	
synMTS_3_322_coa4	0.001	No mitochondrial presequence	50(MPP)	0.060	91-95	13-22-low	-	-	-	-	-	-	-	-	-	-	-	-	-	-	
synMTS_3_323_coa4	0.026	No mitochondrial presequence	52(MPP)	0.192	39-43	8-17-high	-	-	-	-	-	-	-	-	-	-	-	-	-	-	
synMTS_3_324_coa4	0.016	No mitochondrial presequence	41(MPP)	0.195		21-30-low	-	-	-	-	-	-	-	-	-	-	-	-	-	-	
synMTS_3_325_coa4	0.381	No mitochondrial presequence	43(MPP)	0.140	51-55	17-26-high	-	-	-	-	-	-	-	-	-	-	-	-	-	-	
synMTS_3_326_coa4	0.094	No mitochondrial presequence	74(MPP)	0.122		20-29-low	-	-	-	-	-	-	-	25-30	-	-	-	-	-	-	
synMTS_3_327_coa4	0.104	No mitochondrial presequence	29(MPP)	0.310	3-7,7-11	16-25-high	-	-	8-13	-	7-12	-	-	-	-	-	-	-	-	-	
synMTS_3_328_coa4	0.189	No mitochondrial presequence	26(MPP)	0.154	46-50,68-72,79-83	6-17-high	-	-	-	-	-	-	-	-	-	-	-	-	-	-	
synMTS_3_329_coa4	0.023	No mitochondrial presequence	10(MPP)	0.200	60-64	18-27-high	-	-	-	-	-	-	-	-	-	-	-	-	-	-	
synMTS_3_330_coa4	0.059	No mitochondrial presequence	54(MPP), 55(Icp55)	0.130		1-10-low	-	-	-	-	-	-	-	-	-	-	-	-	-	-	
synMTS_3_331_coa4	0.321	No mitochondrial presequence	20(MPP)	0.100		3-15-high	-	-	-	-	-	-	-	-	-	-	-	-	-	-	
synMTS_3_332_coa4	0.330	No mitochondrial presequence	41(MPP), 42(Icp55)	0.195	3-7,7-11,17-21,31-35,79-83	17-26-high	-	-	-	-	-	-	-	-	-	-	-	-	-	-	
synMTS_3_333_coa4	0.056	No mitochondrial presequence	59(MPP)	0.169		3-14-high	-	-	-	-	-	-	-	-	-	-	-	-	-	-	
synMTS_3_334_coa4	0.781	Possessing mitochondrial presequence	10(MPP)	0.400	54-58	12-21-low	-	-	-	-	-	-	-	-	-	-	-	-	-	-	
synMTS_3_335_coa4	0.048	No mitochondrial presequence	78(MPP)	0.115	1-5,11-15,29-33	20-29-low	-	-	-	-	-	-	-	-	-	-	-	-	-	-	
synMTS_3_336_coa4	0.002	No mitochondrial presequence	8(MPP)	0.500	30-34,58-62	9-19-high	-	-	-	-	-	-	-	-	-	-	-	-	-	-	
synMTS_3_337_coa4	0.003	No mitochondrial presequence	53(MPP)	0.208		14-23-low	-	-	-	-	-	-	-	-	-	-	-	-	-	-	
synMTS_3_338_coa4	0.044	No mitochondrial presequence	42(MPP)	0.238	1-5	20-29-high	-	-	-	-	-	-	-	-	-	-	-	-	-	-	
synMTS_3_339_coa4	0.017	No mitochondrial presequence	48(MPP)	0.146	58-62	11-22-high	-	-	-	-	-	-	-	-	-	-	-	-	-	-	
synMTS_3_340_coa4	0.103	No mitochondrial presequence	79(MPP)	0.101	50-54,76-80	7-16-high	-	-	-	-	-	-	-	-	-	-	22-27	-	-	-	
synMTS_3_341_coa4	0.056	No mitochondrial presequence	61(MPP)	0.164	12-16	12-22-high	-	-	-	-	-	-	-	-	-	-	-	-	-	-	
synMTS_3_342_coa4	0.024	No mitochondrial presequence	50(MPP)	0.140	56-60,87-91	10-19-low	-	-	-	-	-	-	-	-	-	-	-	-	-	-	
synMTS_3_343_coa4	0.038	No mitochondrial presequence	36(MPP), 37(Icp55)	0.139	30-34	6-16-low	-	-	-	-	-	-	-	-	-	-	-	-	-	-	
synMTS_3_344_coa4	0.026	No mitochondrial presequence	71(MPP)	0.141	28-32,68-72	17-26-low	-	-	-	-	-	-	-	-	-	-	-	-	-	-	
synMTS_3_345_coa4	0.546	Possessing mitochondrial presequence	29(MPP)	0.241		17-26-high	-	-	-	23-28	-	-	-	-	-	-	-	-	-	-	
synMTS_3_346_coa4	0.127	No mitochondrial presequence	23(MPP)	0.174		6-15-high	-	-	-	-	-	-	-	-	-	-	-	-	-	-	
synMTS_3_347_coa4	0.690	Possessing mitochondrial presequence	6(MPP)	0.333	3-7,21-25,39-43	2-11-high	-	-	-	-	21-26	-	6-11	-	-	-	-	-	-	-	
synMTS_3_348_coa4	0.029	No mitochondrial presequence	10(MPP)	-0.100	4-8	11-23-low	-	-	-	-	-	-	-	-	-	-	-	-	-	-	
synMTS_3_349_coa4	0.027	No mitochondrial presequence	58(MPP)	0.155	52-56	11-20-high	-	-	-	-	-	-	-	-	-	-	-	-	-	-	
synMTS_3_350_coa4	0.009	No mitochondrial presequence	94(MPP)	0.096	31-35	13-22-low	-	-	-	-	-	-	-	-	-	-	-	-	-	-	
synMTS_3_351_coa4	0.007	No mitochondrial presequence	70(MPP)	0.129	44-48	3-14-high	-	-	-	-	-	-	-	-	-	-	-	-	-	-	
synMTS_3_352_coa4	0.037	No mitochondrial presequence	46(MPP)	0.130	62-66,65-69	9-24-low	-	-	-	-	-	-	-	-	-	-	-	-	-	-	
synMTS_3_353_coa4	0.057	No mitochondrial presequence	29(MPP)	0.207		1-10-high	-	-	-	-	-	-	-	-	-	-	-	-	-	-	
synMTS_3_354_coa4	0.139	No mitochondrial presequence	17(MPP)	0.059	54-58,90-94	1-10-low	-	-	-	-	-	-	-	-	-	-	-	-	-	-	
synMTS_3_355_coa4	0.389	Possessing mitochondrial presequence	6(MPP)	0.167		3-12-high	-	-	-	-	-	-	-	-	-	-	-	-	-	-	
synMTS_3_356_coa4	0.120	No mitochondrial presequence	22(MPP)	0.045	8-12,13-17,31-35,86-90	3-12-high	-	-	-	-	-	-	-	-	-	-	-	-	-	-	
synMTS_3_357_coa4	0.062	No mitochondrial presequence	44(MPP), 45(Icp55)	0.114	5-9,42-46	8-17-high	-	-	-	-	-	-	-	-	-	-	-	-	-	-	
synMTS_3_358_coa4	0.366	No mitochondrial presequence	52(MPP)	0.058	9-13	5-14-high	-	-	-	-	-	-	-	-	-	-	-	-	-	-	
synMTS_3_359_coa4	0.063	No mitochondrial presequence	35(MPP)	0.200	24-28,28-32	21-30-high	-	-	-	-	-	-	-	-	-	-	-	-	-	-	
synMTS_3_360_coa4	0.007	No mitochondrial presequence	20(MPP)	0.100	58-62	5-14-low	-	-	-	-	-	-	-	-	-	-	13-18	-	-	-	
synMTS_3_361_coa4	0.035	No mitochondrial presequence	70(MPP)	0.129	41-45	20-29-high	-	-	-	-	-	-	-	-	-	-	-	-	-	-	
synMTS_3_362_coa4	0.035	No mitochondrial presequence	71(MPP)	0.127		11-20-low	-	-	-	-	-	-	-	4-9	-	-	-	-	-	3-8	
synMTS_3_363_coa4	0.011	No mitochondrial presequence	48(MPP)	0.125		8-17-low	-	-	-	-	-	-	-	-	-	-	-	-	-	-	
synMTS_3_364_coa4	0.217	No mitochondrial presequence	43(MPP)	0.209		4-13-low	-	-	-	-	-	-	-	-	-	-	-	-	-	-	
synMTS_3_365_coa4	0.153	No mitochondrial presequence	50(MPP)	0.180	20-24,24-28,34-38	12-24-high	-	-	-	-	-	12-17	-	-	-	-	-	-	-	-	
synMTS_3_366_coa4	0.052	No mitochondrial presequence	13(MPP)	0.000	3-7,95-99	13-22-high	-	-	-	-	-	-	-	-	-	-	-	-	-	-	
synMTS_3_367_coa4	0.027	No mitochondrial presequence	56(MPP)	0.161		21-30-high	-	-	-	-	-	-	-	-	-	-	-	-	-	-	
synMTS_3_368_coa4	0.140	No mitochondrial presequence	71(MPP)	0.113	5-9,16-20,88-92	5-20-high	-	-	-	-	-	-	-	9-14	-	8-13	-	-	-	-	
synMTS_3_369_coa4	0.008	No mitochondrial presequence	36(MPP)	0.222	81-85	19-28-low	-	-	-	-	-	-	-	-	-	-	-	-	-	-	
synMTS_3_370_coa4	0.031	No mitochondrial presequence	77(MPP)	0.143	51-55,65-69	18-29-low	-	-	-	-	-	-	-	-	-	-	-	-	-	-	
synMTS_3_371_coa4	0.047	No mitochondrial presequence	42(MPP)	0.190	14-18	6-18-high	-	-	-	-	-	-	-	-	12-17	-	-	-	-	-	
synMTS_3_372_coa4	0.002	No mitochondrial presequence	46(MPP)	0.217		20-29-high	-	-	-	-	-	-	-	-	-	-	-	-	-	-	
synMTS_3_373_coa4	0.051	No mitochondrial presequence	30(MPP)	0.133	53-57,56-60	13-22-high	-	-	-	-	-	-	16-21	-	-	-	-	-	-	-	
synMTS_3_374_coa4	0.014	No mitochondrial presequence	93(MPP)	0.108		9-18-low	-	-	-	-	-	-	-	-	-	-	-	-	-	-	
synMTS_3_375_coa4	0.003	No mitochondrial presequence	25(MPP)	0.080	33-37,49-53	14-23-high	-	-	-	-	-	-	-	-	-	-	-	-	-	-	
synMTS_3_376_coa4	0.081	No mitochondrial presequence	19(MPP)	0.158		13-22-low	-	-	-	-	-	-	16-21	-	-	-	-	-	-	-	
synMTS_3_377_coa4	0.018	No mitochondrial presequence	91(MPP)	0.121	30-34,39-43,89-93	21-30-low	-	-	-	-	-	-	-	-	-	-	-	-	-	-	
synMTS_3_378_coa4	0.399	Possessing mitochondrial presequence	55(MPP)	0.182	12-16	11-20-high	-	-	-	-	12-17	-	-	-	-	-	-	-	-	-	
synMTS_3_379_coa4	0.478	Possessing mitochondrial presequence	33(MPP)	0.182	77-81	10-19-high	-	-	-	-	-	-	-	-	-	-	-	-	-	-	
synMTS_3_380_coa4	0.153	No mitochondrial presequence	59(MPP)	0.169		1-10-high	-	-	-	-	-	-	-	-	-	-	-	-	-	-	
synMTS_3_381_coa4	0.069	No mitochondrial presequence	17(MPP)	0.235	55-59,70-74	8-17-high	-	-	-	-	-	-	-	-	-	-	-	-	-	-	
synMTS_3_382_coa4	0.230	No mitochondrial presequence	50(MPP)	0.200	5-9	5-14-high	-	-	-	-	5-10	-	-	-	-	-	-	-	-	-	
synMTS_3_383_coa4	0.094	No mitochondrial presequence	39(MPP)	0.256	36-40	4-13-high	-	13-18	-	-	-	-	-	-	-	-	-	-	-	-	
synMTS_3_384_coa4	0.134	No mitochondrial presequence	79(MPP)	0.127	21-25,56-60,65-69	21-30-high	-	-	-	-	-	-	-	-	-	-	6-11	-	-	-	
synMTS_3_385_coa4	0.047	No mitochondrial presequence	27(MPP)	0.037	24-28,33-37	9-18-low	-	-	-	-	-	-	-	-	-	-	-	-	-	-	
synMTS_3_386_coa4	0.237	No mitochondrial presequence	38(MPP), 39(Icp55)	0.184	17-21,76-80	14-23-high	-	-	-	-	-	-	-	-	-	-	-	-	-	-	
synMTS_3_387_coa4	0.080	No mitochondrial presequence	6(MPP)	0.333	78-82	19-28-low	-	-	-	-	-	-	-	-	-	-	-	-	-	-	
synMTS_3_388_coa4	0.186	No mitochondrial presequence	36(MPP)	0.194	8-12,33-37,72-76	4-14-high	-	-	-	-	8-13	-	-	-	-	-	-	-	-	-	
synMTS_3_389_coa4	0.027	No mitochondrial presequence	38(MPP)	0.079		17-26-low	-	-	-	-	-	-	-	-	-	-	-	-	-	-	
synMTS_3_390_coa4	0.036	No mitochondrial presequence	80(MPP)	0.138	2-6,5-9,9-13	1-13-high	-	-	-	-	-	-	-	-	-	-	-	-	-	-	
synMTS_3_391_coa4	0.017	No mitochondrial presequence	25(MPP)	-0.040		4-13-high	-	-	-	-	-	-	-	-	-	-	-	-	-	-	
synMTS_3_392_coa4	0.199	No mitochondrial presequence	92(MPP)	0.098	10-14	3-12-high	-	-	-	-	-	-	-	-	-	-	-	-	-	-	
synMTS_3_393_coa4	0.229	No mitochondrial presequence	12(MPP)	0.250	26-30,36-40	2-11-low	-	-	-	-	-	-	-	-	-	-	-	-	-	-	
synMTS_3_394_coa4	0.014	No mitochondrial presequence	16(MPP)	0.250		8-18-low	-	-	-	-	-	-	-	-	-	-	-	-	-	-	
synMTS_3_395_coa4	0.230	No mitochondrial presequence	57(MPP)	0.175	31-35,40-44	8-17-high	-	-	-	-	-	-	-	-	-	-	-	-	-	-	
synMTS_3_396_coa4	0.079	No mitochondrial presequence	19(MPP)	0.368	12-16,51-55	1-12-high	-	-	-	-	-	1-6	-	-	-	-	-	-	-	-	
synMTS_3_397_coa4	0.073	No mitochondrial presequence	34(MPP)	0.029	6-10,32-36,91-95	2-11-high	-	-	-	-	-	-	-	-	-	-	-	5-10	-	-	
synMTS_3_398_coa4	0.041	No mitochondrial presequence	27(MPP)	0.074	66-70	2-12-high	-	-	-	-	-	-	-	-	1-6	-	-	-	-	-	
synMTS_3_399_coa4	0.662	Possessing mitochondrial presequence	70(MPP)	0.129	26-30	13-22-high	-	-	-	-	-	-	-	-	-	-	-	-	-	-	
synMTS_3_400_coa4	0.057	No mitochondrial presequence	21(MPP)	0.095		16-25-high	-	-	-	-	-	-	-	-	-	-	15-20	-	-	-	
synMTS_4_201_coa4	0.886	Possessing mitochondrial presequence	34(MPP)	0.235	4-8,31-35,40-44,47-51,64-68,93-97,96-100	3-18-high	-	-	-	-	-	-	-	-	2-7	-	1-6	-	-	-	
synMTS_4_202_coa4	0.260	No mitochondrial presequence	46(MPP)	0.239	15-19,24-28,43-47,46-50	14-23-high	-	-	-	-	-	-	-	-	-	-	-	23-28	-	-	
synMTS_4_203_coa4	0.137	No mitochondrial presequence	68(MPP)	0.235	29-33,41-45,54-58,65-69	6-15-high	-	-	-	-	-	-	-	-	-	-	-	-	-	-	
synMTS_4_204_coa4	0.200	No mitochondrial presequence	34(MPP), 35(Icp55)	0.265	44-48,49-53	21-30-high	-	-	-	-	-	-	10-15	-	-	9-14	-	-	-	-	
synMTS_4_205_coa4	0.443	Possessing mitochondrial presequence	6(MPP)	0.167	22-26,56-60	4-13-high	-	-	-	-	-	-	-	-	-	-	-	-	22-27	-	
synMTS_4_206_coa4	0.665	Possessing mitochondrial presequence	14(MPP)	0.214	32-36,36-40,58-62	4-13-high	-	6-11	-	-	-	-	-	-	-	-	-	-	-	-	
synMTS_4_207_coa4	0.208	No mitochondrial presequence	46(MPP)	0.217	27-31,35-39	3-12-high	-	-	-	-	-	-	23-28	-	-	2-7,22-27	-	-	-	-	
synMTS_4_208_coa4	0.320	No mitochondrial presequence	61(MPP)	0.246	9-13,12-16,33-37,42-46,58-62	7-16-high	-	-	-	-	-	-	-	-	-	-	-	8-13	-	-	
synMTS_4_209_coa4	0.710	Possessing mitochondrial presequence	32(MPP)	0.219	49-53	15-24-high	-	-	-	-	-	17-22	-	-	-	-	-	-	-	-	
synMTS_4_210_coa4	0.075	No mitochondrial presequence	70(MPP)	0.243	44-48,63-67,67-71	20-30-high	-	-	-	-	-	-	-	-	-	-	-	-	-	-	
synMTS_4_211_coa4	0.071	No mitochondrial presequence	45(MPP), 46(Icp55)	0.244	25-29,29-33,33-37,46-50,66-70	14-23-high	-	-	-	-	-	-	-	-	-	-	-	-	-	-	
synMTS_4_212_coa4	0.126	No mitochondrial presequence	24(MPP)	0.250	13-17,79-83	19-30-low	-	-	-	-	-	-	-	-	-	-	-	-	-	-	
synMTS_4_213_coa4	0.087	No mitochondrial presequence	15(MPP)	0.200	2-6,17-21,40-44	17-27-high	-	-	-	18-23	-	-	-	-	-	-	-	-	-	-	
synMTS_4_214_coa4	0.157	No mitochondrial presequence	60(MPP)	0.250	13-17,18-22,38-42,42-46,49-53,57-61,73-77,77-81,81-85	12-21-high	-	-	-	-	-	-	-	-	16-21	-	-	-	-	-	
synMTS_4_215_coa4	0.390	Possessing mitochondrial presequence	12(MPP)	0.250	44-48,53-57,61-65,70-74,86-90	7-16-high	-	-	-	-	-	12-17	-	-	-	-	-	-	-	-	
synMTS_4_216_coa4	0.409	Possessing mitochondrial presequence	40(MPP)	0.225		6-19-low	-	-	-	-	-	-	-	-	-	-	-	-	-	-	
synMTS_4_217_coa4	0.557	Possessing mitochondrial presequence	35(MPP)	0.229	19-23,32-36,45-49	20-29-high	-	-	-	-	-	-	-	-	22-27	-	-	-	-	-	
synMTS_4_218_coa4	0.656	Possessing mitochondrial presequence	47(MPP)	0.255	4-8,14-18,72-76	4-13-high	-	-	-	-	-	-	-	-	-	-	-	3-8	4-9	-	
synMTS_4_219_coa4	0.653	Possessing mitochondrial presequence	56(MPP)	0.250	23-27,50-54,53-57	19-28-high	-	-	-	-	-	-	-	-	-	-	-	-	-	-	
synMTS_4_220_coa4	0.316	No mitochondrial presequence	81(MPP)	0.235	20-24,37-41,57-61	13-22-high	-	-	-	-	-	-	-	-	-	-	-	-	-	-	
synMTS_4_221_coa4	0.632	Possessing mitochondrial presequence	58(MPP)	0.241	7-11,16-20,20-24,50-54	6-15-high	-	-	-	-	-	-	-	-	-	-	-	-	-	-	
synMTS_4_222_coa4	0.270	No mitochondrial presequence	80(MPP)	0.250	39-43,43-47,73-77,77-81	8-17-high	-	-	-	-	-	-	11-16	-	-	10-15	-	-	-	-	
synMTS_4_223_coa4	0.882	Possessing mitochondrial presequence	39(MPP)	0.231	23-27,27-31,32-36	19-30-high	-	-	-	-	-	-	-	-	-	-	-	-	-	-	
synMTS_4_224_coa4	0.744	Possessing mitochondrial presequence	62(MPP)	0.258		1-11-high	-	-	-	-	-	-	-	-	-	-	-	-	-	-	
synMTS_4_225_coa4	0.136	No mitochondrial presequence	45(MPP)	0.222	22-26,26-30	20-29-high	-	-	-	-	-	-	-	-	-	-	-	25-30	-	-	
synMTS_4_226_coa4	0.554	Possessing mitochondrial presequence	73(MPP)	0.247	23-27,70-74	19-28-high	-	-	-	-	-	6-11	-	-	-	5-10	-	-	-	-	
synMTS_4_227_coa4	0.355	No mitochondrial presequence	53(MPP)	0.264	55-59	19-28-high	-	-	-	-	-	3-8	-	-	-	-	-	-	-	-	
synMTS_4_228_coa4	0.639	Possessing mitochondrial presequence	39(MPP)	0.231	15-19,36-40,82-86,86-90,94-98	3-12-high	-	-	-	16-21	-	-	-	-	-	-	-	-	-	-	
synMTS_4_229_coa4	0.328	No mitochondrial presequence	62(MPP)	0.242	5-9,28-32,31-35,34-38,47-51,62-66	1-11-high	-	-	-	-	-	-	-	-	-	-	-	-	-	-	
synMTS_4_230_coa4	0.381	No mitochondrial presequence	81(MPP)	0.247	25-29,40-44,52-56,79-83	20-29-high	-	-	-	-	-	-	-	-	-	-	-	24-29	-	-	
synMTS_4_231_coa4	0.072	No mitochondrial presequence	55(MPP)	0.236	27-31	15-26-high	-	-	-	-	-	4-9	-	-	-	-	-	-	-	-	
synMTS_4_232_coa4	0.516	Possessing mitochondrial presequence	53(MPP)	0.245	51-55	4-13-high	-	-	-	-	-	-	-	-	-	-	-	-	-	-	
synMTS_4_233_coa4	0.600	Possessing mitochondrial presequence	40(MPP)	0.225	6-10,18-22	6-15-high	-	-	24-29	-	-	-	-	10-15	-	9-14	-	-	-	-	
synMTS_4_234_coa4	0.279	No mitochondrial presequence	54(MPP)	0.259	32-36,36-40,55-59,77-81	11-20-high	-	-	-	-	-	-	13-18	-	-	-	-	-	-	-	
synMTS_4_235_coa4	0.383	No mitochondrial presequence	35(MPP)	0.229	15-19,18-22,76-80	13-22-high	-	-	-	-	15-20	-	-	-	-	-	-	-	-	-	
synMTS_4_236_coa4	0.376	No mitochondrial presequence	37(MPP)	0.216	7-11	15-24-low	-	-	-	-	-	-	-	-	-	-	-	-	-	-	
synMTS_4_237_coa4	0.350	No mitochondrial presequence	53(MPP)	0.245	20-24,36-40,39-43,42-46,50-54	15-24-high	-	-	-	-	-	-	-	-	-	-	-	-	-	-	
synMTS_4_238_coa4	0.522	Possessing mitochondrial presequence	19(MPP)	0.211	16-20,58-62,88-92	14-23-high	-	-	4-9	-	-	-	-	-	-	-	-	-	-	-	
synMTS_4_239_coa4	0.605	Possessing mitochondrial presequence	17(MPP)	0.235	7-11,10-14,27-31,31-35,36-40,41-45	14-23-high	-	-	-	-	-	-	18-23,23-28	-	-	22-27	-	-	-	-	
synMTS_4_240_coa4	0.208	No mitochondrial presequence	56(MPP)	0.232	4-8,14-18,32-36,53-57,58-62	4-13-low	-	-	-	-	-	-	-	-	-	-	-	-	-	-	
synMTS_4_241_coa4	0.238	No mitochondrial presequence	62(MPP)	0.242	3-7,15-19,46-50	12-21-high	-	-	-	-	15-20	-	-	-	-	-	-	-	-	-	
synMTS_4_242_coa4	0.201	No mitochondrial presequence	14(MPP)	0.214	30-34	8-17-high	-	-	-	-	-	11-16	-	-	-	-	-	-	-	10-15	
synMTS_4_243_coa4	0.326	No mitochondrial presequence	36(MPP)	0.250	53-57,71-75	20-29-high	-	-	-	-	-	-	-	-	-	-	-	-	-	-	
synMTS_4_244_coa4	0.175	No mitochondrial presequence	46(MPP)	0.239		7-17-high	-	-	-	-	-	-	-	-	-	-	-	-	-	-	
synMTS_4_245_coa4	0.106	No mitochondrial presequence	34(MPP)	0.265	6-10,10-14,32-36,70-74	6-15-high	-	-	-	-	10-15	-	-	-	-	-	-	-	-	-	
synMTS_4_246_coa4	0.295	No mitochondrial presequence	23(MPP)	0.261	54-58,58-62,62-66	19-28-high	-	-	-	-	-	-	-	6-11	-	-	-	-	-	-	
synMTS_4_247_coa4	0.654	Possessing mitochondrial presequence	33(MPP)	0.242	5-9,8-12,26-30,43-47,68-72	4-13-high	-	-	-	-	8-13	19-24	-	-	3-8	-	-	-	-	18-23	
synMTS_4_248_coa4	0.117	No mitochondrial presequence	83(MPP)	0.253	54-58	9-19-high	-	-	-	-	-	-	-	-	-	-	-	-	-	-	
synMTS_4_249_coa4	0.553	Possessing mitochondrial presequence	56(MPP)	0.250	36-40	5-14-high	-	12-17	-	-	-	-	-	-	-	-	-	-	-	-	
synMTS_4_250_coa4	0.248	No mitochondrial presequence	36(MPP)	0.250	20-24,33-37	16-25-high	-	-	-	-	20-25	-	-	-	-	-	-	-	-	-	
synMTS_4_251_coa4	0.544	Possessing mitochondrial presequence	33(MPP)	0.273	13-17,26-30,65-69,91-95,96-100	13-24-high	-	-	-	-	13-18	-	-	-	-	-	-	-	-	-	
synMTS_4_252_coa4	0.113	No mitochondrial presequence	29(MPP), 30(Icp55)	0.241	23-27,45-49,53-57,72-76,77-81	13-22-high	-	-	-	-	-	-	-	-	-	-	-	-	-	-	
synMTS_4_253_coa4	0.202	No mitochondrial presequence	46(MPP)	0.239	44-48,48-52,68-72,86-90,90-94	10-19-high	-	11-16	-	13-18	-	-	-	-	-	-	-	-	-	-	
synMTS_4_254_coa4	0.129	No mitochondrial presequence	24(MPP)	0.208	26-30,51-55	16-25-high	-	-	-	-	-	-	-	-	-	-	-	-	-	-	
synMTS_4_255_coa4	0.143	No mitochondrial presequence	46(MPP)	0.239	38-42,65-69,94-98	20-29-low	-	4-9	-	-	-	-	-	-	-	-	-	-	-	-	
synMTS_4_256_coa4	0.172	No mitochondrial presequence	57(MPP)	0.263		20-29-high	-	-	-	-	-	-	-	-	-	-	-	-	-	-	
synMTS_4_257_coa4	0.352	No mitochondrial presequence	34(MPP), 35(Icp55)	0.235	8-12,21-25,31-35,38-42,69-73	20-29-high	-	-	-	-	-	-	-	-	-	-	-	-	-	-	
synMTS_4_258_coa4	0.388	Possessing mitochondrial presequence	45(MPP)	0.267	9-13,18-22,30-34,37-41	8-17-high	-	-	-	-	9-14	-	12-17	-	16-21	-	-	-	-	-	
synMTS_4_259_coa4	0.634	Possessing mitochondrial presequence	15(MPP)	0.200	21-25,25-29,32-36,67-71,70-74	21-30-high	-	-	-	-	25-30	-	-	-	-	-	-	-	-	-	
synMTS_4_260_coa4	0.725	Possessing mitochondrial presequence	28(MPP)	0.214	17-21,54-58	21-30-high	-	-	-	-	-	-	-	-	-	-	-	16-21	-	-	
synMTS_4_261_coa4	0.851	Possessing mitochondrial presequence	17(MPP)	0.235	2-6,23-27,30-34,42-46,55-59	21-30-high	-	18-23	-	-	-	-	-	-	-	-	-	-	-	-	
synMTS_4_262_coa4	0.311	No mitochondrial presequence	41(MPP)	0.220	13-17,38-42,58-62,87-91	10-19-low	-	-	-	-	-	-	-	-	-	-	-	12-17	-	-	
synMTS_4_263_coa4	0.516	Possessing mitochondrial presequence	52(MPP)	0.250	42-46	19-28-high	-	17-22	19-24	-	-	-	-	-	-	-	-	-	-	-	
synMTS_4_264_coa4	0.447	Possessing mitochondrial presequence	24(MPP)	0.250	21-25,43-47	13-24-high	-	-	-	-	-	9-14	-	-	-	-	24-29	-	-	-	
synMTS_4_265_coa4	0.189	No mitochondrial presequence	59(MPP), 60(Icp55)	0.254	3-7,13-17,31-35,56-60	19-28-high	-	-	-	-	3-8	-	-	-	-	-	-	-	13-18	-	
synMTS_4_266_coa4	0.086	No mitochondrial presequence	56(MPP)	0.268	17-21,61-65	21-30-low	-	-	-	-	-	-	-	-	-	-	1-6	-	-	-	
synMTS_4_267_coa4	0.529	Possessing mitochondrial presequence	33(MPP)	0.273	3-7,35-39,58-62	17-28-high	-	-	-	-	-	-	-	-	-	-	-	-	-	-	
synMTS_4_268_coa4	0.337	No mitochondrial presequence	25(MPP)	0.240	35-39,50-54,69-73	21-30-high	-	-	-	-	-	-	-	-	-	-	-	-	-	-	
synMTS_4_269_coa4	0.119	No mitochondrial presequence	50(MPP)	0.240	4-8,12-16,42-46	12-23-high	-	-	-	-	-	-	-	-	-	-	-	-	-	-	
synMTS_4_270_coa4	0.545	Possessing mitochondrial presequence	50(MPP)	0.240	26-30,40-44,68-72,73-77	2-11-high	-	8-13	-	10-15	-	-	-	2-7	-	1-6	-	-	-	-	
synMTS_4_271_coa4	0.539	Possessing mitochondrial presequence	29(MPP)	0.207	18-22,35-39,80-84	13-22-high	-	-	-	-	-	-	-	-	-	-	-	-	-	-	
synMTS_4_272_coa4	0.115	No mitochondrial presequence	33(MPP)	0.242	11-15,25-29,45-49	7-16-high	-	20-25	-	-	-	-	-	7-12	-	6-11	-	24-29	-	-	
synMTS_4_273_coa4	0.495	Possessing mitochondrial presequence	24(MPP)	0.208	4-8,21-25,25-29	21-30-high	-	-	-	-	-	-	-	7-12	-	-	-	-	-	-	
synMTS_4_274_coa4	0.829	Possessing mitochondrial presequence	20(MPP)	0.200	8-12,62-66,86-90,90-94	1-10-high	-	-	-	-	-	-	-	-	-	-	-	-	-	-	
synMTS_4_275_coa4	0.474	Possessing mitochondrial presequence	59(MPP)	0.254	36-40	14-23-high	-	-	19-24	-	-	-	-	-	-	-	-	-	-	-	
synMTS_4_276_coa4	0.893	Possessing mitochondrial presequence	34(MPP)	0.265	2-6,16-20,28-32,52-56,55-59,60-64	11-20-high	-	-	-	-	-	-	-	-	-	-	-	1-6	-	-	
synMTS_4_277_coa4	0.843	Possessing mitochondrial presequence	47(MPP)	0.234	26-30,44-48	6-15-high	-	-	-	-	-	-	-	-	-	-	-	-	-	-	
synMTS_4_278_coa4	0.094	No mitochondrial presequence	36(MPP)	0.222	12-16,56-60	8-17-high	-	-	-	-	-	-	-	-	-	-	-	-	-	-	
synMTS_4_279_coa4	0.211	No mitochondrial presequence	70(MPP)	0.243	6-10,11-15,59-63,67-71,71-75	5-16-high	-	-	-	-	-	-	-	-	-	-	-	-	-	-	
synMTS_4_280_coa4	0.300	No mitochondrial presequence	11(MPP)	0.182	67-71	21-30-low	-	-	-	-	-	-	-	-	-	-	-	-	-	-	
synMTS_4_281_coa4	0.258	No mitochondrial presequence	42(MPP)	0.238	2-6,21-25,47-51,51-55,56-60,68-72,78-82	1-10-high	-	-	-	-	2-7	-	16-21	-	-	-	-	-	-	-	
synMTS_4_282_coa4	0.462	Possessing mitochondrial presequence	48(MPP), 49(Icp55)	0.250	12-16,31-35,42-46,45-49,65-69,73-77	6-16-high	-	-	-	-	-	-	-	-	-	-	-	-	-	-	
synMTS_4_283_coa4	0.331	No mitochondrial presequence	45(MPP)	0.289	8-12,15-19,18-22,21-25,25-29	18-29-high	-	-	-	-	18-23	-	-	-	-	-	-	-	-	-	
synMTS_4_284_coa4	0.932	Possessing mitochondrial presequence	24(MPP)	0.250	3-7,7-11,79-83,84-88	8-17-high	-	-	-	-	-	-	-	-	-	-	-	-	-	-	
synMTS_4_285_coa4	0.461	Possessing mitochondrial presequence	67(MPP)	0.239	18-22,26-30,48-52	14-23-high	-	-	-	-	-	-	-	-	-	-	-	-	18-23	-	
synMTS_4_286_coa4	0.271	No mitochondrial presequence	56(MPP), 57(Icp55)	0.232	13-17,25-29,35-39,86-90	20-29-high	-	-	-	-	-	-	-	-	-	-	-	-	-	-	
synMTS_4_287_coa4	0.628	Possessing mitochondrial presequence	58(MPP)	0.241	50-54	16-26-high	-	-	-	-	-	18-23	-	-	-	-	-	-	-	-	
synMTS_4_288_coa4	0.508	Possessing mitochondrial presequence	22(MPP)	0.227		2-11-high	-	25-30	-	-	-	23-28	-	-	-	-	-	-	-	22-27	
synMTS_4_289_coa4	0.816	Possessing mitochondrial presequence	35(MPP)	0.229	20-24,24-28,27-31,62-66,81-85,86-90,90-94	13-22-high	-	-	-	-	-	-	12-17	-	-	11-16	-	23-28	-	-	
synMTS_4_290_coa4	0.358	No mitochondrial presequence	10(MPP), 11(Icp55)	0.200	43-47	4-13-high	-	-	-	-	-	-	-	-	-	-	-	-	-	-	
synMTS_4_291_coa4	0.390	Possessing mitochondrial presequence	45(MPP)	0.244	3-7,16-20,25-29,34-38,38-42,55-59,84-88	21-30-high	-	-	-	-	3-8	-	-	-	-	-	-	-	-	-	
synMTS_4_292_coa4	0.810	Possessing mitochondrial presequence	42(MPP)	0.238	35-39,39-43,51-55	8-17-low	-	15-20	-	-	-	13-18	-	-	-	12-17	-	-	-	-	
synMTS_4_293_coa4	0.654	Possessing mitochondrial presequence	16(MPP)	0.250	8-12	14-24-high	-	4-9	-	-	-	2-7	-	-	-	1-6	-	-	-	-	
synMTS_4_294_coa4	0.841	Possessing mitochondrial presequence	25(MPP)	0.200	30-34,38-42,45-49,49-53,76-80,79-83	3-12-high	-	-	-	-	-	-	-	-	-	-	-	-	-	-	
synMTS_4_295_coa4	0.875	Possessing mitochondrial presequence	51(MPP)	0.216	13-17,35-39,48-52	9-18-high	-	-	-	-	-	-	-	25-30	-	24-29	-	-	-	-	
synMTS_4_296_coa4	0.725	Possessing mitochondrial presequence	61(MPP)	0.246	22-26,29-33,50-54	14-26-high	-	-	-	-	-	-	-	-	-	-	-	-	-	-	
synMTS_4_297_coa4	0.521	Possessing mitochondrial presequence	72(MPP)	0.250	9-13,65-69,69-73	7-16-high	-	4-9	-	-	9-14	12-17	-	-	-	-	-	-	-	-	
synMTS_4_298_coa4	0.364	No mitochondrial presequence	26(MPP)	0.231	6-10	6-15-high	-	-	-	-	6-11	-	-	-	-	-	-	-	-	-	
synMTS_4_299_coa4	0.943	Possessing mitochondrial presequence	31(MPP), 32(Icp55)	0.258	21-25,28-32,32-36,40-44	21-30-high	-	-	9-14	-	-	-	-	24-29	-	-	-	-	-	-	
synMTS_4_300_coa4	0.068	No mitochondrial presequence	49(MPP)	0.204	7-11,22-26,43-47	6-15-high	-	-	-	-	-	-	-	-	-	-	-	-	-	-	
synMTS_4_301_coa4	0.167	No mitochondrial presequence	33(MPP)	0.242	48-52,51-55,73-77	15-24-high	-	-	-	-	-	-	-	-	-	-	-	-	-	-	
synMTS_4_302_coa4	0.651	Possessing mitochondrial presequence	21(MPP)	0.286	2-6,6-10,50-54,63-67,77-81,80-84	2-13-high	-	-	-	-	-	-	-	-	-	-	-	1-6	-	-	
synMTS_4_303_coa4	0.939	Possessing mitochondrial presequence	21(MPP)	0.238	3-7,11-15,62-66	9-18-high	-	-	-	-	-	-	-	-	-	-	-	2-7	3-8	-	
synMTS_4_304_coa4	0.305	No mitochondrial presequence	53(MPP)	0.245	9-13,13-17,21-25,63-67,68-72,77-81	7-16-high	-	4-9	-	-	-	2-7	-	-	-	1-6	-	8-13	-	-	
synMTS_4_305_coa4	0.405	Possessing mitochondrial presequence	34(MPP)	0.235	3-7,7-11,41-45,68-72,78-82	2-11-high	-	-	-	-	7-12	-	10-15	-	-	-	-	-	-	-	
synMTS_4_306_coa4	0.307	No mitochondrial presequence	44(MPP)	0.273	6-10,37-41,42-46	3-12-high	-	-	-	-	-	-	-	-	-	-	-	-	-	-	
synMTS_4_307_coa4	0.400	Possessing mitochondrial presequence	18(MPP)	0.222	3-7,8-12,29-33,32-36,43-47,54-58	17-26-high	-	-	-	-	-	12-17	-	-	-	11-16	-	7-12	-	-	
synMTS_4_308_coa4	0.495	Possessing mitochondrial presequence	31(MPP)	0.226	28-32,61-65,84-88	21-30-high	-	-	-	-	-	-	-	-	-	-	-	-	-	-	
synMTS_4_309_coa4	0.758	Possessing mitochondrial presequence	36(MPP)	0.222	22-26,34-38,57-61,72-76	18-27-high	-	-	-	-	-	-	-	-	-	-	-	-	-	-	
synMTS_4_310_coa4	0.368	No mitochondrial presequence	56(MPP)	0.232	18-22,22-26,48-52	20-29-high	-	-	-	-	22-27	-	-	-	-	-	-	-	-	-	
synMTS_4_311_coa4	0.389	Possessing mitochondrial presequence	59(MPP)	0.220	4-8,7-11	2-11-high	-	-	-	8-13	-	-	-	-	-	-	-	3-8	-	-	
synMTS_4_312_coa4	0.404	Possessing mitochondrial presequence	48(MPP)	0.229	7-11,10-14,14-18,28-32,33-37,42-46,45-49	9-18-high	-	-	-	11-16	7-12	-	-	-	-	-	-	-	-	-	
synMTS_4_313_coa4	0.619	Possessing mitochondrial presequence	79(MPP)	0.241	7-11,11-15,16-20,26-30,51-55,77-81	4-15-high	-	-	-	-	-	-	-	-	-	-	-	-	-	-	
synMTS_4_314_coa4	0.956	Possessing mitochondrial presequence	77(MPP)	0.234	12-16,16-20,19-23,39-43,52-56,64-68,67-71,71-75	12-21-high	-	-	-	-	-	-	-	-	-	-	-	15-20	-	-	
synMTS_4_315_coa4	0.621	Possessing mitochondrial presequence	44(MPP)	0.227	59-63,92-96,95-99	3-12-high	-	-	-	-	-	-	-	-	-	-	-	-	-	-	
synMTS_4_316_coa4	0.251	No mitochondrial presequence	30(MPP)	0.233	12-16,94-98	12-23-high	-	21-26	-	-	-	-	-	-	-	-	-	-	-	-	
synMTS_4_317_coa4	0.095	No mitochondrial presequence	56(MPP)	0.232	58-62	2-11-high	-	-	-	-	-	-	-	-	-	-	-	-	-	-	
synMTS_4_318_coa4	0.627	Possessing mitochondrial presequence	15(MPP)	0.200	12-16,16-20,30-34,44-48,71-75	11-20-high	-	-	-	-	12-17	-	-	-	-	-	-	-	-	-	
synMTS_4_319_coa4	0.694	Possessing mitochondrial presequence	41(MPP)	0.220	22-26,26-30,29-33,33-37,47-51,52-56	17-26-high	-	-	-	-	-	-	4-9	-	-	3-8	-	-	-	-	
synMTS_4_320_coa4	0.423	Possessing mitochondrial presequence	14(MPP), 15(Icp55)	0.214	28-32,43-47,55-59,59-63,66-70,70-74,77-81,87-91	21-30-high	-	-	-	-	-	-	-	-	-	-	-	-	-	-	
synMTS_4_321_coa4	0.364	No mitochondrial presequence	17(MPP)	0.176	55-59,85-89	9-18-high	-	-	-	-	-	-	-	-	-	-	-	-	-	-	
synMTS_4_322_coa4	0.595	Possessing mitochondrial presequence	55(MPP)	0.255	11-15,61-65	8-17-high	-	-	-	-	-	-	-	-	-	-	-	10-15	-	-	
synMTS_4_323_coa4	0.158	No mitochondrial presequence	66(MPP)	0.227	27-31,46-50,58-62,63-67	12-23-high	-	-	-	-	-	-	-	-	-	-	-	-	-	-	
synMTS_4_324_coa4	0.278	No mitochondrial presequence	23(MPP)	0.217	12-16,16-20,20-24,34-38,40-44	12-24-high	-	-	-	-	-	-	-	-	-	-	-	15-20	-	-	
synMTS_4_325_coa4	0.633	Possessing mitochondrial presequence	19(MPP)	0.211	26-30,36-40,59-63	1-12-high	-	-	-	-	-	-	-	-	-	-	-	-	-	-	
synMTS_4_326_coa4	0.201	No mitochondrial presequence	59(MPP)	0.237	29-33,34-38,74-78,84-88	10-20-high	-	-	-	-	-	-	-	-	-	-	-	-	-	-	
synMTS_4_327_coa4	0.480	Possessing mitochondrial presequence	70(MPP)	0.229	5-9,8-12,11-15,23-27,42-46,46-50,59-63,63-67,67-71	3-12-high	-	-	-	-	8-13	-	-	-	-	-	-	-	23-28	-	
synMTS_4_328_coa4	0.164	No mitochondrial presequence	39(MPP)	0.231	64-68,68-72,73-77	9-18-high	-	-	-	-	-	-	-	-	-	-	-	-	-	-	
synMTS_4_329_coa4	0.616	Possessing mitochondrial presequence	44(MPP)	0.273		15-24-high	-	-	-	-	-	-	-	-	-	-	-	-	-	-	
synMTS_4_330_coa4	0.056	No mitochondrial presequence	47(MPP)	0.234	41-45,44-48	2-11-low	-	-	-	-	-	-	-	-	-	-	-	-	-	-	
synMTS_4_331_coa4	0.438	Possessing mitochondrial presequence	74(MPP)	0.243	3-7,12-16,24-28,28-32,47-51,62-66	16-28-high	-	18-23	-	-	-	16-21	-	-	-	15-20	-	-	-	-	
synMTS_4_332_coa4	0.176	No mitochondrial presequence	20(MPP)	0.250	17-21	5-14-high	-	-	-	-	-	-	-	-	-	-	-	-	-	-	
synMTS_4_333_coa4	0.558	Possessing mitochondrial presequence	64(MPP)	0.250	14-18,51-55,57-61	10-19-high	-	-	-	-	-	-	-	-	-	-	-	13-18	-	-	
synMTS_4_334_coa4	0.708	Possessing mitochondrial presequence	33(MPP)	0.242	22-26,26-30,30-34,34-38,44-48,54-58	18-30-high	-	-	-	-	-	-	-	-	-	-	-	25-30	-	-	
synMTS_4_335_coa4	0.208	No mitochondrial presequence	32(MPP)	0.219	50-54,56-60,59-63,72-76,95-99	9-22-high	-	-	-	-	-	-	-	8-13	-	-	-	-	-	-	
synMTS_4_336_coa4	0.404	Possessing mitochondrial presequence	60(MPP)	0.233	57-61	17-26-high	-	-	-	-	-	-	-	-	-	-	-	-	-	-	
synMTS_4_337_coa4	0.407	Possessing mitochondrial presequence	81(MPP)	0.247	7-11,24-28,69-73	2-11-high	-	-	-	-	-	-	-	-	-	-	-	-	-	-	
synMTS_4_338_coa4	0.616	Possessing mitochondrial presequence	15(MPP)	0.200	7-11,28-32,46-50	14-23-high	-	18-23	-	-	-	-	-	-	-	-	-	-	7-12	-	
synMTS_4_339_coa4	0.548	Possessing mitochondrial presequence	15(MPP)	0.267	51-55,64-68,74-78	9-18-high	-	4-9,11-16	-	-	-	9-14	-	-	-	8-13	-	-	-	-	
synMTS_4_340_coa4	0.130	No mitochondrial presequence	63(MPP)	0.238	50-54,57-61	1-10-low	-	-	-	-	-	-	-	-	-	-	-	-	-	-	
synMTS_4_341_coa4	0.723	Possessing mitochondrial presequence	59(MPP), 60(Icp55)	0.237	7-11,11-15,25-29,28-32	5-14-high	-	-	-	-	-	-	-	-	-	-	-	10-15	11-16	-	
synMTS_4_342_coa4	0.266	No mitochondrial presequence	65(MPP)	0.231	52-56	21-30-high	-	-	-	-	-	-	-	-	-	-	-	-	-	-	
synMTS_4_343_coa4	0.325	No mitochondrial presequence	26(MPP)	0.231	19-23,23-27	21-30-high	-	-	-	-	23-28	-	-	-	-	-	-	-	-	-	
synMTS_4_344_coa4	0.856	Possessing mitochondrial presequence	57(MPP)	0.246	28-32,45-49	9-18-high	-	-	-	-	-	-	12-17	-	-	11-16	-	-	-	-	
synMTS_4_345_coa4	0.335	No mitochondrial presequence	47(MPP)	0.234	21-25	19-28-high	-	-	-	-	21-26	-	-	-	-	-	-	-	-	-	
synMTS_4_346_coa4	0.458	Possessing mitochondrial presequence	68(MPP)	0.265	25-29,35-39,54-58,57-61	14-23-high	-	-	-	-	-	-	-	-	-	-	-	-	25-30	-	
synMTS_4_347_coa4	0.231	No mitochondrial presequence	26(MPP)	0.231	36-40,52-56	18-27-high	-	-	-	-	-	-	-	-	-	-	-	-	-	-	
synMTS_4_348_coa4	0.499	Possessing mitochondrial presequence	11(MPP), 12(Icp55)	0.182	28-32,33-37,54-58,57-61,60-64,92-96,95-99	19-28-high	-	-	-	-	-	-	-	-	-	-	-	-	-	-	
synMTS_4_349_coa4	0.361	No mitochondrial presequence	86(MPP), 87(Icp55)	0.256	44-48,47-51,84-88,88-92	9-18-high	-	9-14	-	-	-	7-12,14-19	-	-	-	13-18	-	-	-	6-11	
synMTS_4_350_coa4	0.031	No mitochondrial presequence	49(MPP)	0.265	36-40,39-43	19-30-low	-	-	-	-	-	-	-	-	-	-	-	-	-	-	
synMTS_4_351_coa4	0.769	Possessing mitochondrial presequence	18(MPP)	0.222	12-16	10-19-high	-	-	-	-	12-17	-	-	-	-	-	-	-	-	-	
synMTS_4_352_coa4	0.437	Possessing mitochondrial presequence	64(MPP)	0.250	4-8,42-46,56-60	13-22-high	-	-	-	-	-	-	15-20	-	-	-	-	-	-	-	
synMTS_4_353_coa4	0.260	No mitochondrial presequence	68(MPP)	0.235	4-8,7-11,11-15,39-43,43-47,51-55,54-58,78-82,82-86,87-91	9-18-high	-	-	-	8-13	-	-	-	-	-	-	-	3-8	-	-	
synMTS_4_354_coa4	0.242	No mitochondrial presequence	56(MPP)	0.214	20-24,35-39,40-44,63-67,86-90	11-20-high	-	-	-	-	-	4-9	-	-	-	3-8	-	-	-	-	
synMTS_4_355_coa4	0.431	Possessing mitochondrial presequence	45(MPP)	0.244	19-23,35-39,42-46	14-23-high	-	-	-	-	-	-	-	-	-	-	-	18-23	-	-	
synMTS_4_356_coa4	0.548	Possessing mitochondrial presequence	44(MPP)	0.250	15-19,34-38,38-42,42-46	10-19-high	-	-	-	-	-	-	-	-	-	-	-	-	-	-	
synMTS_4_357_coa4	0.478	Possessing mitochondrial presequence	14(MPP)	0.214	4-8,36-40,48-52	7-17-high	-	-	5-10	-	4-9	-	-	-	-	-	-	-	-	-	
synMTS_4_358_coa4	0.371	No mitochondrial presequence	42(MPP)	0.262	32-36,59-63,62-66,83-87	16-25-high	-	-	-	-	-	-	-	-	-	-	-	-	-	-	
synMTS_4_359_coa4	0.319	No mitochondrial presequence	53(MPP)	0.226	5-9,9-13,50-54	7-16-high	-	-	-	-	-	-	-	-	-	-	-	8-13	-	-	
synMTS_4_360_coa4	0.720	Possessing mitochondrial presequence	12(MPP)	0.250	14-18,28-32,40-44,60-64	7-20-low	-	-	-	-	-	-	-	-	-	-	-	-	-	-	
synMTS_4_361_coa4	0.537	Possessing mitochondrial presequence	18(MPP)	0.222	3-7,36-40,61-65,64-68,67-71,70-74	8-21-high	-	-	-	-	-	-	-	-	-	-	-	-	-	-	
synMTS_4_362_coa4	0.133	No mitochondrial presequence	47(MPP)	0.234	40-44,45-49,62-66,65-69,70-74	20-29-high	-	-	-	-	-	-	-	-	-	-	-	-	-	-	
synMTS_4_363_coa4	0.504	Possessing mitochondrial presequence	31(MPP)	0.258	7-11,10-14,22-26,25-29,28-32,38-42,46-50,49-53,54-58	9-18-high	-	-	-	-	7-12,22-27,25-30	14-19	-	-	-	13-18	-	-	-	-	
synMTS_4_364_coa4	0.503	Possessing mitochondrial presequence	18(MPP)	0.222	20-24,53-57	19-28-high	-	-	-	-	-	-	-	-	-	-	-	-	-	-	
synMTS_4_365_coa4	0.121	No mitochondrial presequence	16(MPP)	0.188	20-24,92-96	20-29-high	-	-	-	-	20-25	-	-	-	-	-	-	-	-	-	
synMTS_4_366_coa4	0.126	No mitochondrial presequence	63(MPP)	0.254	15-19	11-20-high	-	-	-	-	-	-	-	-	-	-	-	-	-	-	
synMTS_4_367_coa4	0.187	No mitochondrial presequence	46(MPP)	0.217	52-56	8-17-high	-	-	-	-	-	-	-	-	-	-	-	-	-	-	
synMTS_4_368_coa4	0.132	No mitochondrial presequence	43(MPP)	0.233	10-14,36-40,40-44	8-17-high	-	-	-	-	-	-	-	-	-	-	-	-	-	-	
synMTS_4_369_coa4	0.571	Possessing mitochondrial presequence	30(MPP)	0.267	39-43,47-51,69-73,94-98	21-30-high	-	-	-	-	-	-	-	-	23-28	-	-	-	-	-	
synMTS_4_370_coa4	0.539	Possessing mitochondrial presequence	10(MPP)	0.200	24-28,52-56,57-61,71-75,75-79	1-10-high	-	19-24	-	-	-	-	-	-	-	-	-	-	-	-	
synMTS_4_371_coa4	0.061	No mitochondrial presequence	54(MPP)	0.222	3-7,26-30,29-33,42-46	14-23-high	-	-	-	-	-	-	-	-	-	-	-	-	-	-	
synMTS_4_372_coa4	0.056	No mitochondrial presequence	37(MPP)	0.243		17-26-high	-	-	-	-	-	-	-	-	-	-	-	-	-	-	
synMTS_4_373_coa4	0.179	No mitochondrial presequence	44(MPP)	0.227	36-40	10-19-high	-	-	-	-	-	-	-	-	-	-	-	-	-	-	
synMTS_4_374_coa4	0.160	No mitochondrial presequence	42(MPP)	0.238	35-39,88-92,92-96	1-10-high	-	-	-	-	-	-	-	-	-	-	-	-	-	-	
synMTS_4_375_coa4	0.445	Possessing mitochondrial presequence	48(MPP)	0.250	12-16,15-19,18-22,26-30	20-29-high	-	-	-	-	12-17,15-20,18-23	-	21-26	-	-	-	-	25-30	-	-	
synMTS_4_376_coa4	0.746	Possessing mitochondrial presequence	42(MPP)	0.214	9-13,44-48,81-85	8-17-high	-	-	-	10-15	-	-	-	-	-	-	2-7	-	-	-	
synMTS_4_377_coa4	0.960	Possessing mitochondrial presequence	42(MPP)	0.238	21-25,34-38,39-43	14-23-high	-	-	-	22-27	-	-	9-14	-	-	-	-	-	-	-	
synMTS_4_378_coa4	0.250	No mitochondrial presequence	22(MPP)	0.227	45-49,49-53,56-60	10-19-high	-	-	-	-	-	-	-	-	-	-	-	-	-	-	
synMTS_4_379_coa4	0.212	No mitochondrial presequence	24(MPP)	0.250	14-18,17-21,22-26,29-33,33-37,48-52,64-68,69-73	21-30-high	-	-	-	6-11	-	-	-	-	20-25	-	-	-	-	-	
synMTS_4_380_coa4	0.443	Possessing mitochondrial presequence	44(MPP)	0.250	51-55	6-15-high	-	-	-	-	-	-	-	-	-	-	-	-	-	-	
synMTS_4_381_coa4	0.376	No mitochondrial presequence	50(MPP)	0.260	3-7,6-10,12-16,20-24,24-28,42-46	19-28-high	-	-	-	-	3-8,6-11	-	-	-	-	-	-	23-28	-	-	
synMTS_4_382_coa4	0.337	No mitochondrial presequence	58(MPP)	0.241	2-6,14-18,37-41,55-59	14-25-high	-	-	-	-	2-7	-	-	-	-	-	-	-	-	-	
synMTS_4_383_coa4	0.362	No mitochondrial presequence	15(MPP)	0.200	4-8,33-37,36-40	5-15-high	-	-	-	-	-	-	-	-	-	-	-	3-8	-	-	
synMTS_4_384_coa4	0.804	Possessing mitochondrial presequence	70(MPP)	0.257	9-13,44-48	11-20-high	-	-	-	-	-	-	-	-	-	-	-	-	-	-	
synMTS_4_385_coa4	0.959	Possessing mitochondrial presequence	10(MPP), 11(Icp55)	0.200	7-11,11-15,15-19,19-23,22-26,67-71,70-74,74-78,93-97,96-100	7-18-high	-	-	-	-	11-16,19-24	-	-	-	-	-	-	-	-	-	
synMTS_4_386_coa4	0.245	No mitochondrial presequence	81(MPP)	0.247	75-79,78-82,86-90	21-30-high	-	-	-	-	-	-	-	7-12	-	-	-	-	-	-	
synMTS_4_387_coa4	0.750	Possessing mitochondrial presequence	17(MPP)	0.176	85-89,95-99	14-23-low	-	-	-	-	-	14-19	-	-	-	-	-	-	-	-	
synMTS_4_388_coa4	0.147	No mitochondrial presequence	14(MPP)	0.214	78-82,93-97	16-25-high	-	-	-	-	-	20-25	-	-	-	-	-	-	-	19-24	
synMTS_4_389_coa4	0.315	No mitochondrial presequence	26(MPP)	0.231	23-27,37-41,52-56,55-59	17-27-high	-	-	-	-	-	-	-	-	-	-	-	-	-	-	
synMTS_4_390_coa4	0.265	No mitochondrial presequence	59(MPP)	0.254	7-11,44-48	5-14-high	-	-	-	-	-	-	-	-	-	-	-	-	-	-	
synMTS_4_391_coa4	0.269	No mitochondrial presequence	13(MPP)	0.231	19-23,40-44,53-57	18-27-high	-	9-14	-	-	-	-	2-7	-	-	1-6	-	-	-	-	
synMTS_4_392_coa4	0.167	No mitochondrial presequence	40(MPP)	0.225	17-21,21-25,54-58,87-91	18-27-high	-	-	-	-	-	-	-	-	15-20	-	-	-	-	-	
synMTS_4_393_coa4	0.893	Possessing mitochondrial presequence	86(MPP)	0.267	13-17,34-38,38-42,42-46,87-91	12-21-high	-	-	-	-	-	16-21	-	-	-	-	-	-	-	-	
synMTS_4_394_coa4	0.206	No mitochondrial presequence	53(MPP)	0.264	26-30,54-58,58-62,62-66,79-83	13-24-high	-	-	-	-	-	-	-	-	-	-	-	-	-	-	
synMTS_4_395_coa4	0.779	Possessing mitochondrial presequence	21(MPP)	0.238	7-11,15-19,19-23,35-39,40-44,90-94	15-24-high	-	-	8-13	-	7-12,15-20	-	-	-	-	-	-	-	-	-	
synMTS_4_396_coa4	0.156	No mitochondrial presequence	20(MPP), 21(Icp55)	0.200	13-17,17-21,27-31,30-34,34-38,46-50	8-17-high	-	-	-	-	-	-	-	-	-	-	-	-	-	-	
synMTS_4_397_coa4	0.140	No mitochondrial presequence	47(MPP)	0.277		11-21-high	-	-	-	-	-	-	-	-	-	-	-	-	-	-	
synMTS_4_398_coa4	0.232	No mitochondrial presequence	31(MPP)	0.226	23-27,51-55,59-63,76-80	15-28-low	-	-	-	-	-	-	-	-	-	-	-	-	23-28	-	
synMTS_4_399_coa4	0.691	Possessing mitochondrial presequence	26(MPP)	0.231	46-50,65-69	13-23-high	-	-	-	-	-	-	-	-	-	-	-	-	-	-	
synMTS_4_400_coa4	0.224	No mitochondrial presequence	25(MPP)	0.240	22-26,80-84	8-17-high	-	-	-	-	-	-	-	-	-	-	-	-	-	-	
synMTS_5_201_coa4	0.001	No mitochondrial presequence	95(MPP)	-0.211		4-13-low	-	-	-	-	-	-	-	-	-	-	-	-	-	-	
synMTS_5_202_coa4	0.002	No mitochondrial presequence	66(MPP)	-0.212		14-23-low	-	-	-	-	-	-	-	-	-	-	-	-	-	-	
synMTS_5_203_coa4	0.002	No mitochondrial presequence	49(MPP)	-0.224		9-18-low	-	-	-	-	-	-	-	-	-	-	-	-	-	-	
synMTS_5_204_coa4	0.000	No mitochondrial presequence	57(MPP)	-0.193		11-21-high	-	-	-	-	-	-	-	-	-	-	-	-	-	-	
synMTS_5_205_coa4	0.000	No mitochondrial presequence	73(MPP)	-0.192		12-21-low	-	-	-	-	-	-	-	-	-	-	-	-	-	-	
synMTS_5_206_coa4	0.001	No mitochondrial presequence	85(MPP)	-0.224		20-29-low	-	-	-	-	-	-	-	-	-	-	-	-	-	-	
synMTS_5_207_coa4	0.000	No mitochondrial presequence	12(MPP)	-0.250	26-30	6-15-low	-	-	-	-	-	-	-	-	-	-	-	-	-	-	
synMTS_5_208_coa4	0.007	No mitochondrial presequence	54(MPP)	-0.222	51-55	4-13-low	-	-	-	-	-	-	-	-	-	-	-	-	-	-	
synMTS_5_209_coa4	0.000	No mitochondrial presequence	53(MPP)	-0.189	50-54	20-29-low	-	-	-	-	-	-	-	-	-	-	-	-	-	-	
synMTS_5_210_coa4	0.000	No mitochondrial presequence	29(MPP), 30(Icp55)	-0.241		18-27-low	-	-	-	-	-	-	-	-	-	-	-	-	-	-	
synMTS_5_211_coa4	0.000	No mitochondrial presequence	63(MPP)	-0.238		7-16-low	-	-	-	-	-	-	-	-	-	-	-	-	-	-	
synMTS_5_212_coa4	0.027	No mitochondrial presequence	50(MPP)	-0.260	4-8	3-12-low	-	-	-	-	-	-	-	-	-	-	-	-	-	-	
synMTS_5_213_coa4	0.000	No mitochondrial presequence	69(MPP)	-0.217	67-71	17-26-low	-	-	-	-	-	-	-	-	-	-	-	-	-	-	
synMTS_5_214_coa4	0.004	No mitochondrial presequence	85(MPP)	-0.235	82-86	3-13-low	-	-	-	-	-	-	-	-	-	-	-	-	-	-	
synMTS_5_215_coa4	0.000	No mitochondrial presequence	63(MPP)	-0.222		21-30-low	-	-	-	-	-	-	-	-	-	-	-	-	-	-	
synMTS_5_216_coa4	0.001	No mitochondrial presequence	74(MPP)	-0.216	51-55,71-75	16-25-low	-	-	-	-	-	-	-	-	-	-	-	-	-	-	
synMTS_5_217_coa4	0.009	No mitochondrial presequence	26(MPP)	-0.192	57-61,83-87	19-30-low	-	-	-	-	-	-	-	-	-	-	-	-	-	-	
synMTS_5_218_coa4	0.008	No mitochondrial presequence	82(MPP)	-0.220		9-18-low	-	-	-	-	-	-	-	-	-	-	-	-	-	-	
synMTS_5_219_coa4	0.013	No mitochondrial presequence	78(MPP)	-0.231		6-16-low	-	-	-	-	-	-	-	-	-	-	-	-	-	-	
synMTS_5_220_coa4	0.001	No mitochondrial presequence	72(MPP)	-0.208		20-29-low	-	-	-	-	-	-	-	-	-	-	-	-	-	-	
synMTS_5_221_coa4	0.003	No mitochondrial presequence	57(MPP)	-0.211		10-19-low	-	-	-	-	-	-	-	-	-	-	-	-	-	-	
synMTS_5_222_coa4	0.001	No mitochondrial presequence	85(MPP)	-0.224		10-19-low	-	-	-	-	-	-	-	-	-	-	-	-	-	-	
synMTS_5_223_coa4	0.000	No mitochondrial presequence	70(MPP)	-0.200		18-27-low	-	-	-	-	-	-	-	-	-	-	-	-	-	-	
synMTS_5_224_coa4	0.000	No mitochondrial presequence	28(MPP)	-0.250		7-16-low	-	-	-	-	-	-	-	-	-	-	-	-	-	-	
synMTS_5_225_coa4	0.000	No mitochondrial presequence	11(MPP)	-0.182		4-13-low	-	-	-	-	-	-	-	-	-	-	-	-	-	-	
synMTS_5_226_coa4	0.010	No mitochondrial presequence	44(MPP)	-0.182	41-45	9-18-low	-	-	-	-	-	-	-	-	-	-	-	-	-	-	
synMTS_5_227_coa4	0.000	No mitochondrial presequence	81(MPP)	-0.222	79-83	2-11-low	-	-	-	-	-	-	-	-	-	-	-	-	-	-	
synMTS_5_228_coa4	0.006	No mitochondrial presequence	67(MPP)	-0.224	64-68	18-27-low	-	-	-	-	-	-	-	-	-	-	-	-	-	-	
synMTS_5_229_coa4	0.002	No mitochondrial presequence	81(MPP)	-0.222	46-50	3-12-low	-	-	-	-	-	-	-	-	-	-	-	-	-	-	
synMTS_5_230_coa4	0.002	No mitochondrial presequence	59(MPP)	-0.220		20-29-low	-	-	-	-	-	-	-	-	-	-	-	-	-	-	
synMTS_5_231_coa4	0.000	No mitochondrial presequence	45(MPP)	-0.244		4-13-low	-	-	-	-	-	-	-	-	-	-	-	-	-	-	
synMTS_5_232_coa4	0.001	No mitochondrial presequence	62(MPP)	-0.210		5-14-low	-	-	-	-	-	-	-	-	-	-	-	-	-	-	
synMTS_5_233_coa4	0.001	No mitochondrial presequence	55(MPP)	-0.200		4-13-low	-	-	-	-	-	-	-	-	-	-	-	-	-	-	
synMTS_5_234_coa4	0.016	No mitochondrial presequence	89(MPP)	-0.225	4-8	4-13-low	-	-	-	-	-	-	-	-	-	-	-	-	-	-	
synMTS_5_235_coa4	0.004	No mitochondrial presequence	14(MPP), 15(Icp55)	-0.214	79-83	18-27-low	-	-	-	-	-	-	-	-	-	-	-	-	-	-	
synMTS_5_236_coa4	0.001	No mitochondrial presequence	27(MPP)	-0.259		2-12-low	-	-	-	-	-	-	-	-	-	-	-	-	-	-	
synMTS_5_237_coa4	0.000	No mitochondrial presequence	90(MPP)	-0.211		13-22-low	-	-	-	-	-	-	-	-	-	-	-	-	-	-	
synMTS_5_238_coa4	0.002	No mitochondrial presequence	62(MPP)	-0.210		19-28-low	-	-	-	-	-	-	-	-	-	-	-	-	-	-	
synMTS_5_239_coa4	0.001	No mitochondrial presequence	76(MPP)	-0.224	73-77	11-24-low	-	-	-	-	-	-	-	-	-	-	-	-	-	-	
synMTS_5_240_coa4	0.000	No mitochondrial presequence	61(MPP)	-0.180	58-62	14-23-low	-	-	-	-	-	-	-	-	-	-	-	-	-	-	
synMTS_5_241_coa4	0.001	No mitochondrial presequence	78(MPP)	-0.205	75-79	4-13-low	-	-	-	-	-	-	-	-	-	-	-	-	-	-	
synMTS_5_242_coa4	0.000	No mitochondrial presequence	39(MPP)	-0.231	75-79,93-97	11-20-low	-	-	-	-	-	-	-	-	-	-	-	-	-	-	
synMTS_5_243_coa4	0.003	No mitochondrial presequence	14(MPP), 15(Icp55)	-0.286		12-21-low	-	-	-	-	-	-	-	-	-	-	-	-	-	-	
synMTS_5_244_coa4	0.000	No mitochondrial presequence	76(MPP)	-0.211	18-22,73-77	13-22-low	-	-	-	-	-	-	-	-	-	-	-	-	-	-	
synMTS_5_245_coa4	0.001	No mitochondrial presequence	81(MPP)	-0.210		15-24-low	-	-	-	-	-	-	-	-	-	-	-	-	-	-	
synMTS_5_246_coa4	0.002	No mitochondrial presequence	82(MPP)	-0.232		18-27-low	-	-	-	-	-	-	-	-	-	-	-	-	-	-	
synMTS_5_247_coa4	0.000	No mitochondrial presequence	49(MPP)	-0.245	93-97	14-23-low	-	-	-	-	-	-	-	-	-	-	-	-	-	-	
synMTS_5_248_coa4	0.002	No mitochondrial presequence	57(MPP)	-0.228		9-18-low	-	-	-	-	-	-	-	-	-	-	-	-	-	-	
synMTS_5_249_coa4	0.005	No mitochondrial presequence	40(MPP)	-0.225		21-30-low	-	-	-	-	-	-	-	-	-	-	-	-	-	-	
synMTS_5_250_coa4	0.000	No mitochondrial presequence	51(MPP)	-0.196		6-17-low	-	-	-	-	-	-	-	-	-	-	-	-	-	-	
synMTS_5_251_coa4	0.001	No mitochondrial presequence	23(MPP)	-0.217		19-28-low	-	-	-	-	-	-	-	-	-	-	-	-	-	-	
synMTS_5_252_coa4	0.002	No mitochondrial presequence	52(MPP)	-0.192		13-22-low	-	-	-	-	-	-	-	-	-	-	-	-	-	-	
synMTS_5_253_coa4	0.001	No mitochondrial presequence	69(MPP)	-0.203		17-26-low	-	-	-	-	-	-	-	-	-	-	-	-	-	-	
synMTS_5_254_coa4	0.000	No mitochondrial presequence	12(MPP), 13(Icp55)	-0.250		20-29-low	-	-	-	-	-	-	-	-	-	-	-	-	-	-	
synMTS_5_255_coa4	0.005	No mitochondrial presequence	71(MPP)	-0.211		10-19-low	-	-	-	-	-	-	-	-	-	-	-	-	-	-	
synMTS_5_256_coa4	0.008	No mitochondrial presequence	64(MPP)	-0.203		10-19-low	-	-	-	-	-	-	-	-	-	-	-	-	-	-	
synMTS_5_257_coa4	0.001	No mitochondrial presequence	39(MPP), 40(Icp55)	-0.256		19-28-low	-	-	-	-	-	-	-	-	-	-	-	-	-	-	
synMTS_5_258_coa4	0.000	No mitochondrial presequence	88(MPP)	-0.216	86-90	14-23-low	-	-	-	-	-	-	-	-	-	-	-	-	-	-	
synMTS_5_259_coa4	0.001	No mitochondrial presequence	59(MPP)	-0.203	56-60	12-21-low	-	-	-	-	-	-	-	-	-	-	-	-	-	-	
synMTS_5_260_coa4	0.000	No mitochondrial presequence	92(MPP)	-0.217	89-93	15-24-low	-	-	-	-	-	-	-	-	-	-	-	-	-	-	
synMTS_5_261_coa4	0.002	No mitochondrial presequence	94(MPP)	-0.234		1-13-low	-	-	-	-	-	-	-	-	-	-	-	-	-	-	
synMTS_5_262_coa4	0.000	No mitochondrial presequence	44(MPP)	-0.227		12-23-low	-	-	-	-	-	-	-	-	-	-	-	-	-	-	
synMTS_5_263_coa4	0.000	No mitochondrial presequence	19(MPP)	-0.211		13-22-low	-	-	-	-	-	-	-	-	-	-	-	-	-	-	
synMTS_5_264_coa4	0.002	No mitochondrial presequence	85(MPP)	-0.224		6-15-low	-	-	-	-	-	-	-	-	-	-	-	-	-	-	
synMTS_5_265_coa4	0.002	No mitochondrial presequence	94(MPP)	-0.223	91-95	10-19-low	-	-	-	-	-	-	-	-	-	-	-	-	-	-	
synMTS_5_266_coa4	0.024	No mitochondrial presequence	82(MPP)	-0.232	79-83	16-25-low	-	-	-	-	-	-	-	-	-	-	-	-	-	-	
synMTS_5_267_coa4	0.001	No mitochondrial presequence	22(MPP)	-0.227		5-14-low	-	-	-	-	-	-	-	-	-	-	-	-	-	-	
synMTS_5_268_coa4	0.002	No mitochondrial presequence	62(MPP)	-0.210		2-11-low	-	-	-	-	-	-	-	-	-	-	-	-	-	-	
synMTS_5_269_coa4	0.000	No mitochondrial presequence	91(MPP)	-0.220		2-11-low	-	-	-	-	-	-	-	-	-	-	-	-	-	-	
synMTS_5_270_coa4	0.002	No mitochondrial presequence	73(MPP)	-0.233		15-24-low	-	-	-	-	-	-	-	-	-	-	-	-	-	-	
synMTS_5_271_coa4	0.003	No mitochondrial presequence	65(MPP)	-0.185	63-67	11-20-low	-	-	-	-	-	-	-	-	-	-	-	-	-	-	
synMTS_5_272_coa4	0.001	No mitochondrial presequence	15(MPP)	-0.200		12-21-low	-	-	-	-	-	-	-	-	-	-	-	-	-	-	
synMTS_5_273_coa4	0.002	No mitochondrial presequence	83(MPP)	-0.229		18-27-low	-	-	-	-	-	-	-	-	-	-	-	-	-	-	
synMTS_5_274_coa4	0.002	No mitochondrial presequence	87(MPP)	-0.230		2-11-low	-	-	-	-	-	-	-	-	-	-	-	-	-	-	
synMTS_5_275_coa4	0.001	No mitochondrial presequence	65(MPP)	-0.185	63-67	10-20-low	-	-	-	-	-	-	-	-	-	-	-	-	-	-	
synMTS_5_276_coa4	0.001	No mitochondrial presequence	47(MPP)	-0.191	20-24,44-48	18-27-low	-	-	-	-	-	-	-	-	-	-	-	-	-	-	
synMTS_5_277_coa4	0.000	No mitochondrial presequence	65(MPP)	-0.200	62-66	18-27-low	-	-	-	-	-	-	-	-	-	-	-	-	-	-	
synMTS_5_278_coa4	0.002	No mitochondrial presequence	43(MPP)	-0.233		21-30-low	-	-	-	-	-	-	-	-	-	-	-	-	-	-	
synMTS_5_279_coa4	0.001	No mitochondrial presequence	87(MPP)	-0.230	81-85	20-29-low	-	-	-	-	-	-	-	-	-	-	-	-	-	-	
synMTS_5_280_coa4	0.005	No mitochondrial presequence	92(MPP)	-0.228	10-14	10-19-low	-	-	-	-	-	-	-	-	-	-	-	-	-	-	
synMTS_5_281_coa4	0.004	No mitochondrial presequence	91(MPP)	-0.220	88-92	17-30-low	-	-	-	-	-	-	-	-	-	-	-	-	-	-	
synMTS_5_282_coa4	0.000	No mitochondrial presequence	87(MPP)	-0.218	84-88	14-23-low	-	-	-	-	-	-	-	-	-	-	-	-	-	-	
synMTS_5_283_coa4	0.004	No mitochondrial presequence	71(MPP)	-0.211	55-59,69-73	7-16-low	-	-	-	-	-	-	-	-	-	-	-	-	-	-	
synMTS_5_284_coa4	0.003	No mitochondrial presequence	58(MPP)	-0.207		17-26-low	-	-	-	-	-	-	-	-	-	-	-	-	-	-	
synMTS_5_285_coa4	0.005	No mitochondrial presequence	81(MPP)	-0.222		11-20-low	-	-	-	-	-	-	-	-	-	-	-	-	-	-	
synMTS_5_286_coa4	0.001	No mitochondrial presequence	92(MPP)	-0.217	89-93	8-17-low	-	-	-	-	-	-	-	-	-	-	-	-	-	-	
synMTS_5_287_coa4	0.001	No mitochondrial presequence	81(MPP)	-0.235		2-11-low	-	-	-	-	-	-	-	-	-	-	-	-	-	-	
synMTS_5_288_coa4	0.002	No mitochondrial presequence	56(MPP)	-0.196	24-28,41-45,53-57	13-22-low	-	-	-	-	-	-	-	-	-	-	-	-	-	-	
synMTS_5_289_coa4	0.003	No mitochondrial presequence	66(MPP)	-0.212		17-26-low	-	-	-	-	-	-	-	-	-	-	-	-	-	-	
synMTS_5_290_coa4	0.002	No mitochondrial presequence	94(MPP)	-0.245	91-95	20-29-low	-	-	-	-	-	-	-	-	-	-	-	-	-	-	
synMTS_5_291_coa4	0.007	No mitochondrial presequence	50(MPP)	-0.200		4-13-low	-	-	-	-	-	-	-	-	-	-	-	-	-	-	
synMTS_5_292_coa4	0.002	No mitochondrial presequence	91(MPP)	-0.220		18-27-low	-	-	-	-	-	-	-	-	-	-	-	-	-	-	
synMTS_5_293_coa4	0.002	No mitochondrial presequence	90(MPP)	-0.200	87-91	9-21-low	-	-	-	-	-	-	-	-	-	-	-	-	-	-	
synMTS_5_294_coa4	0.000	No mitochondrial presequence	59(MPP)	-0.203		13-22-low	-	-	-	-	-	-	-	-	-	-	-	-	-	-	
synMTS_5_295_coa4	0.001	No mitochondrial presequence	81(MPP)	-0.222		2-11-low	-	-	-	-	-	-	-	-	-	-	-	-	-	-	
synMTS_5_296_coa4	0.002	No mitochondrial presequence	90(MPP)	-0.222		5-15-low	-	-	-	-	-	-	-	-	-	-	-	-	-	-	
synMTS_5_297_coa4	0.003	No mitochondrial presequence	46(MPP)	-0.196		2-11-low	-	-	-	-	-	-	-	-	-	-	-	-	-	-	
synMTS_5_298_coa4	0.000	No mitochondrial presequence	78(MPP)	-0.192	66-70	9-18-low	-	-	-	-	-	-	-	-	-	-	-	-	-	-	
synMTS_5_299_coa4	0.001	No mitochondrial presequence	84(MPP)	-0.226	81-85	10-19-low	-	-	-	-	-	-	-	-	-	-	-	-	-	-	
synMTS_5_300_coa4	0.003	No mitochondrial presequence	82(MPP)	-0.220		12-21-low	-	-	-	-	-	-	-	-	-	-	-	-	-	-	
synMTS_5_301_coa4	0.000	No mitochondrial presequence	14(MPP)	-0.214		21-30-low	-	-	-	-	-	-	-	-	-	-	-	-	-	-	
synMTS_5_302_coa4	0.008	No mitochondrial presequence	64(MPP)	-0.188		20-30-low	-	-	-	-	-	-	-	-	-	-	-	-	-	-	
synMTS_5_303_coa4	0.000	No mitochondrial presequence	76(MPP)	-0.224	73-77	18-27-low	-	-	-	-	-	-	-	-	-	-	-	-	-	-	
synMTS_5_304_coa4	0.008	No mitochondrial presequence	92(MPP)	-0.228		21-30-low	-	-	-	-	-	-	-	-	-	-	-	-	-	-	
synMTS_5_305_coa4	0.001	No mitochondrial presequence	67(MPP)	-0.194		18-27-low	-	-	-	-	-	-	-	-	-	-	-	-	-	-	
synMTS_5_306_coa4	0.001	No mitochondrial presequence	86(MPP)	-0.221		18-27-low	-	-	-	-	-	-	-	-	-	-	-	-	-	-	
synMTS_5_307_coa4	0.000	No mitochondrial presequence	43(MPP)	-0.209		3-12-low	-	-	-	-	-	-	-	-	-	-	-	-	-	-	
synMTS_5_308_coa4	0.002	No mitochondrial presequence	86(MPP)	-0.233	17-21	2-11-low	-	-	-	-	-	-	-	-	-	-	-	-	-	-	
synMTS_5_309_coa4	0.004	No mitochondrial presequence	94(MPP)	-0.223	87-91,91-95	17-28-low	-	-	-	-	-	-	-	-	-	-	-	-	-	-	
synMTS_5_310_coa4	0.005	No mitochondrial presequence	51(MPP)	-0.196	8-12,48-52	6-15-low	-	-	-	-	-	-	-	-	-	-	-	-	-	-	
synMTS_5_311_coa4	0.001	No mitochondrial presequence	75(MPP)	-0.200	73-77	12-21-low	-	-	-	-	-	-	-	-	-	-	-	-	-	-	
synMTS_5_312_coa4	0.006	No mitochondrial presequence	83(MPP)	-0.217		3-14-low	-	-	-	-	-	-	-	-	-	-	-	-	-	-	
synMTS_5_313_coa4	0.001	No mitochondrial presequence	64(MPP)	-0.188		18-27-low	-	-	-	-	-	-	-	-	-	-	-	-	-	-	
synMTS_5_314_coa4	0.004	No mitochondrial presequence	60(MPP)	-0.200		13-28-low	-	-	-	-	-	-	-	-	-	-	-	-	-	-	
synMTS_5_315_coa4	0.000	No mitochondrial presequence	67(MPP)	-0.224		9-18-low	-	-	-	-	-	-	-	-	-	-	-	-	-	-	
synMTS_5_316_coa4	0.000	No mitochondrial presequence	90(MPP)	-0.222	87-91	12-21-low	-	-	-	-	-	-	-	-	-	-	-	-	-	-	
synMTS_5_317_coa4	0.001	No mitochondrial presequence	81(MPP)	-0.210		14-23-low	-	-	-	-	-	-	-	-	-	-	-	-	-	-	
synMTS_5_318_coa4	0.002	No mitochondrial presequence	70(MPP)	-0.200		17-26-low	-	-	-	-	-	-	-	-	-	-	-	-	-	-	
synMTS_5_319_coa4	0.003	No mitochondrial presequence	53(MPP)	-0.208		18-27-low	-	-	-	-	-	-	-	-	-	-	-	-	-	-	
synMTS_5_320_coa4	0.000	No mitochondrial presequence	71(MPP)	-0.211		17-26-low	-	-	-	-	-	-	-	-	-	-	-	-	-	-	
synMTS_5_321_coa4	0.002	No mitochondrial presequence	66(MPP)	-0.197	63-67	19-28-low	-	-	-	-	-	-	-	-	-	-	-	-	-	-	
synMTS_5_322_coa4	0.000	No mitochondrial presequence	88(MPP)	-0.250		8-17-low	-	-	-	-	-	-	-	-	-	-	-	-	-	-	
synMTS_5_323_coa4	0.001	No mitochondrial presequence	41(MPP)	-0.195		9-20-low	-	-	-	-	-	-	-	-	-	-	-	-	-	-	
synMTS_5_324_coa4	0.001	No mitochondrial presequence	73(MPP), 74(Icp55)	-0.219		1-10-low	-	-	-	-	-	-	-	-	-	-	-	-	-	-	
synMTS_5_325_coa4	0.001	No mitochondrial presequence	32(MPP)	-0.219		5-14-low	-	-	-	-	-	-	-	-	-	-	-	-	-	-	
synMTS_5_326_coa4	0.011	No mitochondrial presequence	84(MPP)	-0.214	81-85	2-11-low	-	-	-	-	-	-	-	-	-	-	-	-	-	-	
synMTS_5_327_coa4	0.002	No mitochondrial presequence	66(MPP)	-0.242		21-30-low	-	-	-	-	-	-	-	-	-	-	-	-	-	-	
synMTS_5_328_coa4	0.000	No mitochondrial presequence	43(MPP), 44(Icp55)	-0.233		14-24-low	-	-	-	-	-	-	-	-	-	-	-	-	-	-	
synMTS_5_329_coa4	0.031	No mitochondrial presequence	91(MPP)	-0.209		9-18-low	-	-	-	-	-	-	-	-	-	-	-	-	-	-	
synMTS_5_330_coa4	0.001	No mitochondrial presequence	57(MPP)	-0.211	55-59	3-15-low	-	-	-	-	-	-	-	-	-	-	-	-	-	-	
synMTS_5_331_coa4	0.000	No mitochondrial presequence	41(MPP)	-0.195		21-30-low	-	-	-	-	-	-	-	-	-	-	-	-	-	-	
synMTS_5_332_coa4	0.000	No mitochondrial presequence	17(MPP), 18(Icp55)	-0.235		7-18-low	-	-	-	-	-	-	-	-	-	-	-	-	-	-	
synMTS_5_333_coa4	0.001	No mitochondrial presequence	60(MPP)	-0.217	57-61	18-27-low	-	-	-	-	-	-	-	-	-	-	-	-	-	-	
synMTS_5_334_coa4	0.003	No mitochondrial presequence	84(MPP)	-0.202		12-21-low	-	-	-	-	-	-	-	-	-	-	-	-	-	-	
synMTS_5_335_coa4	0.000	No mitochondrial presequence	66(MPP)	-0.227		6-17-low	-	-	-	-	-	-	-	-	-	-	-	-	-	-	
synMTS_5_336_coa4	0.005	No mitochondrial presequence	24(MPP)	-0.250		5-16-low	-	-	-	-	-	-	-	-	-	-	-	-	-	-	
synMTS_5_337_coa4	0.000	No mitochondrial presequence	7(MPP), 8(Icp55)	-0.143	58-62	1-12-low	-	-	-	-	-	-	-	-	-	-	-	-	-	-	
synMTS_5_338_coa4	0.002	No mitochondrial presequence	69(MPP)	-0.217	66-70	6-15-low	-	-	-	-	-	-	-	-	-	-	-	-	-	-	
synMTS_5_339_coa4	0.002	No mitochondrial presequence	8(MPP)	-0.250		17-26-low	-	-	-	-	-	-	-	-	-	-	-	-	-	-	
synMTS_5_340_coa4	0.003	No mitochondrial presequence	50(MPP)	-0.200	40-44	18-27-low	-	-	-	-	-	-	-	-	-	-	-	-	-	-	
synMTS_5_341_coa4	0.001	No mitochondrial presequence	94(MPP)	-0.245		17-26-low	-	-	-	-	-	-	-	-	-	-	-	-	-	-	
synMTS_5_342_coa4	0.007	No mitochondrial presequence	68(MPP)	-0.176		18-27-low	-	-	-	-	-	-	-	-	-	-	-	-	-	-	
synMTS_5_343_coa4	0.001	No mitochondrial presequence	8(MPP)	-0.125		19-30-low	-	-	-	-	-	-	-	-	-	-	-	-	-	-	
synMTS_5_344_coa4	0.005	No mitochondrial presequence	52(MPP)	-0.212		1-10-low	-	-	-	-	-	-	-	-	-	-	-	-	-	-	
synMTS_5_345_coa4	0.008	No mitochondrial presequence	50(MPP)	-0.260		4-15-low	-	-	-	-	-	-	-	-	-	-	-	-	-	-	
synMTS_5_346_coa4	0.003	No mitochondrial presequence	66(MPP)	-0.182	63-67	21-30-low	-	-	-	-	-	-	-	-	-	-	-	-	-	-	
synMTS_5_347_coa4	0.003	No mitochondrial presequence	64(MPP)	-0.188		6-15-low	-	-	-	-	-	-	-	-	-	-	-	-	-	-	
synMTS_5_348_coa4	0.000	No mitochondrial presequence	55(MPP)	-0.200		13-22-low	-	-	-	-	-	-	-	-	-	-	-	-	-	-	
synMTS_5_349_coa4	0.003	No mitochondrial presequence	54(MPP)	-0.241	5-9	1-10-low	-	-	-	-	-	-	-	-	-	-	-	-	-	-	
synMTS_5_350_coa4	0.001	No mitochondrial presequence	89(MPP)	-0.236		17-26-low	-	-	-	-	-	-	-	-	-	-	-	-	-	-	
synMTS_5_351_coa4	0.001	No mitochondrial presequence	61(MPP)	-0.213	28-32,58-62	14-23-low	-	-	-	-	-	-	-	-	-	-	-	-	-	-	
synMTS_5_352_coa4	0.003	No mitochondrial presequence	72(MPP)	-0.194		4-13-low	-	-	-	-	-	-	-	-	-	-	-	-	-	-	
synMTS_5_353_coa4	0.003	No mitochondrial presequence	56(MPP)	-0.196	53-57	17-28-low	-	-	-	-	-	-	-	-	-	-	-	-	-	-	
synMTS_5_354_coa4	0.001	No mitochondrial presequence	46(MPP)	-0.196		8-18-low	-	-	-	-	-	-	-	-	-	-	-	-	-	-	
synMTS_5_355_coa4	0.007	No mitochondrial presequence	76(MPP)	-0.237	5-9	4-13-low	-	-	-	-	-	-	-	-	-	-	-	-	-	-	
synMTS_5_356_coa4	0.004	No mitochondrial presequence	71(MPP)	-0.211	68-72	13-22-low	-	-	-	-	-	-	-	-	-	-	-	-	-	-	
synMTS_5_357_coa4	0.000	No mitochondrial presequence	5(MPP)	-0.200		9-18-low	-	-	-	-	-	-	-	-	-	-	-	-	-	-	
synMTS_5_358_coa4	0.001	No mitochondrial presequence	66(MPP)	-0.197	63-67	11-20-low	-	-	-	-	-	-	-	-	-	-	-	-	-	-	
synMTS_5_359_coa4	0.000	No mitochondrial presequence	73(MPP)	-0.247		6-15-low	-	-	-	-	-	-	-	-	-	-	-	-	-	-	
synMTS_5_360_coa4	0.002	No mitochondrial presequence	48(MPP)	-0.188		5-14-low	-	-	-	-	-	-	-	-	-	-	-	-	-	-	
synMTS_5_361_coa4	0.015	No mitochondrial presequence	66(MPP)	-0.197		14-23-low	-	-	-	-	-	-	-	-	-	-	-	-	-	-	
synMTS_5_362_coa4	0.001	No mitochondrial presequence	59(MPP)	-0.220		21-30-low	-	-	-	-	-	-	-	-	-	-	-	-	-	-	
synMTS_5_363_coa4	0.003	No mitochondrial presequence	81(MPP)	-0.235		8-17-low	-	-	-	-	-	-	-	-	-	-	-	-	-	-	
synMTS_5_364_coa4	0.001	No mitochondrial presequence	56(MPP)	-0.196	53-57	15-24-low	-	-	-	-	-	-	-	-	-	-	-	-	-	-	
synMTS_5_365_coa4	0.002	No mitochondrial presequence	78(MPP)	-0.218		15-24-low	-	-	-	-	-	-	-	-	-	-	-	-	-	-	
synMTS_5_366_coa4	0.001	No mitochondrial presequence	31(MPP)	-0.226		11-20-low	-	-	-	-	-	-	-	-	-	-	-	-	-	-	
synMTS_5_367_coa4	0.010	No mitochondrial presequence	71(MPP)	-0.211	24-28	9-18-low	-	-	-	-	-	-	-	-	-	-	-	-	-	-	
synMTS_5_368_coa4	0.002	No mitochondrial presequence	46(MPP)	-0.174		17-26-low	-	-	-	-	-	-	-	-	-	-	-	-	-	-	
synMTS_5_369_coa4	0.000	No mitochondrial presequence	49(MPP)	-0.204		15-24-low	-	-	-	-	-	-	-	-	-	-	-	-	-	-	
synMTS_5_370_coa4	0.000	No mitochondrial presequence	54(MPP)	-0.222		7-18-low	-	-	-	-	-	-	-	-	-	-	-	-	-	-	
synMTS_5_371_coa4	0.000	No mitochondrial presequence	83(MPP)	-0.241		20-30-low	-	-	-	-	-	-	-	-	-	-	-	-	-	-	
synMTS_5_372_coa4	0.000	No mitochondrial presequence	58(MPP)	-0.224	25-29	20-29-low	-	-	-	-	-	-	-	-	-	-	-	-	-	-	
synMTS_5_373_coa4	0.000	No mitochondrial presequence	42(MPP)	-0.238		4-14-low	-	-	-	-	-	-	-	-	-	-	-	-	-	-	
synMTS_5_374_coa4	0.001	No mitochondrial presequence	95(MPP)	-0.221		21-30-low	-	-	-	-	-	-	-	-	-	-	-	-	-	-	
synMTS_5_375_coa4	0.002	No mitochondrial presequence	58(MPP)	-0.207	56-60	8-17-low	-	-	-	-	-	-	-	-	-	-	-	-	-	-	
synMTS_5_376_coa4	0.006	No mitochondrial presequence	67(MPP)	-0.209		18-27-low	-	-	-	-	-	-	-	-	-	-	-	-	-	-	
synMTS_5_377_coa4	0.001	No mitochondrial presequence	81(MPP)	-0.259		7-16-low	-	-	-	-	-	-	-	-	-	-	-	-	-	-	
synMTS_5_378_coa4	0.000	No mitochondrial presequence	19(MPP)	-0.263		14-25-low	-	-	-	-	-	-	-	-	-	-	-	-	-	-	
synMTS_5_379_coa4	0.000	No mitochondrial presequence	61(MPP)	-0.213		12-21-low	-	-	-	-	-	-	-	-	-	-	-	-	-	-	
synMTS_5_380_coa4	0.001	No mitochondrial presequence	92(MPP)	-0.217		11-20-low	-	-	-	-	-	-	-	-	-	-	-	-	-	-	
synMTS_5_381_coa4	0.002	No mitochondrial presequence	58(MPP)	-0.207	55-59	2-12-low	-	-	-	-	-	-	-	-	-	-	-	-	-	-	
synMTS_5_382_coa4	0.015	No mitochondrial presequence	16(MPP)	-0.250	96-100	7-17-low	-	-	-	-	-	-	-	-	-	-	-	-	-	-	
synMTS_5_383_coa4	0.001	No mitochondrial presequence	44(MPP)	-0.227		14-23-low	-	-	-	-	-	-	-	-	-	-	-	-	-	-	
synMTS_5_384_coa4	0.003	No mitochondrial presequence	18(MPP)	-0.222		8-17-low	-	-	-	-	-	-	-	-	-	-	-	-	-	-	
synMTS_5_385_coa4	0.001	No mitochondrial presequence	86(MPP)	-0.209		10-20-low	-	-	-	-	-	-	-	-	-	-	-	-	-	-	
synMTS_5_386_coa4	0.006	No mitochondrial presequence	61(MPP)	-0.197		1-10-low	-	-	-	-	-	-	-	-	-	-	-	-	-	-	
synMTS_5_387_coa4	0.004	No mitochondrial presequence	78(MPP)	-0.205		18-27-low	-	-	-	-	-	-	-	-	-	-	-	-	-	-	
synMTS_5_388_coa4	0.006	No mitochondrial presequence	77(MPP)	-0.208	74-78	12-21-low	-	-	-	-	-	-	-	-	-	-	-	-	-	-	
synMTS_5_389_coa4	0.008	No mitochondrial presequence	47(MPP)	-0.191	44-48	16-25-low	-	-	-	-	-	-	-	-	-	-	-	-	-	-	
synMTS_5_390_coa4	0.000	No mitochondrial presequence	25(MPP)	-0.200	1-5	3-12-low	-	-	-	-	-	-	-	-	-	-	-	-	-	-	
synMTS_5_391_coa4	0.001	No mitochondrial presequence	63(MPP)	-0.206		2-11-low	-	-	-	-	-	-	-	-	-	-	-	-	-	-	
synMTS_5_392_coa4	0.006	No mitochondrial presequence	87(MPP)	-0.218	84-88	15-24-low	-	-	-	-	-	-	-	-	-	-	-	-	-	-	
synMTS_5_393_coa4	0.006	No mitochondrial presequence	11(MPP)	-0.182		5-14-low	-	-	-	-	-	-	-	-	-	-	-	-	-	-	
synMTS_5_394_coa4	0.005	No mitochondrial presequence	52(MPP)	-0.173		11-22-low	-	-	-	-	-	-	-	-	-	-	-	-	-	-	
synMTS_5_395_coa4	0.001	No mitochondrial presequence	90(MPP)	-0.200	13-17,88-92	13-24-low	-	-	-	-	-	-	-	-	-	-	-	-	-	-	
synMTS_5_396_coa4	0.005	No mitochondrial presequence	63(MPP)	-0.238		14-23-low	-	-	-	-	-	-	-	-	-	-	-	-	-	-	
synMTS_5_397_coa4	0.001	No mitochondrial presequence	48(MPP)	-0.208	45-49	9-25-low	-	-	-	-	-	-	-	-	-	-	-	-	-	-	
synMTS_5_398_coa4	0.016	No mitochondrial presequence	54(MPP)	-0.204		10-19-low	-	-	-	-	-	-	-	-	-	-	-	-	-	-	
synMTS_5_399_coa4	0.004	No mitochondrial presequence	36(MPP)	-0.250		7-16-low	-	-	-	-	-	-	-	-	-	-	-	-	-	-	
synMTS_5_400_coa4	0.000	No mitochondrial presequence	75(MPP)	-0.227		16-25-low	-	-	-	-	-	-	-	-	-	-	-	-	-	-	
synMTS_6_201_coa4	0.133	No mitochondrial presequence	29(MPP)	0.034	14-18,43-47,63-67	4-15-low	-	-	-	-	-	3-8	-	-	-	2-7	-	-	-	-	
synMTS_6_202_coa4	0.014	No mitochondrial presequence	38(MPP)	-0.053	35-39,67-71,78-82	10-20-low	-	-	-	-	-	-	-	9-14	-	-	-	-	-	8-13	
synMTS_6_203_coa4	0.010	No mitochondrial presequence	62(MPP)	0.145	29-33,46-50,50-54,60-64	4-13-low	-	-	-	-	-	-	-	-	-	-	-	-	-	-	
synMTS_6_204_coa4	0.003	No mitochondrial presequence	77(MPP)	-0.026	20-24,57-61	14-23-low	-	-	-	-	-	-	-	-	-	-	-	19-24	-	-	
synMTS_6_205_coa4	0.044	No mitochondrial presequence	62(MPP)	-0.048	26-30,47-51	19-28-low	-	-	-	-	-	-	-	-	-	-	-	-	-	-	
synMTS_6_206_coa4	0.037	No mitochondrial presequence	76(MPP)	0.026	6-10,16-20,74-78	9-18-low	-	-	-	-	-	-	-	-	-	-	-	-	-	-	
synMTS_6_207_coa4	0.001	No mitochondrial presequence	55(MPP)	-0.055		21-30-low	-	-	-	-	-	-	-	-	-	-	-	-	-	-	
synMTS_6_208_coa4	0.209	No mitochondrial presequence	18(MPP)	0.111	12-16,83-87	5-14-low	-	-	25-30	-	12-17	-	15-20	-	-	-	-	-	-	-	
synMTS_6_209_coa4	0.027	No mitochondrial presequence	64(MPP)	0.000	11-15,29-33,40-44,52-56	11-20-high	-	-	-	-	-	-	-	-	9-14	-	8-13	-	-	-	
synMTS_6_210_coa4	0.071	No mitochondrial presequence	56(MPP)	0.036	9-13,37-41,45-49	18-28-low	-	-	-	-	-	-	13-18	-	-	12-17	-	-	-	-	
synMTS_6_211_coa4	0.003	No mitochondrial presequence	59(MPP)	-0.034	42-46,56-60,84-88	3-12-low	-	-	-	-	-	-	-	-	-	-	-	-	-	-	
synMTS_6_212_coa4	0.017	No mitochondrial presequence	28(MPP)	-0.143	25-29	20-30-low	-	-	-	-	-	-	-	-	-	-	-	24-29	-	-	
synMTS_6_213_coa4	0.129	No mitochondrial presequence	56(MPP)	-0.036	3-7,53-57,56-60	8-17-high	-	-	-	-	-	-	-	-	-	-	-	2-7	-	-	
synMTS_6_214_coa4	0.015	No mitochondrial presequence	65(MPP)	0.046	59-63,62-66	1-10-high	-	-	-	-	-	-	-	-	-	-	-	-	-	-	
synMTS_6_215_coa4	0.155	No mitochondrial presequence	46(MPP), 47(Icp55)	0.109	4-8,51-55	5-14-high	-	-	-	-	-	-	-	-	-	-	-	-	-	-	
synMTS_6_216_coa4	0.110	No mitochondrial presequence	48(MPP)	0.000	3-7,7-11,10-14,42-46,45-49	3-12-high	-	-	-	-	10-15	-	-	-	-	-	-	6-11	-	-	
synMTS_6_217_coa4	0.009	No mitochondrial presequence	36(MPP)	0.000	2-6,68-72	4-13-low	-	-	-	-	-	-	-	-	-	-	-	-	-	-	
synMTS_6_218_coa4	0.068	No mitochondrial presequence	25(MPP)	0.080	3-7,45-49,55-59,67-71	10-22-low	-	-	-	-	-	-	-	-	-	-	-	-	-	-	
synMTS_6_219_coa4	0.023	No mitochondrial presequence	45(MPP)	-0.089	42-46	10-19-high	-	-	-	-	-	-	-	-	1-6	-	-	-	-	-	
synMTS_6_220_coa4	0.060	No mitochondrial presequence	32(MPP)	0.125	2-6,15-19,59-63,75-79,95-99	4-13-low	-	-	-	-	-	-	-	-	-	-	-	-	-	-	
synMTS_6_221_coa4	0.121	No mitochondrial presequence	51(MPP)	0.059	16-20,73-77	3-13-low	-	-	-	-	-	-	-	-	-	-	-	-	-	-	
synMTS_6_222_coa4	0.034	No mitochondrial presequence	60(MPP), 61(Icp55)	0.050	19-23,50-54,53-57,57-61,61-65	19-28-low	-	-	-	-	19-24	-	-	-	-	-	-	-	-	-	
synMTS_6_223_coa4	0.008	No mitochondrial presequence	48(MPP)	0.042	33-37,37-41,42-46	16-25-low	-	-	-	-	-	-	-	-	-	-	-	-	-	-	
synMTS_6_224_coa4	0.063	No mitochondrial presequence	28(MPP), 29(Icp55)	0.000	12-16,16-20	11-20-high	-	-	-	13-18	-	-	25-30	-	-	24-29	-	-	-	-	
synMTS_6_225_coa4	0.010	No mitochondrial presequence	19(MPP)	-0.053		1-10-low	-	-	-	-	-	-	-	-	-	-	-	-	-	-	
synMTS_6_226_coa4	0.013	No mitochondrial presequence	49(MPP)	0.020		8-17-low	-	-	-	-	-	-	-	-	-	-	-	-	-	-	
synMTS_6_227_coa4	0.005	No mitochondrial presequence	93(MPP)	-0.032	35-39,90-94	9-18-low	-	-	-	-	-	-	-	-	-	-	-	-	-	-	
synMTS_6_228_coa4	0.022	No mitochondrial presequence	53(MPP)	0.000		2-11-low	-	18-23	-	-	-	-	-	-	-	-	-	-	-	-	
synMTS_6_229_coa4	0.002	No mitochondrial presequence	86(MPP)	-0.012	9-13	4-13-low	-	-	-	-	-	-	-	-	-	-	-	-	-	-	
synMTS_6_230_coa4	0.032	No mitochondrial presequence	69(MPP)	0.000	15-19,27-31,31-35,35-39	13-22-low	-	-	-	-	-	-	-	-	-	-	-	-	-	-	
synMTS_6_231_coa4	0.017	No mitochondrial presequence	40(MPP)	0.100	5-9,29-33,33-37,37-41,48-52,74-78	1-10-high	-	-	-	-	-	-	-	-	-	-	-	-	-	-	
synMTS_6_232_coa4	0.058	No mitochondrial presequence	15(MPP), 23(Oct1)	0.133	2-6,26-30	1-10-high	-	-	-	-	-	-	-	-	-	-	-	-	-	-	
synMTS_6_233_coa4	0.010	No mitochondrial presequence	56(MPP)	0.000		2-12-low	-	-	-	-	-	-	-	-	-	-	-	-	-	-	
synMTS_6_234_coa4	0.006	No mitochondrial presequence	22(MPP)	-0.136		6-15-low	-	-	-	-	-	-	-	-	-	-	-	-	-	-	
synMTS_6_235_coa4	0.063	No mitochondrial presequence	49(MPP)	0.061	15-19,18-22	10-19-high	-	-	-	-	15-20	-	-	-	-	-	-	-	-	-	
synMTS_6_236_coa4	0.019	No mitochondrial presequence	10(MPP)	0.000	7-11,31-35,35-39,44-48,56-60	6-15-low	-	-	-	-	-	-	-	-	-	-	-	-	-	-	
synMTS_6_237_coa4	0.052	No mitochondrial presequence	23(MPP)	0.043	92-96	9-18-high	-	-	-	-	-	-	-	-	-	-	-	-	-	-	
synMTS_6_238_coa4	0.026	No mitochondrial presequence	11(MPP)	0.182	16-20,34-38	12-24-low	-	-	-	-	-	-	-	-	-	-	-	-	-	-	
synMTS_6_239_coa4	0.060	No mitochondrial presequence	42(MPP)	0.143	18-22,36-40	16-25-low	-	-	-	-	-	-	-	-	-	-	-	-	-	-	
synMTS_6_240_coa4	0.060	No mitochondrial presequence	18(MPP)	0.222		20-29-low	-	-	-	-	-	-	-	-	-	-	-	-	-	-	
synMTS_6_241_coa4	0.072	No mitochondrial presequence	28(MPP)	0.107	82-86	7-18-high	-	-	-	-	-	25-30	-	-	-	24-29	-	-	-	-	
synMTS_6_242_coa4	0.057	No mitochondrial presequence	21(MPP)	0.048	18-22	14-23-high	-	10-15	-	-	-	8-13	-	-	-	-	-	-	-	-	
synMTS_6_243_coa4	0.026	No mitochondrial presequence	23(MPP)	-0.043	23-27,55-59,63-67,67-71	20-29-low	-	-	-	-	-	-	-	-	-	-	-	-	-	-	
synMTS_6_244_coa4	0.016	No mitochondrial presequence	40(MPP)	-0.100	9-13,33-37	6-15-low	-	-	-	-	-	-	-	-	-	-	-	8-13	-	-	
synMTS_6_245_coa4	0.061	No mitochondrial presequence	59(MPP)	0.068	11-15	20-29-low	-	-	-	12-17	-	-	-	-	-	-	-	-	-	-	
synMTS_6_246_coa4	0.005	No mitochondrial presequence	42(MPP)	-0.095	39-43	19-28-low	-	-	-	-	-	-	-	-	-	-	-	-	-	-	
synMTS_6_247_coa4	0.003	No mitochondrial presequence	80(MPP)	0.050	73-77,77-81	16-25-low	-	-	-	-	-	-	-	-	-	-	-	-	-	-	
synMTS_6_248_coa4	0.017	No mitochondrial presequence	36(MPP)	0.139	25-29,30-34,34-38,38-42,81-85,86-90	20-29-low	-	-	-	-	-	-	-	-	-	-	-	-	-	-	
synMTS_6_249_coa4	0.013	No mitochondrial presequence	20(MPP)	-0.050	18-22,49-53,78-82	1-10-low	-	-	-	-	-	-	-	-	-	-	-	-	-	-	
synMTS_6_250_coa4	0.081	No mitochondrial presequence	46(MPP)	0.000	9-13,22-26,44-48,69-73,72-76,83-87	19-28-high	-	-	-	-	-	-	25-30	-	-	-	-	-	-	-	
synMTS_6_251_coa4	0.001	No mitochondrial presequence	49(MPP)	-0.020	3-7	21-30-low	-	-	-	-	-	-	-	-	-	-	-	-	-	-	
synMTS_6_252_coa4	0.017	No mitochondrial presequence	36(MPP)	0.139	30-34,33-37,42-46,50-54,67-71	18-27-low	-	-	-	-	-	-	-	-	-	-	-	-	-	-	
synMTS_6_253_coa4	0.140	No mitochondrial presequence	10(MPP)	0.200	80-84,84-88	4-15-high	-	6-11	-	-	-	4-9	-	-	-	3-8	-	-	-	-	
synMTS_6_254_coa4	0.048	No mitochondrial presequence	7(MPP)	0.143	73-77,77-81,82-86	1-10-high	-	-	-	-	-	-	-	-	-	-	-	-	-	-	
synMTS_6_255_coa4	0.001	No mitochondrial presequence	31(MPP)	-0.129	28-32,55-59	17-28-low	-	-	-	-	-	-	-	-	-	-	-	-	-	-	
synMTS_6_256_coa4	0.030	No mitochondrial presequence	74(MPP)	-0.108	94-98	5-14-low	-	-	-	-	-	-	6-11	-	-	-	-	-	-	-	
synMTS_6_257_coa4	0.015	No mitochondrial presequence	57(MPP)	-0.123		7-16-high	-	-	-	-	-	-	-	-	-	-	-	-	-	-	
synMTS_6_258_coa4	0.114	No mitochondrial presequence	45(MPP)	0.156	63-67	20-29-high	-	-	-	-	-	-	-	-	-	-	-	-	-	-	
synMTS_6_259_coa4	0.011	No mitochondrial presequence	39(MPP)	-0.026	72-76	1-10-low	-	-	-	-	-	-	-	-	-	-	-	-	-	-	
synMTS_6_260_coa4	0.014	No mitochondrial presequence	44(MPP)	-0.068	10-14	19-28-low	-	-	-	-	-	-	-	-	-	-	-	-	-	-	
synMTS_6_261_coa4	0.050	No mitochondrial presequence	36(MPP)	0.056	33-37,36-40	21-30-low	-	-	-	-	-	-	-	-	-	-	-	-	-	-	
synMTS_6_262_coa4	0.048	No mitochondrial presequence	62(MPP)	-0.065	13-17	12-21-high	-	18-23	-	-	-	16-21	-	-	-	-	-	-	-	-	
synMTS_6_263_coa4	0.013	No mitochondrial presequence	10(MPP)	0.200		19-28-low	-	-	-	-	-	-	-	-	-	-	-	-	-	-	
synMTS_6_264_coa4	0.006	No mitochondrial presequence	45(MPP)	-0.044	43-47	13-22-low	-	-	-	-	-	-	-	-	-	-	-	-	-	-	
synMTS_6_265_coa4	0.107	No mitochondrial presequence	7(MPP)	0.143	23-27,44-48,49-53	21-30-low	-	-	-	-	-	-	-	-	-	-	-	22-27	-	-	
synMTS_6_266_coa4	0.013	No mitochondrial presequence	45(MPP)	-0.022	25-29,55-59	21-30-high	-	-	-	-	-	-	-	-	-	-	-	-	-	-	
synMTS_6_267_coa4	0.005	No mitochondrial presequence	55(MPP)	0.000	40-44,83-87	14-25-high	-	-	-	-	-	-	-	-	-	-	-	-	-	-	
synMTS_6_268_coa4	0.120	No mitochondrial presequence	60(MPP)	0.050	7-11,23-27,31-35	6-15-high	-	-	-	-	-	-	-	-	-	-	-	22-27	7-12	-	
synMTS_6_269_coa4	0.006	No mitochondrial presequence	17(MPP)	0.000		2-11-low	-	-	-	-	-	-	-	-	-	-	-	-	-	-	
synMTS_6_270_coa4	0.026	No mitochondrial presequence	42(MPP)	0.000	25-29,59-63,85-89	3-12-low	-	-	-	-	-	-	-	-	-	-	-	-	25-30	-	
synMTS_6_271_coa4	0.014	No mitochondrial presequence	82(MPP)	0.000	53-57,61-65	13-22-low	-	-	-	-	-	-	-	-	-	-	-	-	-	-	
synMTS_6_272_coa4	0.008	No mitochondrial presequence	54(MPP)	0.019	59-63,67-71	2-11-low	-	-	-	-	-	-	-	-	-	-	-	-	-	-	
synMTS_6_273_coa4	0.020	No mitochondrial presequence	62(MPP)	0.000	28-32	1-10-low	-	-	-	-	-	-	-	-	-	-	-	-	-	-	
synMTS_6_274_coa4	0.083	No mitochondrial presequence	48(MPP)	0.229	40-44,46-50	12-21-low	-	-	-	-	-	-	-	-	-	-	-	-	-	-	
synMTS_6_275_coa4	0.182	No mitochondrial presequence	10(MPP)	0.200	18-22,94-98	13-22-high	-	-	-	-	-	-	22-27	-	-	21-26	-	-	-	-	
synMTS_6_276_coa4	0.019	No mitochondrial presequence	43(MPP)	0.000	76-80,79-83	20-29-high	-	-	-	-	-	-	-	-	-	-	-	-	-	-	
synMTS_6_277_coa4	0.009	No mitochondrial presequence	51(MPP)	-0.078		2-14-low	-	-	-	-	-	-	-	-	-	-	-	-	-	-	
synMTS_6_278_coa4	0.195	No mitochondrial presequence	20(MPP)	0.050	25-29,62-66	11-20-high	-	-	-	-	-	-	-	-	-	-	-	-	-	-	
synMTS_6_279_coa4	0.085	No mitochondrial presequence	19(MPP)	0.105	41-45,46-50,50-54,58-62	18-27-high	-	15-20	-	-	-	-	-	-	-	-	-	-	-	-	
synMTS_6_280_coa4	0.037	No mitochondrial presequence	87(MPP)	0.046	30-34,57-61,70-74,96-100	13-22-low	-	-	-	-	-	-	-	-	-	-	-	-	-	-	
synMTS_6_281_coa4	0.002	No mitochondrial presequence	65(MPP)	-0.015	24-28,59-63,62-66	9-18-low	-	-	-	-	-	-	-	-	-	-	-	-	-	-	
synMTS_6_282_coa4	0.028	No mitochondrial presequence	66(MPP)	0.045		19-28-low	-	-	-	-	-	-	-	-	-	-	2-7	-	-	-	
synMTS_6_283_coa4	0.009	No mitochondrial presequence	31(MPP)	-0.065		16-25-high	-	-	-	-	-	-	-	-	-	-	-	-	-	-	
synMTS_6_284_coa4	0.010	No mitochondrial presequence	62(MPP)	0.016	48-52,55-59,59-63,68-72,78-82	16-25-low	-	-	-	-	-	-	-	-	-	-	-	-	-	-	
synMTS_6_285_coa4	0.348	No mitochondrial presequence	46(MPP)	0.065	3-7	11-20-low	-	18-23,25-30	-	-	-	16-21,23-28	-	-	-	22-27	-	-	-	15-20	
synMTS_6_286_coa4	0.020	No mitochondrial presequence	59(MPP)	-0.068	45-49,48-52,56-60	16-25-low	-	-	-	-	-	-	-	-	-	-	-	-	-	-	
synMTS_6_287_coa4	0.037	No mitochondrial presequence	15(MPP)	0.200		13-22-low	-	-	-	-	-	-	-	-	-	-	-	-	-	-	
synMTS_6_288_coa4	0.137	No mitochondrial presequence	12(MPP)	0.167	34-38	1-10-low	-	-	-	-	-	-	-	-	19-24	-	-	-	-	-	
synMTS_6_289_coa4	0.124	No mitochondrial presequence	67(MPP)	0.104	11-15,18-22	4-13-low	-	-	-	-	-	-	-	-	-	-	-	-	-	-	
synMTS_6_290_coa4	0.017	No mitochondrial presequence	51(MPP)	0.078	11-15,15-19,31-35	10-19-high	-	-	-	-	-	20-25	-	-	-	19-24	-	-	-	-	
synMTS_6_291_coa4	0.098	No mitochondrial presequence	43(MPP)	0.047		20-29-high	-	-	-	-	-	-	-	-	-	-	-	-	-	-	
synMTS_6_292_coa4	0.105	No mitochondrial presequence	57(MPP)	0.088	54-58	2-11-low	-	-	-	-	-	-	-	-	-	-	-	-	-	-	
synMTS_6_293_coa4	0.027	No mitochondrial presequence	62(MPP)	-0.032		4-17-low	-	-	-	-	-	-	-	-	-	-	-	-	-	-	
synMTS_6_294_coa4	0.087	No mitochondrial presequence	24(MPP)	0.000	16-20,88-92	21-30-high	-	-	-	-	-	-	-	-	-	-	-	-	-	-	
synMTS_6_295_coa4	0.020	No mitochondrial presequence	39(MPP)	-0.026		10-19-low	-	-	-	-	-	-	-	-	-	-	-	-	-	-	
synMTS_6_296_coa4	0.011	No mitochondrial presequence	38(MPP)	-0.105	42-46,45-49	13-22-low	-	-	-	-	-	-	-	-	-	-	-	-	-	-	
synMTS_6_297_coa4	0.001	No mitochondrial presequence	14(MPP)	-0.071	32-36,35-39	7-17-low	-	-	-	-	-	-	-	-	-	-	-	-	-	-	
synMTS_6_298_coa4	0.792	Possessing mitochondrial presequence	19(MPP)	0.211	52-56,56-60	18-27-high	-	-	11-16	-	-	-	-	-	-	-	-	-	-	-	
synMTS_6_299_coa4	0.026	No mitochondrial presequence	59(MPP)	0.051	22-26,37-41,45-49,56-60	16-25-high	-	-	-	-	-	-	-	-	-	-	-	-	-	-	
synMTS_6_300_coa4	0.023	No mitochondrial presequence	70(MPP)	0.014	32-36,43-47,50-54	21-30-low	-	-	-	-	-	-	-	-	-	-	-	-	-	-	
synMTS_6_301_coa4	0.007	No mitochondrial presequence	60(MPP)	-0.050		1-12-low	-	-	-	-	-	-	-	-	-	-	-	-	-	-	
synMTS_6_302_coa4	0.019	No mitochondrial presequence	17(MPP)	-0.118	26-30,80-84	7-18-low	-	-	-	-	-	-	-	-	-	-	-	-	-	-	
synMTS_6_303_coa4	0.045	No mitochondrial presequence	42(MPP)	-0.024	18-22,39-43,63-67,86-90,89-93	18-27-high	-	-	-	-	-	-	-	-	-	-	-	-	-	-	
synMTS_6_304_coa4	0.010	No mitochondrial presequence	36(MPP)	0.000	8-12,49-53,88-92	3-14-low	-	-	-	-	-	-	-	-	-	-	-	-	-	-	
synMTS_6_305_coa4	0.014	No mitochondrial presequence	41(MPP)	0.000	3-7,27-31,47-51,77-81	2-11-high	-	-	-	-	-	-	-	-	-	-	-	-	-	-	
synMTS_6_306_coa4	0.008	No mitochondrial presequence	10(MPP)	0.000	22-26	3-12-low	-	-	-	-	-	-	-	-	-	-	-	-	22-27	-	
synMTS_6_307_coa4	0.408	Possessing mitochondrial presequence	9(MPP)	0.222		3-12-high	-	-	-	-	-	3-8	-	-	-	2-7	-	-	-	-	
synMTS_6_308_coa4	0.032	No mitochondrial presequence	62(MPP)	-0.016	9-13,15-19,54-58	7-16-high	-	-	-	-	15-20	-	-	-	-	-	-	-	-	-	
synMTS_6_309_coa4	0.015	No mitochondrial presequence	55(MPP)	0.018	52-56	8-17-high	-	-	-	-	-	-	-	-	-	-	-	-	-	-	
synMTS_6_310_coa4	0.284	No mitochondrial presequence	15(MPP)	0.200	29-33,42-46,55-59,72-76,86-90	18-29-high	-	-	-	-	-	-	-	-	-	-	-	-	-	-	
synMTS_6_311_coa4	0.207	No mitochondrial presequence	82(MPP)	0.049	3-7,6-10,10-14,27-31,58-62	21-30-high	-	-	-	-	3-8,10-15	-	13-18	-	-	-	-	-	-	-	
synMTS_6_312_coa4	0.047	No mitochondrial presequence	16(MPP)	0.125	72-76	6-15-low	-	-	-	-	-	-	-	-	-	-	-	-	-	-	
synMTS_6_313_coa4	0.182	No mitochondrial presequence	54(MPP)	0.019		1-10-high	-	-	-	-	-	-	-	-	-	-	-	-	-	-	
synMTS_6_314_coa4	0.020	No mitochondrial presequence	38(MPP)	0.053	25-29,35-39,59-63	14-23-low	-	-	-	-	-	-	-	-	-	-	-	-	-	-	
synMTS_6_315_coa4	0.032	No mitochondrial presequence	46(MPP)	-0.087	19-23	20-29-low	-	-	-	-	-	-	-	-	-	-	-	-	-	-	
synMTS_6_316_coa4	0.041	No mitochondrial presequence	44(MPP)	0.045	10-14,14-18,18-22,36-40	8-17-high	-	-	-	-	-	-	-	-	-	-	-	9-14	-	-	
synMTS_6_317_coa4	0.091	No mitochondrial presequence	49(MPP)	0.102		3-12-low	-	-	-	-	-	-	-	-	-	21-26	-	-	-	-	
synMTS_6_318_coa4	0.090	No mitochondrial presequence	40(MPP)	0.050	30-34,37-41	10-19-high	-	-	-	-	-	-	-	-	-	-	-	-	-	11-16	
synMTS_6_319_coa4	0.077	No mitochondrial presequence	42(MPP)	0.143	35-39,39-43	21-30-high	-	-	-	-	-	-	-	-	-	-	-	-	-	-	
synMTS_6_320_coa4	0.040	No mitochondrial presequence	42(MPP)	0.024	19-23,22-26,31-35	1-10-low	-	-	-	-	22-27	-	-	-	-	-	-	-	-	-	
synMTS_6_321_coa4	0.028	No mitochondrial presequence	25(MPP)	0.120		17-26-high	-	-	-	-	-	-	-	-	-	-	-	-	-	-	
synMTS_6_322_coa4	0.001	No mitochondrial presequence	11(MPP)	0.000	50-54,66-70,70-74	9-18-low	-	-	-	-	-	-	-	-	-	-	-	-	-	-	
synMTS_6_323_coa4	0.052	No mitochondrial presequence	18(MPP)	0.111		20-29-low	-	-	-	-	-	-	-	20-25	-	19-24	-	-	-	-	
synMTS_6_324_coa4	0.015	No mitochondrial presequence	80(MPP)	-0.025		1-10-low	-	-	-	-	-	-	-	-	-	-	-	-	-	-	
synMTS_6_325_coa4	0.029	No mitochondrial presequence	20(MPP)	0.150	7-11,62-66,77-81	8-17-high	-	-	-	-	-	-	-	-	-	-	-	-	-	-	
synMTS_6_326_coa4	0.028	No mitochondrial presequence	49(MPP)	0.061	14-18,19-23,43-47,46-50	15-24-low	-	-	-	-	-	-	-	-	-	-	-	-	-	-	
synMTS_6_327_coa4	0.042	No mitochondrial presequence	72(MPP)	0.097	66-70	16-25-low	-	-	-	-	-	-	25-30	-	-	24-29	-	-	-	-	
synMTS_6_328_coa4	0.006	No mitochondrial presequence	54(MPP)	-0.037	10-14,83-87,93-97	3-12-low	-	-	-	-	-	-	-	-	-	-	-	-	-	-	
synMTS_6_329_coa4	0.000	No mitochondrial presequence	30(MPP)	-0.100		6-15-low	-	-	-	-	-	-	-	-	-	-	-	-	-	-	
synMTS_6_330_coa4	0.212	No mitochondrial presequence	41(MPP)	0.073		19-28-low	-	-	-	-	-	-	-	-	-	-	-	-	-	-	
synMTS_6_331_coa4	0.023	No mitochondrial presequence	30(MPP)	-0.033		13-22-low	-	-	-	-	-	-	-	-	-	-	-	-	-	-	
synMTS_6_332_coa4	0.041	No mitochondrial presequence	22(MPP)	0.045	61-65,94-98	5-14-low	-	-	-	-	-	-	-	-	-	-	-	-	-	-	
synMTS_6_333_coa4	0.133	No mitochondrial presequence	63(MPP)	0.175	25-29,49-53,52-56	20-29-high	-	-	-	-	-	-	20-25	-	-	19-24	-	-	-	-	
synMTS_6_334_coa4	0.362	No mitochondrial presequence	20(MPP)	0.100	45-49,49-53,57-61	5-16-low	-	-	-	-	-	-	4-9	-	-	3-8	-	-	-	-	
synMTS_6_335_coa4	0.027	No mitochondrial presequence	40(MPP)	0.075		12-27-high	-	-	-	-	-	-	-	-	-	-	-	-	-	-	
synMTS_6_336_coa4	0.037	No mitochondrial presequence	22(MPP)	0.045	19-23,43-47,85-89,94-98	9-18-high	-	-	-	-	-	24-29	-	-	-	23-28	-	-	-	-	
synMTS_6_337_coa4	0.226	No mitochondrial presequence	18(MPP)	0.111	7-11,45-49,61-65,64-68,82-86,92-96	18-27-high	-	-	-	-	-	-	-	-	-	-	-	-	-	-	
synMTS_6_338_coa4	0.037	No mitochondrial presequence	24(MPP)	0.125		8-18-high	-	-	-	-	-	-	-	-	-	-	-	-	-	-	
synMTS_6_339_coa4	0.160	No mitochondrial presequence	37(MPP)	0.081	14-18,90-94	13-24-low	-	-	-	-	-	-	-	-	-	-	-	13-18	-	-	
synMTS_6_340_coa4	0.050	No mitochondrial presequence	28(MPP)	0.000	25-29,28-32,58-62	21-30-high	-	-	-	-	25-30	-	-	-	-	-	-	-	-	-	
synMTS_6_341_coa4	0.031	No mitochondrial presequence	51(MPP)	-0.059	96-100	10-19-low	-	-	-	-	-	-	23-28	-	-	22-27	-	-	-	-	
synMTS_6_342_coa4	0.011	No mitochondrial presequence	15(MPP)	0.067	1-5,47-51	17-26-low	-	-	-	-	-	-	-	4-9	-	-	-	-	-	-	
synMTS_6_343_coa4	0.057	No mitochondrial presequence	22(MPP)	0.045	8-12,12-16,24-28,37-41,55-59	6-16-high	-	-	-	-	-	-	-	-	-	-	-	-	-	-	
synMTS_6_344_coa4	0.015	No mitochondrial presequence	14(MPP)	0.071	27-31,35-39,46-50	19-30-low	-	-	-	-	-	-	-	-	-	-	-	-	-	-	
synMTS_6_345_coa4	0.034	No mitochondrial presequence	44(MPP)	0.023	24-28	11-20-low	-	-	-	-	-	14-19	-	-	-	-	-	-	-	-	
synMTS_6_346_coa4	0.012	No mitochondrial presequence	36(MPP)	-0.056	15-19,53-57,57-61,86-90,91-95	15-26-high	-	-	-	-	-	-	-	-	-	-	-	-	-	-	
synMTS_6_347_coa4	0.002	No mitochondrial presequence	18(MPP)	-0.167		13-22-low	-	-	-	-	-	-	-	-	-	-	-	-	-	-	
synMTS_6_348_coa4	0.023	No mitochondrial presequence	27(MPP)	0.000	29-33	16-25-low	-	-	-	-	-	-	-	-	-	-	-	-	-	-	
synMTS_6_349_coa4	0.150	No mitochondrial presequence	69(MPP)	0.029	3-7	5-14-low	-	-	-	-	-	-	9-14	-	-	-	-	-	-	-	
synMTS_6_350_coa4	0.056	No mitochondrial presequence	25(MPP)	0.120	15-19,50-54	4-13-high	-	-	-	-	-	-	-	-	-	-	-	-	-	-	
synMTS_6_351_coa4	0.342	No mitochondrial presequence	91(MPP)	0.044	3-7,22-26,85-89,88-92	11-20-high	-	-	-	-	3-8	-	-	-	-	-	-	-	-	-	
synMTS_6_352_coa4	0.011	No mitochondrial presequence	48(MPP)	-0.062	11-15,15-19,45-49	13-22-low	-	-	-	-	-	-	-	-	-	-	-	-	-	-	
synMTS_6_353_coa4	0.040	No mitochondrial presequence	34(MPP)	0.000	6-10,24-28,32-36	21-30-low	-	-	-	-	-	-	-	-	-	-	-	23-28	-	-	
synMTS_6_354_coa4	0.012	No mitochondrial presequence	89(MPP)	0.045	9-13,34-38,57-61	5-14-low	-	-	-	-	-	-	-	-	-	-	-	-	-	-	
synMTS_6_355_coa4	0.032	No mitochondrial presequence	66(MPP)	0.000	60-64	3-12-low	-	-	-	-	-	-	-	-	-	-	-	-	-	-	
synMTS_6_356_coa4	0.441	Possessing mitochondrial presequence	21(MPP)	0.095	1-5,5-9,22-26	1-10-high	-	-	-	-	-	-	-	-	-	-	-	-	-	-	
synMTS_6_357_coa4	0.018	No mitochondrial presequence	68(MPP)	0.015	29-33	2-11-low	-	-	-	-	-	-	-	-	-	-	-	-	-	-	
synMTS_6_358_coa4	0.052	No mitochondrial presequence	29(MPP)	0.103	5-9,21-25,33-37,65-69,73-77	4-13-low	-	-	-	-	-	-	-	-	-	-	-	-	-	-	
synMTS_6_359_coa4	0.050	No mitochondrial presequence	11(MPP)	0.182	3-7,56-60	3-12-low	-	-	-	-	-	-	-	-	-	-	-	-	-	-	
synMTS_6_360_coa4	0.014	No mitochondrial presequence	9(MPP)	0.222	3-7,57-61,61-65,70-74	2-11-high	-	-	-	-	-	-	-	-	-	-	-	-	-	-	
synMTS_6_361_coa4	0.117	No mitochondrial presequence	7(MPP)	0.143	80-84,83-87	21-30-low	-	-	-	-	-	-	-	-	-	-	-	-	-	-	
synMTS_6_362_coa4	0.023	No mitochondrial presequence	48(MPP)	-0.021	27-31,38-42	6-19-low	-	-	-	-	-	-	-	-	-	-	-	-	-	-	
synMTS_6_363_coa4	0.180	No mitochondrial presequence	41(MPP)	0.122		11-20-high	-	-	-	-	-	-	-	-	10-15	-	-	-	-	-	
synMTS_6_364_coa4	0.051	No mitochondrial presequence	34(MPP)	0.059	23-27,65-69,76-80,95-99	19-28-high	-	-	-	-	-	-	-	-	-	-	-	-	-	-	
synMTS_6_365_coa4	0.043	No mitochondrial presequence	46(MPP)	0.087	7-11,21-25,32-36	17-26-high	-	-	-	-	7-12,21-26	-	-	-	-	-	-	-	-	-	
synMTS_6_366_coa4	0.012	No mitochondrial presequence	32(MPP), 33(Icp55)	-0.031	71-75,86-90,90-94	11-22-low	-	-	-	-	-	-	-	-	-	-	-	-	-	-	
synMTS_6_367_coa4	0.023	No mitochondrial presequence	28(MPP)	0.000		8-19-low	-	-	-	-	-	-	-	-	-	-	-	-	-	-	
synMTS_6_368_coa4	0.089	No mitochondrial presequence	55(MPP)	0.127	10-14,43-47	15-25-low	-	-	-	-	-	-	14-19	-	8-13	13-18	-	-	-	-	
synMTS_6_369_coa4	0.004	No mitochondrial presequence	48(MPP)	0.042	28-32	15-30-low	-	-	-	-	-	-	-	-	-	-	-	-	-	-	
synMTS_6_370_coa4	0.015	No mitochondrial presequence	49(MPP)	0.000	49-53,90-94	16-27-high	-	-	-	-	-	-	-	-	-	-	-	-	-	-	
synMTS_6_371_coa4	0.041	No mitochondrial presequence	67(MPP)	0.030	22-26,45-49,57-61,64-68	16-25-low	-	-	-	-	-	-	-	-	-	-	-	21-26	-	-	
synMTS_6_372_coa4	0.016	No mitochondrial presequence	7(MPP), 8(Icp55)	0.143	4-8,56-60,71-75,75-79,80-84	3-12-low	-	-	-	-	-	-	-	-	-	-	-	-	-	-	
synMTS_6_373_coa4	0.012	No mitochondrial presequence	30(MPP)	0.067	27-31	10-19-low	-	-	-	-	-	-	-	-	-	-	-	-	-	-	
synMTS_6_374_coa4	0.001	No mitochondrial presequence	45(MPP)	-0.067	43-47	14-23-low	-	-	-	-	-	-	-	-	-	-	-	-	-	-	
synMTS_6_375_coa4	0.016	No mitochondrial presequence	38(MPP)	0.026	15-19	13-22-high	-	-	-	-	-	-	-	-	-	-	-	-	-	-	
synMTS_6_376_coa4	0.013	No mitochondrial presequence	54(MPP), 55(Icp55)	-0.019	41-45	20-29-low	-	-	-	-	-	-	19-24	-	-	18-23	-	-	-	-	
synMTS_6_377_coa4	0.020	No mitochondrial presequence	65(MPP)	0.092	26-30,30-34	6-15-low	-	-	-	-	-	-	-	-	-	-	-	25-30	-	-	
synMTS_6_378_coa4	0.009	No mitochondrial presequence	63(MPP), 64(Icp55)	0.000	76-80	13-24-low	-	-	-	-	-	-	-	-	-	-	-	-	-	-	
synMTS_6_379_coa4	0.184	No mitochondrial presequence	13(MPP)	0.231		11-20-low	-	-	-	-	-	-	10-15	-	-	9-14	-	-	-	-	
synMTS_6_380_coa4	0.000	No mitochondrial presequence	65(MPP)	-0.077	62-66	9-18-low	-	-	-	-	-	-	-	-	-	-	-	-	-	-	
synMTS_6_381_coa4	0.007	No mitochondrial presequence	40(MPP)	-0.050		18-27-high	-	-	-	-	-	-	-	-	-	-	-	-	-	-	
synMTS_6_382_coa4	0.001	No mitochondrial presequence	37(MPP)	0.027		19-28-low	-	-	-	-	-	-	-	-	-	-	-	-	-	-	
synMTS_6_383_coa4	0.009	No mitochondrial presequence	71(MPP)	0.014	16-20	15-24-low	-	-	-	-	-	-	-	-	-	-	-	-	-	-	
synMTS_6_384_coa4	0.007	No mitochondrial presequence	7(MPP)	0.143	4-8,69-73,90-94	12-21-low	-	-	-	-	-	-	-	-	-	-	-	3-8	-	-	
synMTS_6_385_coa4	0.027	No mitochondrial presequence	30(MPP)	0.000	15-19,19-23,27-31	2-11-low	-	-	-	-	-	-	5-10	-	-	-	-	-	-	-	
synMTS_6_386_coa4	0.019	No mitochondrial presequence	50(MPP)	0.060		20-29-low	-	-	-	-	-	-	-	-	-	-	-	-	-	-	
synMTS_6_387_coa4	0.185	No mitochondrial presequence	13(MPP)	0.231	96-100	6-18-high	-	-	-	-	-	-	18-23	-	-	17-22	-	-	-	-	
synMTS_6_388_coa4	0.040	No mitochondrial presequence	65(MPP)	-0.077	62-66	8-19-high	-	-	-	-	-	-	-	-	-	-	-	-	-	-	
synMTS_6_389_coa4	0.084	No mitochondrial presequence	41(MPP)	0.049	2-6,27-31	21-30-low	-	-	-	-	-	-	-	-	-	-	-	1-6	-	-	
synMTS_6_390_coa4	0.101	No mitochondrial presequence	19(MPP)	0.105	9-13,51-55,74-78	9-18-high	-	-	-	-	-	-	-	-	-	-	-	8-13	-	-	
synMTS_6_391_coa4	0.144	No mitochondrial presequence	23(MPP)	0.087	2-6,36-40,67-71	2-11-low	-	-	-	-	2-7	-	-	-	-	-	-	-	-	-	
synMTS_6_392_coa4	0.087	No mitochondrial presequence	46(MPP)	0.022	61-65,71-75,75-79	2-14-low	-	-	-	-	-	-	-	-	-	-	-	-	-	-	
synMTS_6_393_coa4	0.020	No mitochondrial presequence	23(MPP)	-0.087		1-11-low	-	-	-	-	-	-	-	-	-	-	-	-	-	-	
synMTS_6_394_coa4	0.003	No mitochondrial presequence	90(MPP)	-0.033	31-35,35-39,51-55,54-58,87-91	18-29-low	-	-	-	-	-	-	-	-	-	-	-	-	-	-	
synMTS_6_395_coa4	0.003	No mitochondrial presequence	71(MPP)	0.042	2-6,34-38,68-72	12-21-low	-	-	-	-	-	-	-	-	-	-	-	-	-	-	
synMTS_6_396_coa4	0.021	No mitochondrial presequence	37(MPP)	0.027	22-26,37-41,40-44	18-29-low	-	-	-	-	-	-	-	10-15	-	9-14	-	-	-	-	
synMTS_6_397_coa4	0.036	No mitochondrial presequence	62(MPP)	0.145	31-35,34-38	3-12-high	-	-	-	-	-	-	-	-	-	-	-	-	-	-	
synMTS_6_398_coa4	0.054	No mitochondrial presequence	19(MPP), 20(Icp55)	-0.105	21-25,41-45	21-30-high	-	-	-	-	-	-	-	-	-	-	-	20-25	21-26	-	
synMTS_6_399_coa4	0.001	No mitochondrial presequence	30(MPP)	-0.167	37-41	17-26-low	-	-	-	-	-	-	-	-	-	-	-	-	-	-	
synMTS_6_400_coa4	0.047	No mitochondrial presequence	43(MPP)	-0.023	40-44	10-19-low	-	-	-	-	-	-	-	-	-	-	-	-	-	-	
synMTS_7_201_coa4	0.447	Possessing mitochondrial presequence	25(MPP)	0.240	2-6,5-9,36-40,51-55,56-60,78-82,86-90,90-94,95-99	5-14-high	-	-	-	-	2-7,5-10	-	8-13	-	-	-	-	-	-	-	
synMTS_7_202_coa4	0.879	Possessing mitochondrial presequence	75(MPP)	0.280	7-11,11-15	7-16-high	-	-	-	-	7-12	-	-	-	-	-	-	-	-	-	
synMTS_7_203_coa4	0.183	No mitochondrial presequence	14(MPP)	0.214	8-12,11-15,15-19,32-36,52-56,88-92,92-96	10-19-high	-	-	-	-	-	-	3-8	-	-	2-7	-	-	-	-	
synMTS_7_204_coa4	0.422	Possessing mitochondrial presequence	34(MPP)	0.235	35-39	12-21-high	-	10-15	-	-	-	-	-	-	-	-	-	-	-	-	
synMTS_7_205_coa4	0.104	No mitochondrial presequence	40(MPP)	0.250	23-27,32-36,38-42,46-50,49-53	2-11-high	-	-	-	-	-	-	-	-	-	-	-	-	-	-	
synMTS_7_206_coa4	0.268	No mitochondrial presequence	67(MPP)	0.269		3-12-high	-	-	-	-	-	-	-	-	-	-	-	-	-	-	
synMTS_7_207_coa4	0.715	Possessing mitochondrial presequence	86(MPP)	0.267	10-14,19-23,60-64,66-70,83-87	6-17-high	-	-	11-16	-	10-15	-	-	-	-	-	-	-	19-24	-	
synMTS_7_208_coa4	0.281	No mitochondrial presequence	39(MPP)	0.231	1-5,33-37,46-50,59-63,63-67,67-71,71-75,76-80,81-85,84-88	14-23-high	-	-	-	-	1-6	-	-	-	-	-	-	-	-	-	
synMTS_7_209_coa4	0.133	No mitochondrial presequence	53(MPP)	0.264		6-15-high	-	-	-	-	-	-	-	-	-	-	-	-	-	-	
synMTS_7_210_coa4	0.424	Possessing mitochondrial presequence	61(MPP)	0.262	21-25,42-46,58-62,62-66	16-25-high	-	-	-	-	-	-	-	-	-	-	-	-	-	-	
synMTS_7_211_coa4	0.746	Possessing mitochondrial presequence	15(MPP)	0.200	23-27,83-87,91-95	19-29-high	-	-	-	-	23-28	-	-	-	-	-	-	-	-	-	
synMTS_7_212_coa4	0.437	Possessing mitochondrial presequence	53(MPP)	0.245	13-17	1-10-high	-	-	14-19	-	13-18	-	-	-	-	-	-	-	-	-	
synMTS_7_213_coa4	0.407	Possessing mitochondrial presequence	10(MPP)	0.200	10-14,32-36,39-43,72-76,77-81	9-18-high	-	-	-	11-16	-	-	-	-	-	-	-	-	-	-	
synMTS_7_214_coa4	0.138	No mitochondrial presequence	29(MPP)	0.241	3-7,67-71	10-19-high	-	-	-	-	-	20-25	-	-	-	19-24	-	-	-	-	
synMTS_7_215_coa4	0.274	No mitochondrial presequence	54(MPP), 55(Icp55)	0.241	2-6,51-55,61-65	9-18-high	-	-	-	-	-	-	-	-	-	-	-	-	-	-	
synMTS_7_216_coa4	0.515	Possessing mitochondrial presequence	18(MPP)	0.222	2-6,33-37,47-51,57-61,80-84	21-30-high	-	-	-	-	-	-	-	-	-	-	-	-	-	-	
synMTS_7_217_coa4	0.348	No mitochondrial presequence	36(MPP)	0.250	45-49,48-52	12-24-high	-	-	-	-	-	-	-	12-17	-	11-16	-	-	-	-	
synMTS_7_218_coa4	0.351	No mitochondrial presequence	16(MPP)	0.250	55-59,59-63	2-11-high	-	-	-	-	-	-	-	-	-	-	-	-	-	-	
synMTS_7_219_coa4	0.228	No mitochondrial presequence	67(MPP)	0.254	37-41,64-68	14-23-high	-	21-26	-	-	-	19-24	-	-	-	-	-	-	-	18-23	
synMTS_7_220_coa4	0.169	No mitochondrial presequence	11(MPP), 12(Icp55)	0.182	22-26,39-43,44-48	18-27-high	-	-	-	-	-	-	-	-	-	-	-	-	-	-	
synMTS_7_221_coa4	0.127	No mitochondrial presequence	32(MPP)	0.250	26-30,29-33,51-55,54-58	19-30-high	-	-	-	-	-	-	-	-	-	-	-	-	-	-	
synMTS_7_222_coa4	0.275	No mitochondrial presequence	75(MPP)	0.253	15-19,47-51,68-72,72-76,85-89,88-92,96-100	6-15-high	-	-	-	-	-	-	-	-	-	-	-	-	-	-	
synMTS_7_223_coa4	0.431	Possessing mitochondrial presequence	79(MPP)	0.278	10-14,18-22,37-41,47-51,66-70,69-73	10-21-low	-	-	-	-	-	-	-	-	-	-	-	-	10-15	-	
synMTS_7_224_coa4	0.266	No mitochondrial presequence	20(MPP)	0.250	41-45,57-61,77-81,94-98	14-23-high	-	-	-	-	-	-	-	-	-	-	-	-	-	-	
synMTS_7_225_coa4	0.122	No mitochondrial presequence	59(MPP)	0.237	34-38,38-42,65-69,89-93	17-26-high	-	-	-	-	-	-	-	-	-	-	-	-	-	-	
synMTS_7_226_coa4	0.432	Possessing mitochondrial presequence	22(MPP)	0.227	4-8,12-16,52-56,56-60,83-87,91-95	4-15-high	-	-	-	-	-	-	-	-	-	-	-	-	-	-	
synMTS_7_227_coa4	0.771	Possessing mitochondrial presequence	35(MPP)	0.286	16-20,81-85	15-24-high	-	-	-	-	-	-	-	-	-	-	-	-	-	-	
synMTS_7_228_coa4	0.686	Possessing mitochondrial presequence	58(MPP)	0.259	24-28,44-48,73-77	18-27-high	-	-	-	-	-	-	20-25	-	-	-	-	-	-	19-24	
synMTS_7_229_coa4	0.416	Possessing mitochondrial presequence	16(MPP)	0.250	13-17,16-20,87-91	2-13-high	-	-	-	-	-	-	-	-	-	-	-	-	-	-	
synMTS_7_230_coa4	0.393	Possessing mitochondrial presequence	48(MPP)	0.250	20-24,45-49	20-29-high	-	-	-	-	-	-	-	-	-	-	-	-	-	-	
synMTS_7_231_coa4	0.907	Possessing mitochondrial presequence	53(MPP)	0.283	9-13,25-29,33-37,37-41,42-46,50-54	11-20-high	-	-	17-22	-	25-30	-	-	-	-	-	-	-	-	-	
synMTS_7_232_coa4	0.900	Possessing mitochondrial presequence	44(MPP)	0.250	4-8,28-32,51-55,54-58	3-12-high	-	-	-	-	-	-	-	-	-	-	-	3-8	-	-	
synMTS_7_233_coa4	0.435	Possessing mitochondrial presequence	58(MPP)	0.241	24-28,29-33	7-16-high	-	-	-	-	-	-	-	-	-	-	-	-	-	-	
synMTS_7_234_coa4	0.169	No mitochondrial presequence	38(MPP)	0.289	18-22,91-95	19-28-low	-	-	-	-	-	-	-	-	-	-	-	-	-	-	
synMTS_7_235_coa4	0.294	No mitochondrial presequence	65(MPP)	0.262	39-43,50-54,75-79,80-84	14-23-high	-	-	-	-	-	-	17-22	-	-	-	-	-	-	16-21	
synMTS_7_236_coa4	0.104	No mitochondrial presequence	21(MPP)	0.238	10-14,68-72,85-89	4-14-high	-	4-9	-	-	-	-	-	-	-	-	-	-	-	-	
synMTS_7_237_coa4	0.861	Possessing mitochondrial presequence	47(MPP)	0.255	31-35,34-38	11-20-high	-	-	-	-	-	25-30	-	-	-	24-29	-	-	-	-	
synMTS_7_238_coa4	0.297	No mitochondrial presequence	35(MPP)	0.257	9-13,14-18,32-36,45-49,48-52,61-65,87-91,92-96	19-30-high	-	-	-	-	-	-	-	-	-	-	-	-	-	-	
synMTS_7_239_coa4	0.294	No mitochondrial presequence	46(MPP)	0.261	3-7,10-14,15-19,26-30,38-42	14-23-high	-	20-25	-	-	-	18-23	-	-	-	-	-	14-19	-	-	
synMTS_7_240_coa4	0.726	Possessing mitochondrial presequence	43(MPP)	0.256	25-29,28-32,40-44,76-80	15-26-low	-	-	-	-	25-30	-	-	-	-	-	-	-	-	-	
synMTS_7_241_coa4	0.390	Possessing mitochondrial presequence	39(MPP), 40(Icp55)	0.282	26-30,67-71,70-74	15-25-high	-	-	-	-	-	-	-	-	-	-	-	-	-	-	
synMTS_7_242_coa4	0.570	Possessing mitochondrial presequence	23(MPP), 24(Icp55)	0.261	10-14,14-18,32-36,49-53,70-74,74-78	9-18-high	-	-	-	-	14-19	17-22	-	-	-	-	-	-	-	-	
synMTS_7_243_coa4	0.108	No mitochondrial presequence	47(MPP)	0.234	47-51,70-74	6-15-high	-	-	-	-	-	-	-	-	-	-	-	-	-	-	
synMTS_7_244_coa4	0.755	Possessing mitochondrial presequence	12(MPP)	0.250	33-37,61-65	11-20-high	-	-	-	-	-	-	-	-	-	-	-	-	-	-	
synMTS_7_245_coa4	0.379	No mitochondrial presequence	58(MPP)	0.276	6-10,10-14,39-43,50-54,76-80,92-96	5-14-high	-	-	-	-	-	15-20	-	-	-	14-19	-	-	-	-	
synMTS_7_246_coa4	0.411	Possessing mitochondrial presequence	42(MPP)	0.238	31-35	6-15-high	-	-	-	-	-	-	-	-	-	-	-	-	-	-	
synMTS_7_247_coa4	0.145	No mitochondrial presequence	39(MPP)	0.231	12-16,36-40	13-22-high	-	-	-	-	-	-	16-21	-	-	15-20	-	-	-	-	
synMTS_7_248_coa4	0.477	Possessing mitochondrial presequence	15(MPP)	0.200	4-8,35-39,39-43,58-62,76-80	13-22-high	-	23-28	-	-	4-9	15-20	-	-	-	-	-	-	-	-	
synMTS_7_249_coa4	0.647	Possessing mitochondrial presequence	22(MPP)	0.227	7-11,11-15,14-18,39-43,70-74	7-16-high	-	-	-	-	11-16	-	-	-	-	-	-	-	-	-	
synMTS_7_250_coa4	0.151	No mitochondrial presequence	57(MPP)	0.263	10-14,51-55,54-58	3-12-high	-	-	-	-	-	-	-	-	-	-	-	-	-	-	
synMTS_7_251_coa4	0.087	No mitochondrial presequence	27(MPP)	0.222	60-64,65-69	20-30-high	-	-	-	-	-	-	-	24-29	-	-	-	-	-	-	
synMTS_7_252_coa4	0.266	No mitochondrial presequence	42(MPP)	0.262	11-15,14-18,26-30,58-62,81-85,85-89	11-20-high	-	-	-	-	-	-	-	-	-	-	-	-	-	-	
synMTS_7_253_coa4	0.367	No mitochondrial presequence	55(MPP)	0.273	3-7,9-13,20-24,25-29,56-60	10-24-high	-	-	-	-	3-8	-	-	-	-	-	-	-	-	-	
synMTS_7_254_coa4	0.198	No mitochondrial presequence	56(MPP)	0.250	10-14,41-45,49-53,53-57,61-65	5-14-high	-	5-10	-	-	-	-	14-19	-	-	13-18	-	-	-	-	
synMTS_7_255_coa4	0.327	No mitochondrial presequence	23(MPP)	0.217	10-14,20-24,34-38	16-25-high	-	-	-	-	20-25	-	-	-	-	-	-	-	-	-	
synMTS_7_256_coa4	0.312	No mitochondrial presequence	58(MPP)	0.259	11-15,50-54	5-14-high	-	-	-	-	-	-	-	-	-	-	-	-	-	6-11	
synMTS_7_257_coa4	0.692	Possessing mitochondrial presequence	32(MPP)	0.250	5-9,8-12,13-17,29-33,42-46,52-56,79-83	15-24-high	-	-	-	-	5-10,13-18	-	-	-	-	-	-	-	-	-	
synMTS_7_258_coa4	0.496	Possessing mitochondrial presequence	24(MPP)	0.208		2-11-low	-	-	-	-	-	-	-	-	-	-	-	-	-	-	
synMTS_7_259_coa4	0.723	Possessing mitochondrial presequence	19(MPP)	0.211	24-28,46-50,54-58,57-61	18-28-high	-	-	-	-	-	-	-	-	-	-	1-6	-	-	-	
synMTS_7_260_coa4	0.402	Possessing mitochondrial presequence	51(MPP)	0.235	7-11,16-20,20-24,34-38,39-43	15-24-high	-	-	-	-	16-21	-	-	-	-	-	-	-	-	-	
synMTS_7_261_coa4	0.721	Possessing mitochondrial presequence	57(MPP)	0.263	22-26,47-51,93-97	21-30-high	-	18-23	-	-	-	-	-	-	-	-	-	-	-	-	
synMTS_7_262_coa4	0.929	Possessing mitochondrial presequence	38(MPP)	0.263	14-18,17-21,21-25,35-39,52-56	14-25-high	-	-	-	18-23	-	-	-	10-15	-	-	-	-	-	-	
synMTS_7_263_coa4	0.366	No mitochondrial presequence	43(MPP)	0.302	29-33,33-37,37-41,49-53,53-57,67-71,71-75	13-24-high	-	-	-	-	-	-	-	-	-	-	-	-	-	-	
synMTS_7_264_coa4	0.881	Possessing mitochondrial presequence	54(MPP)	0.278	7-11,52-56	9-19-high	-	-	-	-	-	-	-	-	-	-	-	-	-	-	
synMTS_7_265_coa4	0.138	No mitochondrial presequence	90(MPP)	0.244	6-10,11-15,20-24,58-62	2-11-high	-	-	-	-	-	-	2-7	-	-	1-6	-	-	-	-	
synMTS_7_266_coa4	0.116	No mitochondrial presequence	24(MPP)	0.208	43-47,66-70	10-20-high	-	-	-	-	-	-	-	-	-	-	-	-	-	-	
synMTS_7_267_coa4	0.263	No mitochondrial presequence	44(MPP)	0.295	12-16,23-27,32-36,41-45	2-11-high	-	-	-	-	-	-	-	-	-	-	-	-	12-17	-	
synMTS_7_268_coa4	0.106	No mitochondrial presequence	48(MPP)	0.271		12-21-low	-	-	-	-	-	-	-	-	-	-	-	-	-	-	
synMTS_7_269_coa4	0.711	Possessing mitochondrial presequence	29(MPP)	0.276	53-57	13-22-high	-	9-14	-	-	-	7-12	-	-	-	-	-	-	-	6-11	
synMTS_7_270_coa4	0.771	Possessing mitochondrial presequence	51(MPP)	0.275	2-6,16-20,21-25,45-49,48-52	11-20-high	-	-	-	-	-	25-30	-	-	-	24-29	-	20-25	-	-	
synMTS_7_271_coa4	0.410	Possessing mitochondrial presequence	74(MPP)	0.257	8-12,20-24,24-28,28-32,50-54,67-71	16-28-high	-	-	-	-	-	-	-	-	-	15-20	-	-	-	-	
synMTS_7_272_coa4	0.198	No mitochondrial presequence	50(MPP)	0.260	41-45,44-48	3-13-high	-	6-11	-	-	-	-	-	-	-	-	-	-	-	-	
synMTS_7_273_coa4	0.647	Possessing mitochondrial presequence	16(MPP)	0.250	33-37,80-84,84-88	17-26-high	-	-	-	-	-	-	-	-	-	-	11-16	-	-	-	
synMTS_7_274_coa4	0.175	No mitochondrial presequence	50(MPP)	0.240	12-16,16-20,60-64,64-68,93-97	11-20-high	-	-	-	13-18	-	-	-	-	-	-	-	-	-	-	
synMTS_7_275_coa4	0.185	No mitochondrial presequence	36(MPP)	0.222	52-56,59-63,79-83,84-88	17-26-high	-	-	-	-	-	-	-	-	-	-	-	-	-	-	
synMTS_7_276_coa4	0.523	Possessing mitochondrial presequence	48(MPP), 56(Oct1)	0.250	2-6,7-11	3-14-high	-	-	-	-	-	-	-	-	-	-	-	6-11	-	-	
synMTS_7_277_coa4	0.348	No mitochondrial presequence	28(MPP)	0.250	5-9,25-29,29-33,92-96	7-16-high	-	11-16	-	-	-	9-14	-	-	-	8-13	-	-	-	-	
synMTS_7_278_coa4	0.186	No mitochondrial presequence	32(MPP), 33(Icp55)	0.219	17-21,29-33	17-26-high	-	-	-	-	-	-	-	-	-	-	-	-	-	-	
synMTS_7_279_coa4	0.862	Possessing mitochondrial presequence	6(MPP), 7(Icp55)	0.167	3-7,56-60,62-66,70-74,78-82,81-85	15-24-high	-	-	-	-	-	-	-	-	6-11	-	-	-	-	-	
synMTS_7_280_coa4	0.179	No mitochondrial presequence	64(MPP)	0.250	4-8,18-22	1-10-low	-	-	-	24-29	-	-	-	-	-	-	-	-	-	-	
synMTS_7_281_coa4	0.286	No mitochondrial presequence	62(MPP)	0.258	24-28	7-17-high	-	-	-	-	-	-	-	-	-	-	-	-	-	-	
synMTS_7_282_coa4	0.421	Possessing mitochondrial presequence	18(MPP)	0.222	9-13,15-19	5-14-high	-	-	-	-	-	-	-	24-29	-	-	-	-	15-20	-	
synMTS_7_283_coa4	0.273	No mitochondrial presequence	38(MPP)	0.237	4-8,12-16	14-23-high	-	23-28	-	-	-	-	-	-	-	-	-	-	-	-	
synMTS_7_284_coa4	0.224	No mitochondrial presequence	60(MPP)	0.250	29-33,54-58,57-61	20-29-high	-	-	-	-	-	-	-	-	-	-	-	-	-	-	
synMTS_7_285_coa4	0.879	Possessing mitochondrial presequence	73(MPP)	0.260	4-8,41-45,45-49,50-54,54-58,57-61,71-75	18-29-high	-	-	-	-	-	-	-	-	-	-	-	-	-	-	
synMTS_7_286_coa4	0.360	No mitochondrial presequence	40(MPP)	0.250	11-15,20-24	17-26-high	-	-	-	-	-	-	-	24-29	-	23-28	-	-	-	-	
synMTS_7_287_coa4	0.864	Possessing mitochondrial presequence	61(MPP)	0.246	87-91,90-94	6-16-high	-	-	-	-	-	-	-	-	-	-	-	-	-	-	
synMTS_7_288_coa4	0.241	No mitochondrial presequence	65(MPP)	0.262	16-20,29-33,38-42,63-67,87-91,90-94	3-12-high	-	-	-	-	-	-	-	-	-	-	-	-	-	-	
synMTS_7_289_coa4	0.424	Possessing mitochondrial presequence	33(MPP)	0.273	8-12,20-24,23-27,68-72,77-81,82-86,86-90	18-27-high	-	-	-	-	20-25	-	-	-	-	-	-	7-12	-	-	
synMTS_7_290_coa4	0.479	Possessing mitochondrial presequence	39(MPP)	0.256	4-8,8-12,45-49,62-66,65-69,69-73	1-12-high	-	19-24	-	-	-	-	-	-	24-29	-	23-28	-	-	-	
synMTS_7_291_coa4	0.604	Possessing mitochondrial presequence	35(MPP)	0.257	4-8,8-12,11-15,21-25,26-30,82-86	6-15-high	-	-	-	-	-	-	-	-	24-29	-	-	7-12	-	-	
synMTS_7_292_coa4	0.326	No mitochondrial presequence	41(MPP)	0.268	43-47,57-61,61-65	10-19-high	-	12-17	-	-	-	-	-	-	-	-	-	-	-	-	
synMTS_7_293_coa4	0.113	No mitochondrial presequence	52(MPP)	0.250	11-15,54-58,80-84,84-88	8-17-high	-	-	-	-	-	-	-	-	-	-	-	-	-	-	
synMTS_7_294_coa4	0.814	Possessing mitochondrial presequence	19(MPP), 20(Icp55)	0.211		14-23-high	-	-	-	-	-	-	-	-	-	-	-	-	-	-	
synMTS_7_295_coa4	0.695	Possessing mitochondrial presequence	86(MPP), 87(Icp55)	0.267	16-20,33-37,46-50,66-70,83-87	11-21-low	-	-	-	-	-	-	-	21-26	-	20-25	-	-	-	-	
synMTS_7_296_coa4	0.139	No mitochondrial presequence	66(MPP)	0.273	59-63,90-94	11-20-high	-	-	-	-	-	-	-	-	-	-	-	-	-	-	
synMTS_7_297_coa4	0.803	Possessing mitochondrial presequence	16(MPP)	0.188	17-21,53-57,66-70,77-81,80-84	14-27-high	-	-	-	18-23	-	-	-	8-13	-	7-12	-	-	-	-	
synMTS_7_298_coa4	0.272	No mitochondrial presequence	38(MPP)	0.289	13-17,19-23,27-31,36-40,40-44,65-69	19-30-high	-	-	-	-	-	-	-	-	-	-	-	-	-	-	
synMTS_7_299_coa4	0.117	No mitochondrial presequence	68(MPP)	0.250		14-23-low	-	-	-	-	-	-	-	-	-	-	-	-	-	-	
synMTS_7_300_coa4	0.630	Possessing mitochondrial presequence	74(MPP)	0.257		7-16-high	-	-	-	-	-	-	-	-	-	-	-	-	-	-	
synMTS_7_301_coa4	0.369	No mitochondrial presequence	34(MPP)	0.265		16-25-high	-	18-23	-	-	-	-	-	-	-	-	-	-	-	-	
synMTS_7_302_coa4	0.315	No mitochondrial presequence	7(MPP)	0.143	43-47,55-59,58-62,65-69	1-10-high	-	-	-	-	-	-	-	-	-	-	-	-	-	-	
synMTS_7_303_coa4	0.469	Possessing mitochondrial presequence	11(MPP)	0.273		16-25-high	-	-	-	-	-	-	-	-	-	-	-	-	-	-	
synMTS_7_304_coa4	0.286	No mitochondrial presequence	64(MPP)	0.250	7-11,40-44,53-57	7-16-high	-	-	-	-	-	-	-	-	-	-	-	-	-	-	
synMTS_7_305_coa4	0.089	No mitochondrial presequence	19(MPP)	0.263	6-10,37-41,95-99	18-27-high	-	-	-	-	6-11	-	-	-	-	-	-	-	-	-	
synMTS_7_306_coa4	0.979	Possessing mitochondrial presequence	38(MPP)	0.263	3-7	13-22-high	-	-	-	-	-	-	-	-	-	-	-	-	-	-	
synMTS_7_307_coa4	0.444	Possessing mitochondrial presequence	64(MPP)	0.234	38-42,43-47,46-50,51-55	10-19-high	-	13-18	-	-	-	-	-	-	-	-	-	-	-	-	
synMTS_7_308_coa4	0.201	No mitochondrial presequence	51(MPP)	0.255	13-17,20-24,23-27,28-32,64-68,68-72,73-77,76-80,81-85	16-25-high	-	-	-	-	-	-	-	-	-	-	-	-	-	-	
synMTS_7_309_coa4	0.876	Possessing mitochondrial presequence	28(MPP)	0.214	20-24,28-32,40-44,50-54,60-64	14-23-high	-	-	-	-	20-25	-	-	-	-	-	-	-	-	-	
synMTS_7_310_coa4	0.967	Possessing mitochondrial presequence	76(MPP)	0.250	12-16,17-21,25-29,65-69	6-15-high	-	-	-	9-14	-	-	-	-	-	-	-	-	-	-	
synMTS_7_311_coa4	0.518	Possessing mitochondrial presequence	9(MPP), 10(Icp55)	0.222	15-19,68-72,77-81,84-88,95-99	12-21-high	-	-	4-9	-	-	-	-	-	-	-	-	-	-	-	
synMTS_7_312_coa4	0.147	No mitochondrial presequence	23(MPP)	0.217	25-29,28-32,47-51,80-84	15-24-high	-	-	-	-	-	-	-	-	-	-	-	-	-	-	
synMTS_7_313_coa4	0.370	No mitochondrial presequence	63(MPP)	0.254	14-18,17-21,33-37,44-48	15-24-high	-	-	18-23	-	17-22	-	-	-	-	-	-	-	-	-	
synMTS_7_314_coa4	0.123	No mitochondrial presequence	45(MPP)	0.267	83-87,86-90,94-98	9-18-high	-	-	-	-	-	-	-	-	-	-	-	-	-	-	
synMTS_7_315_coa4	0.161	No mitochondrial presequence	47(MPP)	0.255	41-45	4-13-high	-	-	-	-	-	6-11	-	-	-	-	-	-	-	-	
synMTS_7_316_coa4	0.281	No mitochondrial presequence	44(MPP)	0.250	23-27,26-30,36-40	19-28-high	-	-	-	-	23-28	-	-	-	10-15	-	-	-	-	-	
synMTS_7_317_coa4	0.539	Possessing mitochondrial presequence	23(MPP)	0.261	17-21,20-24,23-27,42-46,47-51	5-15-high	-	-	-	-	17-22,20-25	-	-	-	-	-	-	-	-	-	
synMTS_7_318_coa4	0.911	Possessing mitochondrial presequence	52(MPP)	0.231	9-13,13-17,21-25,40-44	8-17-high	-	-	-	-	-	-	-	-	-	-	-	8-13,12-17	9-14	-	
synMTS_7_319_coa4	0.322	No mitochondrial presequence	28(MPP)	0.214	13-17,18-22,21-25,25-29	17-29-high	-	-	-	-	-	-	-	-	16-21	-	-	24-29	-	-	
synMTS_7_320_coa4	0.363	No mitochondrial presequence	57(MPP)	0.263	40-44,58-62,81-85	2-11-high	-	-	-	-	-	-	-	-	-	-	-	-	-	-	
synMTS_7_321_coa4	0.340	No mitochondrial presequence	16(MPP)	0.188	3-7,22-26,45-49,60-64	21-30-high	-	-	-	-	-	16-21	-	8-13	25-30	7-12	-	-	-	-	
synMTS_7_322_coa4	0.496	Possessing mitochondrial presequence	20(MPP), 21(Icp55)	0.200	17-21,58-62,78-82,96-100	19-28-high	-	-	-	-	-	-	-	-	-	-	-	16-21	17-22	-	
synMTS_7_323_coa4	0.057	No mitochondrial presequence	70(MPP)	0.257	31-35,40-44,56-60,60-64,64-68,67-71	10-19-high	-	-	-	-	-	11-16	-	-	-	-	-	-	-	-	
synMTS_7_324_coa4	0.565	Possessing mitochondrial presequence	51(MPP)	0.255	20-24,23-27	21-30-high	-	-	-	-	20-25	-	-	-	-	-	-	-	-	-	
synMTS_7_325_coa4	0.257	No mitochondrial presequence	26(MPP)	0.192	24-28,27-31,86-90,89-93,92-96	1-12-low	-	-	-	-	-	-	-	-	-	-	-	-	-	-	
synMTS_7_326_coa4	0.088	No mitochondrial presequence	41(MPP)	0.244	19-23	13-22-high	-	-	-	-	-	-	-	-	-	-	-	-	-	-	
synMTS_7_327_coa4	0.268	No mitochondrial presequence	58(MPP)	0.241	55-59	17-26-high	-	-	-	-	-	-	-	-	-	-	-	-	-	-	
synMTS_7_328_coa4	0.362	No mitochondrial presequence	22(MPP)	0.227	4-8,14-18,22-26,56-60	1-10-high	-	-	5-10	-	4-9,22-27	-	-	-	-	-	-	13-18	-	-	
synMTS_7_329_coa4	0.586	Possessing mitochondrial presequence	35(MPP)	0.229	6-10,10-14,52-56,55-59,75-79	6-15-high	-	-	-	-	-	-	-	-	-	-	-	9-14	6-11	-	
synMTS_7_330_coa4	0.388	Possessing mitochondrial presequence	41(MPP)	0.244	38-42	10-19-high	-	-	-	-	-	-	-	-	-	-	-	-	-	-	
synMTS_7_331_coa4	0.350	No mitochondrial presequence	31(MPP), 32(Icp55)	0.258	7-11,10-14,21-25,25-29,28-32,44-48,68-72,71-75,76-80,83-87,93-97,96-100	21-30-high	-	-	-	-	-	-	-	-	-	-	-	6-11,24-29	21-26	-	
synMTS_7_332_coa4	0.398	Possessing mitochondrial presequence	95(MPP)	0.253	4-8,60-64,84-88	13-22-high	-	-	-	-	4-9	-	-	-	-	-	-	-	-	-	
synMTS_7_333_coa4	0.367	No mitochondrial presequence	24(MPP), 25(Icp55)	0.208	8-12,13-17,21-25,25-29,29-33,44-48,76-80	12-21-high	-	-	-	-	-	-	-	-	-	-	-	12-17,24-29	-	-	
synMTS_7_334_coa4	0.186	No mitochondrial presequence	34(MPP), 35(Icp55)	0.265	28-32,31-35,37-41,41-45,46-50	18-29-high	-	-	-	-	-	-	-	-	-	-	-	-	-	-	
synMTS_7_335_coa4	0.370	No mitochondrial presequence	86(MPP)	0.267	41-45,70-74,73-77	18-27-high	-	18-23	-	-	-	23-28	-	-	-	22-27	-	-	-	-	
synMTS_7_336_coa4	0.605	Possessing mitochondrial presequence	51(MPP)	0.275	24-28	4-13-high	-	-	3-8	21-26	-	9-14	-	-	-	-	-	-	-	-	
synMTS_7_337_coa4	0.289	No mitochondrial presequence	47(MPP)	0.255	24-28,31-35,52-56,61-65,87-91,92-96	20-29-high	-	-	25-30	-	24-29	-	-	-	-	-	-	-	-	-	
synMTS_7_338_coa4	0.966	Possessing mitochondrial presequence	39(MPP)	0.256	8-12,12-16,19-23,40-44,45-49,59-63,81-85	7-16-high	-	-	-	-	-	-	23-28	-	-	22-27	-	-	-	-	
synMTS_7_339_coa4	0.128	No mitochondrial presequence	28(MPP)	0.286	8-12,25-29,29-33,73-77,78-82	19-29-high	-	-	-	-	8-13	-	-	-	-	-	-	-	-	-	
synMTS_7_340_coa4	0.061	No mitochondrial presequence	62(MPP)	0.258	25-29,42-46,56-60	19-29-high	-	-	-	-	-	-	-	-	-	-	-	-	-	-	
synMTS_7_341_coa4	0.610	Possessing mitochondrial presequence	28(MPP), 29(Icp55)	0.214	4-8,14-18,17-21,25-29,35-39,56-60,76-80,83-87,87-91	13-22-high	-	-	-	-	14-19	-	-	-	-	-	-	-	-	-	
synMTS_7_342_coa4	0.141	No mitochondrial presequence	52(MPP)	0.250	49-53	12-21-low	-	-	-	-	-	-	-	-	-	-	-	-	-	-	
synMTS_7_343_coa4	0.683	Possessing mitochondrial presequence	44(MPP)	0.250	7-11,16-20,35-39,61-65	12-21-high	-	-	-	-	-	-	-	-	-	-	-	-	-	-	
synMTS_7_344_coa4	0.207	No mitochondrial presequence	20(MPP)	0.200	3-7,12-16,42-46,59-63,63-67,67-71,73-77,83-87	11-20-low	-	-	-	-	-	-	-	-	-	-	-	-	-	-	
synMTS_7_345_coa4	0.175	No mitochondrial presequence	90(MPP)	0.233	19-23,34-38,60-64	15-24-low	-	-	-	-	-	-	-	-	-	-	-	-	-	-	
synMTS_7_346_coa4	0.329	No mitochondrial presequence	35(MPP)	0.286		8-17-high	-	-	-	-	-	-	-	-	-	-	-	-	-	-	
synMTS_7_347_coa4	0.648	Possessing mitochondrial presequence	45(MPP)	0.267	4-8,16-20,20-24,42-46	20-30-high	-	-	-	-	-	-	-	-	-	-	-	3-8	-	-	
synMTS_7_348_coa4	0.905	Possessing mitochondrial presequence	28(MPP)	0.214	8-12,25-29,30-34,94-98	6-15-high	-	-	-	-	-	-	-	-	-	-	-	-	-	-	
synMTS_7_349_coa4	0.603	Possessing mitochondrial presequence	29(MPP)	0.241	50-54,53-57,57-61	14-23-high	-	15-20	-	-	-	-	-	7-12	-	-	-	-	-	6-11	
synMTS_7_350_coa4	0.265	No mitochondrial presequence	50(MPP)	0.220	42-46,47-51	18-27-high	-	25-30	-	-	-	23-28	19-24	-	-	-	-	-	-	22-27	
synMTS_7_351_coa4	0.315	No mitochondrial presequence	61(MPP)	0.262	16-20,29-33,33-37,96-100	6-15-high	-	12-17	-	-	16-21	10-15	-	-	-	-	-	-	-	9-14	
synMTS_7_352_coa4	0.767	Possessing mitochondrial presequence	41(MPP)	0.220		14-23-high	-	-	-	-	-	-	-	-	-	-	-	-	-	-	
synMTS_7_353_coa4	0.602	Possessing mitochondrial presequence	46(MPP)	0.261	28-32,33-37,43-47	13-22-high	-	13-18	-	-	-	-	18-23	-	-	17-22	-	-	-	-	
synMTS_7_354_coa4	0.125	No mitochondrial presequence	35(MPP), 36(Icp55)	0.257	28-32,32-36	3-13-high	-	-	-	-	-	-	-	-	-	-	-	-	-	-	
synMTS_7_355_coa4	0.222	No mitochondrial presequence	43(MPP)	0.256	20-24	20-29-high	-	-	-	-	-	-	-	-	-	-	-	-	-	15-20	
synMTS_7_356_coa4	0.110	No mitochondrial presequence	38(MPP)	0.263	8-12,31-35,51-55,55-59,92-96	4-13-high	-	-	-	-	-	-	-	-	-	-	-	-	-	-	
synMTS_7_357_coa4	0.715	Possessing mitochondrial presequence	31(MPP)	0.226	20-24,28-32,69-73,73-77,86-90,90-94,94-98	20-29-high	-	-	-	-	-	-	23-28	-	-	-	-	19-24	-	-	
synMTS_7_358_coa4	0.624	Possessing mitochondrial presequence	29(MPP), 30(Icp55)	0.241	37-41	13-22-high	-	-	-	-	-	-	-	-	-	-	-	-	-	-	
synMTS_7_359_coa4	0.192	No mitochondrial presequence	28(MPP)	0.214	18-22,21-25,65-69	2-12-low	-	-	-	-	-	-	-	9-14	-	-	-	-	-	-	
synMTS_7_360_coa4	0.129	No mitochondrial presequence	78(MPP)	0.256	2-6,5-9,35-39,46-50,51-55,64-68,68-72	1-10-high	-	-	-	-	-	-	-	-	-	-	-	-	-	-	
synMTS_7_361_coa4	0.427	Possessing mitochondrial presequence	75(MPP)	0.253	6-10,11-15,14-18,17-21,55-59,59-63,62-66	7-18-high	-	-	-	-	14-19,17-22	-	-	-	-	-	-	10-15	-	-	
synMTS_7_362_coa4	0.200	No mitochondrial presequence	22(MPP)	0.227	19-23	2-11-high	-	-	-	-	-	-	-	-	-	-	-	-	-	-	
synMTS_7_363_coa4	0.215	No mitochondrial presequence	52(MPP)	0.269	42-46	12-21-high	-	-	-	-	-	-	-	-	-	-	-	-	-	-	
synMTS_7_364_coa4	0.625	Possessing mitochondrial presequence	14(MPP)	0.214	7-11,27-31	3-12-high	-	-	-	-	-	-	2-7	-	-	1-6	-	-	-	-	
synMTS_7_365_coa4	0.277	No mitochondrial presequence	61(MPP)	0.262	3-7,11-15,62-66,72-76	7-16-high	-	-	-	-	-	-	-	-	-	23-28	-	-	-	-	
synMTS_7_366_coa4	0.604	Possessing mitochondrial presequence	48(MPP)	0.271		11-20-high	-	5-10	-	-	-	-	-	-	-	-	-	-	-	-	
synMTS_7_367_coa4	0.372	No mitochondrial presequence	26(MPP)	0.269	12-16,43-47,46-50,67-71	7-16-high	-	-	-	-	-	-	23-28	-	-	-	-	-	-	-	
synMTS_7_368_coa4	0.237	No mitochondrial presequence	56(MPP)	0.250	29-33,48-52	15-26-high	-	24-29	-	-	-	-	-	-	1-6	-	-	-	-	-	
synMTS_7_369_coa4	0.933	Possessing mitochondrial presequence	34(MPP)	0.235	8-12,11-15,31-35,35-39,39-43,69-73	8-19-high	-	-	-	-	-	-	-	-	-	-	-	-	-	-	
synMTS_7_370_coa4	0.558	Possessing mitochondrial presequence	32(MPP)	0.219	81-85	17-26-high	-	-	-	-	-	-	-	-	-	-	14-19	-	-	-	
synMTS_7_371_coa4	0.760	Possessing mitochondrial presequence	45(MPP)	0.244	11-15,37-41	8-17-high	-	-	-	-	-	-	-	-	-	-	-	10-15	-	-	
synMTS_7_372_coa4	0.305	No mitochondrial presequence	15(MPP)	0.200	47-51	5-14-high	-	11-16	-	-	-	9-14	-	-	-	-	-	-	-	8-13	
synMTS_7_373_coa4	0.210	No mitochondrial presequence	61(MPP)	0.262	3-7,61-65,90-94	13-22-high	-	10-15	-	-	-	-	23-28	-	-	-	-	2-7	-	-	
synMTS_7_374_coa4	0.165	No mitochondrial presequence	54(MPP)	0.259	12-16,31-35	16-28-high	-	-	-	-	-	-	-	-	-	-	-	-	-	-	
synMTS_7_375_coa4	0.162	No mitochondrial presequence	68(MPP)	0.265	18-22,21-25,30-34	18-27-high	-	-	-	-	18-23	-	-	-	-	-	-	-	-	-	
synMTS_7_376_coa4	0.426	Possessing mitochondrial presequence	69(MPP)	0.246	54-58,66-70	11-20-high	-	-	-	25-30	-	-	-	-	-	-	-	-	-	-	
synMTS_7_377_coa4	0.667	Possessing mitochondrial presequence	19(MPP)	0.211	61-65,73-77,79-83	14-23-high	-	-	-	-	-	-	-	-	-	-	-	-	-	-	
synMTS_7_378_coa4	0.859	Possessing mitochondrial presequence	34(MPP)	0.235	9-13,48-52,60-64,77-81	3-12-high	-	-	-	-	-	-	-	-	-	-	-	-	-	-	
synMTS_7_379_coa4	0.536	Possessing mitochondrial presequence	20(MPP)	0.200	44-48,64-68	12-21-high	-	19-24	-	-	-	17-22	-	-	-	-	-	-	-	-	
synMTS_7_380_coa4	0.703	Possessing mitochondrial presequence	55(MPP)	0.255	13-17,36-40,41-45,45-49	11-20-high	-	-	-	-	13-18	-	-	-	-	-	-	-	-	-	
synMTS_7_381_coa4	0.193	No mitochondrial presequence	30(MPP), 31(Icp55)	0.200	2-6,40-44,52-56,73-77,77-81	18-27-low	-	-	-	-	-	-	-	-	-	-	-	-	-	-	
synMTS_7_382_coa4	0.251	No mitochondrial presequence	50(MPP)	0.280	26-30	14-23-high	-	21-26	-	-	-	19-24	-	-	-	-	-	-	-	-	
synMTS_7_383_coa4	0.349	No mitochondrial presequence	23(MPP), 31(Oct1)	0.217	7-11,10-14,54-58,68-72	20-29-high	-	-	-	-	-	-	-	-	-	-	-	-	-	-	
synMTS_7_384_coa4	0.172	No mitochondrial presequence	36(MPP)	0.222	60-64,64-68	9-18-low	-	-	-	-	-	-	-	-	-	-	-	-	-	-	
synMTS_7_385_coa4	0.212	No mitochondrial presequence	67(MPP)	0.239	20-24,33-37,51-55	1-10-high	-	-	-	-	-	-	-	-	-	-	-	19-24	-	-	
synMTS_7_386_coa4	0.154	No mitochondrial presequence	30(MPP)	0.233	7-11,19-23,22-26,50-54,53-57	15-24-high	-	-	-	-	-	-	-	-	-	-	-	-	-	-	
synMTS_7_387_coa4	0.533	Possessing mitochondrial presequence	44(MPP)	0.273	4-8,29-33,32-36,41-45,55-59,74-78,84-88	13-22-high	-	-	-	5-10	-	-	-	-	-	-	-	-	-	-	
synMTS_7_388_coa4	0.736	Possessing mitochondrial presequence	15(MPP), 16(Icp55)	0.200	7-11,30-34,64-68	21-30-low	-	-	-	18-23	-	-	-	12-17	-	11-16	-	-	-	-	
synMTS_7_389_coa4	0.841	Possessing mitochondrial presequence	16(MPP)	0.188	8-12,33-37,78-82,86-90	4-13-high	-	-	-	-	-	-	3-8	-	-	2-7	-	-	-	-	
synMTS_7_390_coa4	0.410	Possessing mitochondrial presequence	25(MPP)	0.240	10-14,56-60,76-80,79-83,83-87	6-15-high	-	-	-	-	-	-	-	-	-	-	-	-	-	-	
synMTS_7_391_coa4	0.869	Possessing mitochondrial presequence	42(MPP)	0.286	2-6,21-25,27-31,56-60,73-77	2-11-high	-	-	-	-	21-26	-	-	5-10	-	-	-	-	-	-	
synMTS_7_392_coa4	0.101	No mitochondrial presequence	68(MPP)	0.279	34-38	1-10-low	-	-	-	-	-	-	-	-	-	-	-	-	-	-	
synMTS_7_393_coa4	0.197	No mitochondrial presequence	57(MPP)	0.246	4-8,14-18	4-13-high	-	-	-	-	-	-	-	-	-	-	-	-	-	-	
synMTS_7_394_coa4	0.847	Possessing mitochondrial presequence	53(MPP)	0.264	7-11,38-42,55-59	6-15-high	-	-	-	-	-	-	-	-	-	-	-	-	-	-	
synMTS_7_395_coa4	0.411	Possessing mitochondrial presequence	56(MPP)	0.250	26-30,29-33,45-49,53-57,61-65,93-97	15-24-high	-	-	-	-	-	-	17-22	-	-	-	-	-	-	-	
synMTS_7_396_coa4	0.787	Possessing mitochondrial presequence	43(MPP), 44(Icp55)	0.279	17-21,33-37,66-70,73-77,77-81	15-24-high	-	-	-	-	17-22	-	-	-	1-6	-	-	-	-	-	
synMTS_7_397_coa4	0.809	Possessing mitochondrial presequence	28(MPP)	0.214	38-42,46-50,49-53	20-29-low	-	-	-	-	-	-	20-25,25-30	-	-	24-29	-	-	-	-	
synMTS_7_398_coa4	0.152	No mitochondrial presequence	45(MPP)	0.244	8-12,37-41,47-51,88-92	4-13-high	-	-	-	-	-	-	-	-	-	-	-	7-12	-	-	
synMTS_7_399_coa4	0.123	No mitochondrial presequence	31(MPP)	0.226	4-8,33-37	4-13-high	-	-	-	-	-	-	-	-	-	-	-	-	-	-	
synMTS_7_400_coa4	0.409	Possessing mitochondrial presequence	39(MPP), 40(Icp55)	0.256	12-16,15-19,46-50,68-72,71-75,74-78,77-81,84-88	11-20-high	-	-	-	-	12-17	-	-	-	-	-	18-23	-	-	-	
synMTS_8_201_coa4	0.004	No mitochondrial presequence	76(MPP)	-0.224		4-13-low	-	-	-	-	-	-	-	-	-	-	-	-	-	-	
synMTS_8_202_coa4	0.002	No mitochondrial presequence	34(MPP)	-0.176		1-10-low	-	-	-	-	-	-	-	-	-	-	-	-	-	-	
synMTS_8_203_coa4	0.001	No mitochondrial presequence	49(MPP)	-0.143	47-51	18-27-low	-	-	-	-	-	-	-	-	-	-	-	-	-	-	
synMTS_8_204_coa4	0.000	No mitochondrial presequence	40(MPP)	-0.225		6-15-low	-	-	-	-	-	-	-	-	-	-	-	-	-	-	
synMTS_8_205_coa4	0.003	No mitochondrial presequence	90(MPP)	-0.211	46-50	5-14-low	-	-	-	-	-	-	-	-	-	-	-	-	-	-	
synMTS_8_206_coa4	0.000	No mitochondrial presequence	34(MPP)	-0.206	38-42,70-74	4-13-low	-	-	-	-	-	-	-	-	-	-	-	-	-	-	
synMTS_8_207_coa4	0.000	No mitochondrial presequence	34(MPP), 35(Icp55)	-0.206		5-14-low	-	-	-	-	-	-	-	-	-	-	-	-	-	-	
synMTS_8_208_coa4	0.000	No mitochondrial presequence	85(MPP)	-0.212		20-29-low	-	-	-	-	-	-	-	-	-	-	-	-	-	-	
synMTS_8_209_coa4	0.002	No mitochondrial presequence	51(MPP)	-0.157		4-14-low	-	-	-	-	-	-	-	-	-	-	-	-	-	-	
synMTS_8_210_coa4	0.001	No mitochondrial presequence	62(MPP)	-0.161	59-63	10-19-low	-	-	-	-	-	-	-	-	-	-	-	-	-	-	
synMTS_8_211_coa4	0.000	No mitochondrial presequence	33(MPP), 34(Icp55)	-0.212		15-24-low	-	-	-	-	-	-	-	-	-	-	-	-	-	-	
synMTS_8_212_coa4	0.000	No mitochondrial presequence	40(MPP)	-0.175	37-41	14-23-low	-	-	-	-	-	-	-	-	-	-	-	-	-	-	
synMTS_8_213_coa4	0.000	No mitochondrial presequence	59(MPP)	-0.169	56-60	13-22-low	-	-	-	-	-	-	-	-	-	-	-	-	-	-	
synMTS_8_214_coa4	0.004	No mitochondrial presequence	66(MPP)	-0.197	10-14,56-60,63-67	13-22-low	-	-	-	-	-	-	-	-	-	-	-	-	-	-	
synMTS_8_215_coa4	0.001	No mitochondrial presequence	91(MPP)	-0.209		12-21-low	-	-	-	-	-	-	-	-	-	-	-	-	-	-	
synMTS_8_216_coa4	0.015	No mitochondrial presequence	35(MPP)	-0.200		4-13-low	-	-	-	-	-	-	-	-	-	-	-	-	-	-	
synMTS_8_217_coa4	0.007	No mitochondrial presequence	46(MPP)	-0.174		16-25-low	-	-	-	-	-	-	-	-	-	-	-	-	-	-	
synMTS_8_218_coa4	0.003	No mitochondrial presequence	83(MPP)	-0.217	30-34	15-27-low	-	-	-	-	-	-	-	-	-	-	-	-	-	-	
synMTS_8_219_coa4	0.002	No mitochondrial presequence	77(MPP)	-0.195	74-78	1-11-low	-	-	-	-	-	-	-	-	-	-	-	-	-	-	
synMTS_8_220_coa4	0.009	No mitochondrial presequence	82(MPP)	-0.207		9-18-low	-	-	-	-	-	-	-	-	-	-	-	-	-	-	
synMTS_8_221_coa4	0.005	No mitochondrial presequence	90(MPP)	-0.222		7-16-low	-	-	-	-	-	-	-	-	-	-	-	-	-	-	
synMTS_8_222_coa4	0.002	No mitochondrial presequence	52(MPP)	-0.212		7-16-low	-	-	-	-	-	-	-	-	-	-	-	-	-	-	
synMTS_8_223_coa4	0.007	No mitochondrial presequence	81(MPP)	-0.210	78-82	9-18-low	-	-	-	-	-	-	-	-	-	-	-	-	-	-	
synMTS_8_224_coa4	0.001	No mitochondrial presequence	85(MPP)	-0.212		12-23-low	-	-	-	-	-	-	-	-	-	-	-	-	-	-	
synMTS_8_225_coa4	0.001	No mitochondrial presequence	73(MPP)	-0.205		14-29-low	-	-	-	-	-	-	-	-	-	-	-	-	-	-	
synMTS_8_226_coa4	0.004	No mitochondrial presequence	67(MPP)	-0.194		1-10-low	-	-	-	-	-	-	-	-	-	-	-	-	-	-	
synMTS_8_227_coa4	0.009	No mitochondrial presequence	23(MPP)	-0.261	11-15	7-16-low	-	-	-	-	-	-	-	-	-	-	-	-	-	-	
synMTS_8_228_coa4	0.006	No mitochondrial presequence	85(MPP)	-0.200		3-12-low	-	-	-	-	-	-	-	-	-	-	-	-	-	-	
synMTS_8_229_coa4	0.012	No mitochondrial presequence	50(MPP)	-0.160	47-51	5-14-low	-	-	-	-	-	-	-	-	-	-	-	-	-	-	
synMTS_8_230_coa4	0.012	No mitochondrial presequence	95(MPP)	-0.189		4-14-low	-	-	-	-	-	-	-	-	-	-	-	-	-	-	
synMTS_8_231_coa4	0.009	No mitochondrial presequence	58(MPP)	-0.190		7-16-low	-	-	-	-	-	-	-	-	-	-	-	-	-	-	
synMTS_8_232_coa4	0.000	No mitochondrial presequence	84(MPP)	-0.202		21-30-low	-	-	-	-	-	-	-	-	-	-	-	-	-	-	
synMTS_8_233_coa4	0.002	No mitochondrial presequence	46(MPP)	-0.174		3-12-low	-	-	-	-	-	-	-	-	-	-	-	-	-	-	
synMTS_8_234_coa4	0.001	No mitochondrial presequence	88(MPP)	-0.205		18-27-low	-	-	-	-	-	-	-	-	-	-	-	-	-	-	
synMTS_8_235_coa4	0.004	No mitochondrial presequence	75(MPP)	-0.200	22-26	21-30-low	-	-	-	-	-	-	-	-	-	-	-	-	-	-	
synMTS_8_236_coa4	0.000	No mitochondrial presequence	91(MPP)	-0.198		9-18-low	-	-	-	-	-	-	-	-	-	-	-	-	-	-	
synMTS_8_237_coa4	0.000	No mitochondrial presequence	45(MPP)	-0.156		5-14-low	-	-	-	-	-	-	-	-	-	-	-	-	-	-	
synMTS_8_238_coa4	0.004	No mitochondrial presequence	52(MPP)	-0.192	19-23	5-15-low	-	-	-	-	-	-	-	-	-	-	-	-	-	-	
synMTS_8_239_coa4	0.017	No mitochondrial presequence	45(MPP)	-0.156	42-46	6-15-low	-	-	-	-	-	-	-	-	-	-	-	-	-	-	
synMTS_8_240_coa4	0.000	No mitochondrial presequence	44(MPP)	-0.159		10-23-low	-	-	-	-	-	-	-	-	-	-	-	-	-	-	
synMTS_8_241_coa4	0.000	No mitochondrial presequence	76(MPP)	-0.224	96-100	16-25-low	-	-	-	-	-	-	-	-	-	-	-	-	-	-	
synMTS_8_242_coa4	0.001	No mitochondrial presequence	89(MPP)	-0.213		2-11-low	-	-	-	-	-	-	-	-	-	-	-	-	-	-	
synMTS_8_243_coa4	0.001	No mitochondrial presequence	70(MPP)	-0.229		7-16-low	-	-	-	-	-	-	-	-	-	-	-	-	-	-	
synMTS_8_244_coa4	0.000	No mitochondrial presequence	64(MPP)	-0.203		17-27-low	-	-	-	-	-	-	-	-	-	-	-	-	-	-	
synMTS_8_245_coa4	0.006	No mitochondrial presequence	35(MPP)	-0.229		12-22-low	-	-	-	-	-	-	-	-	-	-	-	-	-	-	
synMTS_8_246_coa4	0.005	No mitochondrial presequence	54(MPP)	-0.185		11-20-low	-	-	-	-	-	-	-	-	-	-	-	-	-	-	
synMTS_8_247_coa4	0.000	No mitochondrial presequence	70(MPP)	-0.214		6-15-low	-	-	-	-	-	-	-	-	-	-	-	-	-	-	
synMTS_8_248_coa4	0.006	No mitochondrial presequence	77(MPP)	-0.195		1-10-low	-	-	-	-	-	-	-	-	-	-	-	-	-	-	
synMTS_8_249_coa4	0.005	No mitochondrial presequence	61(MPP)	-0.213	25-29	21-30-low	-	-	-	-	-	-	-	-	-	-	-	-	-	-	
synMTS_8_250_coa4	0.000	No mitochondrial presequence	48(MPP)	-0.146	45-49	19-28-low	-	-	-	-	-	-	-	-	-	-	-	-	-	-	
synMTS_8_251_coa4	0.005	No mitochondrial presequence	62(MPP)	-0.194		2-11-low	-	-	-	-	-	-	-	-	-	-	-	-	-	-	
synMTS_8_252_coa4	0.000	No mitochondrial presequence	47(MPP)	-0.170		2-11-low	-	-	-	-	-	-	-	-	-	-	-	-	-	-	
synMTS_8_253_coa4	0.007	No mitochondrial presequence	55(MPP)	-0.200	52-56	14-23-low	-	-	-	-	-	-	-	-	-	-	-	-	-	-	
synMTS_8_254_coa4	0.005	No mitochondrial presequence	75(MPP)	-0.227		15-24-low	-	-	-	-	-	-	-	-	-	-	-	-	-	-	
synMTS_8_255_coa4	0.000	No mitochondrial presequence	48(MPP)	-0.167		14-23-low	-	-	-	-	-	-	-	-	-	-	-	-	-	-	
synMTS_8_256_coa4	0.012	No mitochondrial presequence	45(MPP)	-0.156	5-9	21-30-low	-	-	-	-	-	-	-	-	-	-	-	-	-	-	
synMTS_8_257_coa4	0.004	No mitochondrial presequence	39(MPP)	-0.231	64-68	11-20-low	-	-	-	-	-	-	-	-	-	-	-	-	-	-	
synMTS_8_258_coa4	0.000	No mitochondrial presequence	77(MPP)	-0.234		20-29-low	-	-	-	-	-	-	-	-	-	-	-	-	-	-	
synMTS_8_259_coa4	0.000	No mitochondrial presequence	34(MPP)	-0.206		7-16-low	-	-	-	-	-	-	-	-	-	-	-	-	-	-	
synMTS_8_260_coa4	0.000	No mitochondrial presequence	38(MPP)	-0.237		10-19-low	-	-	-	-	-	-	-	-	-	-	-	-	-	-	
synMTS_8_261_coa4	0.001	No mitochondrial presequence	47(MPP)	-0.213		20-29-low	-	-	-	-	-	-	-	-	-	-	-	-	-	-	
synMTS_8_262_coa4	0.001	No mitochondrial presequence	75(MPP)	-0.227	3-7	3-17-low	-	-	-	-	-	-	-	-	-	-	-	-	-	-	
synMTS_8_263_coa4	0.001	No mitochondrial presequence	39(MPP)	-0.231		19-30-low	-	-	-	-	-	-	-	-	-	-	-	-	-	-	
synMTS_8_264_coa4	0.001	No mitochondrial presequence	87(MPP)	-0.218		11-20-low	-	-	-	-	-	-	-	-	-	-	-	-	-	-	
synMTS_8_265_coa4	0.002	No mitochondrial presequence	19(MPP)	-0.211	64-68	13-22-low	-	-	-	-	-	-	-	-	-	-	-	-	-	-	
synMTS_8_266_coa4	0.004	No mitochondrial presequence	89(MPP)	-0.213	86-90	1-10-low	-	-	-	-	-	-	-	-	-	-	-	-	-	-	
synMTS_8_267_coa4	0.012	No mitochondrial presequence	51(MPP)	-0.176		5-14-low	-	-	-	-	-	-	-	-	-	-	-	-	-	-	
synMTS_8_268_coa4	0.000	No mitochondrial presequence	81(MPP)	-0.210	78-82	17-26-low	-	-	-	-	-	-	-	-	-	-	-	-	-	-	
synMTS_8_269_coa4	0.003	No mitochondrial presequence	48(MPP)	-0.167		21-30-low	-	-	-	-	-	-	-	-	-	-	-	-	-	-	
synMTS_8_270_coa4	0.006	No mitochondrial presequence	10(MPP)	-0.200		12-21-low	-	-	-	-	-	-	-	-	-	-	-	-	-	-	
synMTS_8_271_coa4	0.002	No mitochondrial presequence	85(MPP)	-0.212		9-18-low	-	-	-	-	-	-	-	-	-	-	-	-	-	-	
synMTS_8_272_coa4	0.010	No mitochondrial presequence	87(MPP)	-0.218		20-29-low	-	-	-	-	-	-	-	-	-	-	-	-	-	-	
synMTS_8_273_coa4	0.004	No mitochondrial presequence	45(MPP)	-0.178		12-21-high	-	-	-	-	-	-	-	-	-	-	-	-	-	-	
synMTS_8_274_coa4	0.000	No mitochondrial presequence	9(MPP)	-0.222		17-26-low	-	-	-	-	-	-	-	-	-	-	-	-	-	-	
synMTS_8_275_coa4	0.000	No mitochondrial presequence	54(MPP)	-0.148		11-20-low	-	-	-	-	-	-	-	-	-	-	-	-	-	-	
synMTS_8_276_coa4	0.003	No mitochondrial presequence	44(MPP)	-0.136		14-23-low	-	-	-	-	-	-	-	-	-	-	-	-	-	-	
synMTS_8_277_coa4	0.023	No mitochondrial presequence	44(MPP)	-0.182	41-45	15-30-low	-	-	-	-	-	-	-	-	-	-	-	-	-	-	
synMTS_8_278_coa4	0.002	No mitochondrial presequence	95(MPP)	-0.189	93-97	9-18-low	-	-	-	-	-	-	-	-	-	-	-	-	-	-	
synMTS_8_279_coa4	0.004	No mitochondrial presequence	43(MPP)	-0.209		7-17-low	-	-	-	-	-	-	-	-	-	-	-	-	-	-	
synMTS_8_280_coa4	0.001	No mitochondrial presequence	13(MPP)	-0.231		21-30-low	-	-	-	-	-	-	-	-	-	-	-	-	-	-	
synMTS_8_281_coa4	0.002	No mitochondrial presequence	55(MPP)	-0.182		18-27-low	-	-	-	-	-	-	-	-	-	-	-	-	-	-	
synMTS_8_282_coa4	0.001	No mitochondrial presequence	44(MPP)	-0.205		13-22-low	-	-	-	-	-	-	-	-	-	-	-	-	-	-	
synMTS_8_283_coa4	0.001	No mitochondrial presequence	69(MPP)	-0.188	5-9	18-27-low	-	-	-	-	-	-	-	-	-	-	-	-	-	-	
synMTS_8_284_coa4	0.006	No mitochondrial presequence	81(MPP)	-0.210	74-78,78-82	18-27-low	-	-	-	-	-	-	-	-	-	-	-	-	-	-	
synMTS_8_285_coa4	0.003	No mitochondrial presequence	86(MPP)	-0.209		2-11-low	-	-	-	-	-	-	-	-	-	-	-	-	-	-	
synMTS_8_286_coa4	0.002	No mitochondrial presequence	57(MPP)	-0.193	16-20,54-58	6-15-low	-	-	-	-	-	-	-	-	-	-	-	-	-	-	
synMTS_8_287_coa4	0.002	No mitochondrial presequence	38(MPP)	-0.211		19-28-low	-	-	-	-	-	-	-	-	-	-	-	-	-	-	
synMTS_8_288_coa4	0.000	No mitochondrial presequence	33(MPP)	-0.212		8-17-low	-	-	-	-	-	-	-	-	-	-	-	-	-	-	
synMTS_8_289_coa4	0.006	No mitochondrial presequence	60(MPP)	-0.183	57-61	1-11-low	-	-	-	-	-	-	-	-	-	-	-	-	-	-	
synMTS_8_290_coa4	0.003	No mitochondrial presequence	34(MPP)	-0.235	73-77	15-24-low	-	-	-	-	-	-	-	-	-	-	-	-	-	-	
synMTS_8_291_coa4	0.001	No mitochondrial presequence	35(MPP)	-0.200		16-25-low	-	-	-	-	-	-	-	-	-	-	-	-	-	-	
synMTS_8_292_coa4	0.005	No mitochondrial presequence	81(MPP)	-0.198	78-82	8-17-low	-	-	-	-	-	-	-	-	-	-	-	-	-	-	
synMTS_8_293_coa4	0.002	No mitochondrial presequence	91(MPP)	-0.198		17-26-low	-	-	-	-	-	-	-	-	-	-	-	-	-	-	
synMTS_8_294_coa4	0.009	No mitochondrial presequence	33(MPP)	-0.242		2-13-low	-	-	-	-	-	-	-	-	-	-	-	-	-	-	
synMTS_8_295_coa4	0.001	No mitochondrial presequence	35(MPP)	-0.171		13-23-low	-	-	-	-	-	-	-	-	-	-	-	-	-	-	
synMTS_8_296_coa4	0.004	No mitochondrial presequence	86(MPP)	-0.209	83-87	20-30-low	-	-	-	-	-	-	-	-	-	-	-	-	-	-	
synMTS_8_297_coa4	0.007	No mitochondrial presequence	40(MPP)	-0.200		2-11-low	-	-	-	-	-	-	-	-	-	-	-	-	-	-	
synMTS_8_298_coa4	0.000	No mitochondrial presequence	47(MPP)	-0.170	44-48	4-13-low	-	-	-	-	-	-	-	-	-	-	-	-	-	-	
synMTS_8_299_coa4	0.001	No mitochondrial presequence	55(MPP)	-0.200	52-56	4-13-low	-	-	-	-	-	-	-	-	-	-	-	-	-	-	
synMTS_8_300_coa4	0.017	No mitochondrial presequence	92(MPP)	-0.239		16-25-low	-	-	-	-	-	-	-	-	-	-	-	-	-	-	
synMTS_8_301_coa4	0.001	No mitochondrial presequence	59(MPP)	-0.203		4-13-low	-	-	-	-	-	-	-	-	-	-	-	-	-	-	
synMTS_8_302_coa4	0.008	No mitochondrial presequence	44(MPP)	-0.205		21-30-low	-	-	-	-	-	-	-	-	-	-	-	-	-	-	
synMTS_8_303_coa4	0.001	No mitochondrial presequence	76(MPP), 77(Icp55)	-0.197		21-30-low	-	-	-	-	-	-	-	-	-	-	-	-	-	-	
synMTS_8_304_coa4	0.002	No mitochondrial presequence	80(MPP)	-0.200		17-26-low	-	-	-	-	-	-	-	-	-	-	-	-	-	-	
synMTS_8_305_coa4	0.000	No mitochondrial presequence	19(MPP)	-0.211		19-28-low	-	-	-	-	-	-	-	-	-	-	-	-	-	-	
synMTS_8_306_coa4	0.003	No mitochondrial presequence	40(MPP)	-0.200		11-21-low	-	-	-	-	-	-	-	-	-	-	-	-	-	-	
synMTS_8_307_coa4	0.005	No mitochondrial presequence	45(MPP)	-0.200		6-15-low	-	-	-	-	-	-	-	-	-	-	-	-	-	-	
synMTS_8_308_coa4	0.000	No mitochondrial presequence	18(MPP)	-0.278		10-19-low	-	-	-	-	-	-	-	-	-	-	-	-	-	-	
synMTS_8_309_coa4	0.016	No mitochondrial presequence	91(MPP)	-0.209		14-23-low	-	-	-	-	-	-	-	-	-	-	-	-	-	-	
synMTS_8_310_coa4	0.003	No mitochondrial presequence	64(MPP)	-0.234		14-23-low	-	-	-	-	-	-	-	-	-	-	-	-	-	-	
synMTS_8_311_coa4	0.005	No mitochondrial presequence	47(MPP)	-0.170		4-13-low	-	-	-	-	-	-	-	-	-	-	-	-	-	-	
synMTS_8_312_coa4	0.004	No mitochondrial presequence	77(MPP)	-0.221	74-78	16-25-low	-	-	-	-	-	-	-	-	-	-	-	-	-	-	
synMTS_8_313_coa4	0.001	No mitochondrial presequence	51(MPP)	-0.176		7-18-low	-	-	-	-	-	-	-	-	-	-	-	-	-	-	
synMTS_8_314_coa4	0.010	No mitochondrial presequence	75(MPP)	-0.227	79-83	20-29-low	-	-	-	-	-	-	-	-	-	-	-	-	-	-	
synMTS_8_315_coa4	0.033	No mitochondrial presequence	70(MPP)	-0.200		2-11-low	-	-	-	-	-	-	-	-	-	-	-	-	-	-	
synMTS_8_316_coa4	0.009	No mitochondrial presequence	68(MPP)	-0.191		21-30-low	-	-	-	-	-	-	-	-	-	-	-	-	-	-	
synMTS_8_317_coa4	0.007	No mitochondrial presequence	77(MPP)	-0.208		5-14-low	-	-	-	-	-	-	-	-	-	-	-	-	-	-	
synMTS_8_318_coa4	0.000	No mitochondrial presequence	89(MPP)	-0.213		11-20-low	-	-	-	-	-	-	-	-	-	-	-	-	-	-	
synMTS_8_319_coa4	0.002	No mitochondrial presequence	59(MPP)	-0.169		3-12-low	-	-	-	-	-	-	-	-	-	-	-	-	-	-	
synMTS_8_320_coa4	0.000	No mitochondrial presequence	78(MPP)	-0.179	25-29	5-14-low	-	-	-	-	-	-	-	-	-	-	-	-	-	-	
synMTS_8_321_coa4	0.002	No mitochondrial presequence	70(MPP)	-0.200	68-72	2-11-low	-	-	-	-	-	-	-	-	-	-	-	-	-	-	
synMTS_8_322_coa4	0.000	No mitochondrial presequence	36(MPP)	-0.194		14-23-low	-	-	-	-	-	-	-	-	-	-	-	-	-	-	
synMTS_8_323_coa4	0.004	No mitochondrial presequence	40(MPP)	-0.150		1-12-low	-	-	-	-	-	-	-	-	-	-	-	-	-	-	
synMTS_8_324_coa4	0.000	No mitochondrial presequence	21(MPP)	-0.238	84-88	19-28-low	-	-	-	-	-	-	-	-	-	-	-	-	-	-	
synMTS_8_325_coa4	0.003	No mitochondrial presequence	53(MPP)	-0.170	51-55	1-10-low	-	-	-	-	-	-	-	-	-	-	-	-	-	-	
synMTS_8_326_coa4	0.004	No mitochondrial presequence	83(MPP)	-0.205		20-29-low	-	-	-	-	-	-	-	-	-	-	-	-	-	-	
synMTS_8_327_coa4	0.013	No mitochondrial presequence	41(MPP)	-0.171	39-43	11-20-low	-	-	-	-	-	-	-	-	-	-	-	-	-	-	
synMTS_8_328_coa4	0.001	No mitochondrial presequence	74(MPP)	-0.203		6-15-low	-	-	-	-	-	-	-	-	-	-	-	-	-	-	
synMTS_8_329_coa4	0.003	No mitochondrial presequence	51(MPP)	-0.216		11-22-low	-	-	-	-	-	-	-	-	-	-	-	-	-	-	
synMTS_8_330_coa4	0.000	No mitochondrial presequence	58(MPP)	-0.190		3-12-low	-	-	-	-	-	-	-	-	-	-	-	-	-	-	
synMTS_8_331_coa4	0.010	No mitochondrial presequence	77(MPP)	-0.195	75-79	4-15-low	-	-	-	-	-	-	-	-	-	-	-	-	-	-	
synMTS_8_332_coa4	0.001	No mitochondrial presequence	90(MPP)	-0.200	88-92	17-26-low	-	-	-	-	-	-	-	-	-	-	-	-	-	-	
synMTS_8_333_coa4	0.017	No mitochondrial presequence	88(MPP)	-0.205		19-29-low	-	-	-	-	-	-	-	-	-	-	-	-	-	-	
synMTS_8_334_coa4	0.000	No mitochondrial presequence	35(MPP)	-0.229		11-20-low	-	-	-	-	-	-	-	-	-	-	-	-	-	-	
synMTS_8_335_coa4	0.004	No mitochondrial presequence	45(MPP)	-0.156		19-28-low	-	-	-	-	-	-	-	-	-	-	-	-	-	-	
synMTS_8_336_coa4	0.002	No mitochondrial presequence	50(MPP)	-0.160		2-11-low	-	-	-	-	-	-	-	-	-	-	-	-	-	-	
synMTS_8_337_coa4	0.020	No mitochondrial presequence	60(MPP)	-0.167	58-62	10-19-low	-	-	-	-	-	-	-	-	-	-	-	-	-	-	
synMTS_8_338_coa4	0.002	No mitochondrial presequence	85(MPP)	-0.224	7-11,35-39,43-47	3-12-low	-	-	-	-	-	-	-	-	-	-	-	-	-	-	
synMTS_8_339_coa4	0.004	No mitochondrial presequence	55(MPP)	-0.182		18-29-low	-	-	-	-	-	-	-	-	-	-	-	-	-	-	
synMTS_8_340_coa4	0.002	No mitochondrial presequence	53(MPP)	-0.189		2-11-low	-	-	-	-	-	-	-	-	-	-	-	-	-	-	
synMTS_8_341_coa4	0.000	No mitochondrial presequence	37(MPP)	-0.216		17-26-low	-	-	-	-	-	-	-	-	-	-	-	-	-	-	
synMTS_8_342_coa4	0.000	No mitochondrial presequence	59(MPP)	-0.186	56-60	17-28-low	-	-	-	-	-	-	-	-	-	-	-	-	-	-	
synMTS_8_343_coa4	0.001	No mitochondrial presequence	49(MPP)	-0.163		3-12-low	-	-	-	-	-	-	-	-	-	-	-	-	-	-	
synMTS_8_344_coa4	0.000	No mitochondrial presequence	65(MPP)	-0.200		16-25-low	-	-	-	-	-	-	-	-	-	-	-	-	-	-	
synMTS_8_345_coa4	0.000	No mitochondrial presequence	57(MPP)	-0.193	54-58	10-19-low	-	-	-	-	-	-	-	-	-	-	-	-	-	-	
synMTS_8_346_coa4	0.001	No mitochondrial presequence	76(MPP)	-0.211	73-77	6-15-low	-	-	-	-	-	-	-	-	-	-	-	-	-	-	
synMTS_8_347_coa4	0.000	No mitochondrial presequence	79(MPP)	-0.203	76-80	9-18-low	-	-	-	-	-	-	-	-	-	-	-	-	-	-	
synMTS_8_348_coa4	0.000	No mitochondrial presequence	84(MPP)	-0.202	82-86	21-30-low	-	-	-	-	-	-	-	-	-	-	-	-	-	-	
synMTS_8_349_coa4	0.002	No mitochondrial presequence	68(MPP)	-0.206	65-69	16-28-low	-	-	-	-	-	-	-	-	-	-	-	-	-	-	
synMTS_8_350_coa4	0.015	No mitochondrial presequence	40(MPP)	-0.225		16-25-low	-	-	-	-	-	-	-	-	-	-	-	-	-	-	
synMTS_8_351_coa4	0.001	No mitochondrial presequence	24(MPP)	-0.208		6-17-low	-	-	-	-	-	-	-	-	-	-	-	-	-	-	
synMTS_8_352_coa4	0.001	No mitochondrial presequence	58(MPP)	-0.190		17-28-low	-	-	-	-	-	-	-	-	-	-	-	-	-	-	
synMTS_8_353_coa4	0.000	No mitochondrial presequence	68(MPP)	-0.235		11-24-low	-	-	-	-	-	-	-	-	-	-	-	-	-	-	
synMTS_8_354_coa4	0.000	No mitochondrial presequence	66(MPP)	-0.227		13-23-low	-	-	-	-	-	-	-	-	-	-	-	-	-	-	
synMTS_8_355_coa4	0.000	No mitochondrial presequence	71(MPP)	-0.225		3-12-low	-	-	-	-	-	-	-	-	-	-	-	-	-	-	
synMTS_8_356_coa4	0.001	No mitochondrial presequence	76(MPP)	-0.197		16-25-low	-	-	-	-	-	-	-	-	-	-	-	-	-	-	
synMTS_8_357_coa4	0.003	No mitochondrial presequence	43(MPP)	-0.209		5-14-low	-	-	-	-	-	-	-	-	-	-	-	-	-	-	
synMTS_8_358_coa4	0.002	No mitochondrial presequence	70(MPP)	-0.229		3-12-low	-	-	-	-	-	-	-	-	-	-	-	-	-	-	
synMTS_8_359_coa4	0.008	No mitochondrial presequence	44(MPP)	-0.159		12-21-low	-	-	-	-	-	-	-	-	-	-	-	-	-	-	
synMTS_8_360_coa4	0.001	No mitochondrial presequence	10(MPP)	-0.200	17-21	11-20-low	-	-	-	-	-	-	-	-	-	-	-	-	-	-	
synMTS_8_361_coa4	0.000	No mitochondrial presequence	76(MPP)	-0.224		12-23-low	-	-	-	-	-	-	-	-	-	-	-	-	-	-	
synMTS_8_362_coa4	0.000	No mitochondrial presequence	35(MPP)	-0.200		1-10-low	-	-	-	-	-	-	-	-	-	-	-	-	-	-	
synMTS_8_363_coa4	0.000	No mitochondrial presequence	86(MPP)	-0.209		1-10-low	-	-	-	-	-	-	-	-	-	-	-	-	-	-	
synMTS_8_364_coa4	0.006	No mitochondrial presequence	53(MPP)	-0.170	51-55	12-24-low	-	-	-	-	-	-	-	-	-	-	-	-	-	-	
synMTS_8_365_coa4	0.000	No mitochondrial presequence	41(MPP)	-0.195		1-10-low	-	-	-	-	-	-	-	-	-	-	-	-	-	-	
synMTS_8_366_coa4	0.000	No mitochondrial presequence	17(MPP)	-0.176		14-27-low	-	-	-	-	-	-	-	-	-	-	-	-	-	-	
synMTS_8_367_coa4	0.001	No mitochondrial presequence	68(MPP)	-0.206	65-69	21-30-low	-	-	-	-	-	-	-	-	-	-	-	-	-	-	
synMTS_8_368_coa4	0.002	No mitochondrial presequence	51(MPP)	-0.196		14-23-low	-	-	-	-	-	-	-	-	-	-	-	-	-	-	
synMTS_8_369_coa4	0.002	No mitochondrial presequence	47(MPP)	-0.149	45-49	5-14-low	-	-	-	-	-	-	-	-	-	-	-	-	-	-	
synMTS_8_370_coa4	0.002	No mitochondrial presequence	17(MPP)	-0.294	20-24	8-17-low	-	-	-	-	-	-	-	-	-	-	-	-	-	-	
synMTS_8_371_coa4	0.003	No mitochondrial presequence	42(MPP)	-0.214	39-43	3-13-low	-	-	-	-	-	-	-	-	-	-	-	-	-	-	
synMTS_8_372_coa4	0.000	No mitochondrial presequence	50(MPP)	-0.180		9-18-low	-	-	-	-	-	-	-	-	-	-	-	-	-	-	
synMTS_8_373_coa4	0.000	No mitochondrial presequence	88(MPP)	-0.205	46-50	2-13-low	-	-	-	-	-	-	-	-	-	-	-	-	-	-	
synMTS_8_374_coa4	0.003	No mitochondrial presequence	34(MPP)	-0.206	39-43	16-27-low	-	-	-	-	-	-	-	-	-	-	-	-	-	-	
synMTS_8_375_coa4	0.000	No mitochondrial presequence	45(MPP)	-0.200		5-14-low	-	-	-	-	-	-	-	-	-	-	-	-	-	-	
synMTS_8_376_coa4	0.000	No mitochondrial presequence	87(MPP)	-0.195	58-62	20-29-low	-	-	-	-	-	-	-	-	-	-	-	-	-	-	
synMTS_8_377_coa4	0.001	No mitochondrial presequence	82(MPP)	-0.195	79-83	18-27-low	-	-	-	-	-	-	-	-	-	-	-	-	-	-	
synMTS_8_378_coa4	0.001	No mitochondrial presequence	92(MPP)	-0.207		10-19-low	-	-	-	-	-	-	-	-	-	-	-	-	-	-	
synMTS_8_379_coa4	0.001	No mitochondrial presequence	43(MPP)	-0.209		21-30-low	-	-	-	-	-	-	-	-	-	-	-	-	-	-	
synMTS_8_380_coa4	0.000	No mitochondrial presequence	61(MPP)	-0.197		17-26-low	-	-	-	-	-	-	-	-	-	-	-	-	-	-	
synMTS_8_381_coa4	0.007	No mitochondrial presequence	33(MPP)	-0.212		11-20-low	-	-	-	-	-	-	-	-	-	-	-	-	-	-	
synMTS_8_382_coa4	0.005	No mitochondrial presequence	75(MPP)	-0.213	1-5	3-12-low	-	-	-	-	-	-	-	-	-	-	-	-	-	-	
synMTS_8_383_coa4	0.007	No mitochondrial presequence	51(MPP)	-0.216		5-14-low	-	-	-	-	-	-	-	-	-	-	-	-	-	-	
synMTS_8_384_coa4	0.015	No mitochondrial presequence	75(MPP)	-0.200	72-76	7-16-low	-	-	-	-	-	-	-	-	-	-	-	-	-	-	
synMTS_8_385_coa4	0.007	No mitochondrial presequence	68(MPP)	-0.235		7-16-low	-	-	-	-	-	-	-	-	-	-	-	-	-	-	
synMTS_8_386_coa4	0.001	No mitochondrial presequence	13(MPP)	-0.231		1-10-low	-	-	-	-	-	-	-	-	-	-	-	-	-	-	
synMTS_8_387_coa4	0.006	No mitochondrial presequence	63(MPP)	-0.190		16-25-low	-	-	-	-	-	-	-	-	-	-	-	-	-	-	
synMTS_8_388_coa4	0.026	No mitochondrial presequence	57(MPP)	-0.193		9-18-low	-	-	-	-	-	-	-	-	-	-	-	-	-	-	
synMTS_8_389_coa4	0.002	No mitochondrial presequence	63(MPP)	-0.175		14-27-low	-	-	-	-	-	-	-	-	-	-	-	-	-	-	
synMTS_8_390_coa4	0.001	No mitochondrial presequence	10(MPP)	-0.200		13-22-low	-	-	-	-	-	-	-	-	-	-	-	-	-	-	
synMTS_8_391_coa4	0.000	No mitochondrial presequence	69(MPP)	-0.188		1-10-low	-	-	-	-	-	-	-	-	-	-	-	-	-	-	
synMTS_8_392_coa4	0.004	No mitochondrial presequence	76(MPP)	-0.197		4-13-low	-	-	-	-	-	-	-	-	-	-	-	-	-	-	
synMTS_8_393_coa4	0.001	No mitochondrial presequence	44(MPP)	-0.227		17-26-low	-	-	-	-	-	-	-	-	-	-	-	-	-	-	
synMTS_8_394_coa4	0.004	No mitochondrial presequence	47(MPP)	-0.191	93-97	18-27-low	-	-	-	-	-	-	-	-	-	-	-	-	-	-	
synMTS_8_395_coa4	0.002	No mitochondrial presequence	43(MPP)	-0.209		21-30-low	-	-	-	-	-	-	-	-	-	-	-	-	-	-	
synMTS_8_396_coa4	0.002	No mitochondrial presequence	92(MPP)	-0.185	89-93	16-26-low	-	-	-	-	-	-	-	-	-	-	-	-	-	-	
synMTS_8_397_coa4	0.005	No mitochondrial presequence	86(MPP)	-0.209		19-28-low	-	-	-	-	-	-	-	-	-	-	-	-	-	-	
synMTS_8_398_coa4	0.005	No mitochondrial presequence	51(MPP)	-0.176	49-53	2-13-low	-	-	-	-	-	-	-	-	-	-	-	-	-	-	
synMTS_8_399_coa4	0.000	No mitochondrial presequence	73(MPP)	-0.205	70-74	18-27-low	-	-	-	-	-	-	-	-	-	-	-	-	-	-	
synMTS_8_400_coa4	0.001	No mitochondrial presequence	95(MPP)	-0.200		2-11-low	-	-	-	-	-	-	-	-	-	-	-	-	-	-	
synMTS_9_201_coa4	0.341	No mitochondrial presequence	53(MPP)	0.038	2-6	1-11-low	-	-	-	-	2-7	-	-	-	-	-	-	-	-	-	
synMTS_9_202_coa4	0.556	Possessing mitochondrial presequence	47(MPP)	0.128	2-6	19-28-high	-	17-22	19-24	-	-	-	-	-	-	-	-	-	-	-	
synMTS_9_203_coa4	0.074	No mitochondrial presequence	78(MPP)	0.026	7-11,75-79	4-13-high	-	-	-	-	7-12	-	-	-	-	-	-	-	-	-	
synMTS_9_204_coa4	0.077	No mitochondrial presequence	60(MPP)	0.133	26-30,31-35,36-40	21-30-high	-	-	-	-	-	-	-	-	-	-	-	25-30	-	-	
synMTS_9_205_coa4	0.066	No mitochondrial presequence	15(MPP)	0.133	17-21	9-20-low	-	-	-	-	-	-	-	-	-	-	-	-	-	-	
synMTS_9_206_coa4	0.004	No mitochondrial presequence	30(MPP)	-0.100		17-26-low	-	-	-	-	-	-	-	-	-	-	-	-	-	-	
synMTS_9_207_coa4	0.041	No mitochondrial presequence	47(MPP)	0.085	20-24,47-51,63-67,66-70	5-14-high	-	-	-	-	-	-	-	-	-	-	-	-	-	-	
synMTS_9_208_coa4	0.053	No mitochondrial presequence	25(MPP)	0.040	82-86	16-25-high	-	-	-	-	-	-	-	14-19	-	-	-	-	-	-	
synMTS_9_209_coa4	0.068	No mitochondrial presequence	17(MPP)	0.118	45-49,72-76	4-14-high	-	-	-	-	-	-	-	-	-	3-8	-	-	-	-	
synMTS_9_210_coa4	0.003	No mitochondrial presequence	57(MPP)	-0.035	43-47	19-28-low	-	-	-	-	-	-	-	-	-	-	-	-	-	-	
synMTS_9_211_coa4	0.010	No mitochondrial presequence	50(MPP)	0.060	63-67	4-13-low	-	-	-	-	-	-	-	-	-	-	-	-	-	-	
synMTS_9_212_coa4	0.082	No mitochondrial presequence	37(MPP)	0.081	2-6,64-68	16-27-low	-	-	-	-	-	-	-	-	-	-	-	1-6	2-7	-	
synMTS_9_213_coa4	0.001	No mitochondrial presequence	45(MPP)	-0.044	76-80,95-99	13-22-low	-	-	-	-	-	-	-	-	-	-	-	-	-	-	
synMTS_9_214_coa4	0.028	No mitochondrial presequence	77(MPP)	0.013	11-15,45-49,56-60,59-63	17-28-low	-	-	-	-	-	-	-	-	-	-	-	-	-	-	
synMTS_9_215_coa4	0.084	No mitochondrial presequence	16(MPP)	0.250		8-17-high	-	-	-	-	-	-	-	-	-	-	-	-	-	-	
synMTS_9_216_coa4	0.018	No mitochondrial presequence	39(MPP), 40(Icp55)	0.026	28-32,32-36,36-40,47-51,57-61	14-23-low	-	-	-	-	-	-	-	-	-	-	-	-	-	-	
synMTS_9_217_coa4	0.010	No mitochondrial presequence	66(MPP)	0.015		3-12-low	-	-	-	-	-	-	12-17	-	-	11-16	-	-	-	15-20	
synMTS_9_218_coa4	0.018	No mitochondrial presequence	33(MPP)	0.091	2-6,25-29,31-35,63-67,84-88	7-16-low	-	-	-	-	-	-	-	-	-	-	-	-	-	-	
synMTS_9_219_coa4	0.004	No mitochondrial presequence	22(MPP)	-0.136	49-53,79-83	3-15-low	-	-	-	-	-	-	-	-	-	-	-	-	-	-	
synMTS_9_220_coa4	0.026	No mitochondrial presequence	70(MPP)	-0.071	20-24,67-71	1-10-low	-	-	-	-	-	-	-	-	-	-	-	-	-	-	
synMTS_9_221_coa4	0.004	No mitochondrial presequence	83(MPP)	-0.036	94-98	4-13-low	-	-	-	-	-	-	-	-	-	-	-	-	-	-	
synMTS_9_222_coa4	0.063	No mitochondrial presequence	16(MPP)	0.125	7-11,20-24,51-55	18-27-high	-	-	-	-	-	-	-	-	-	-	-	-	-	-	
synMTS_9_223_coa4	0.117	No mitochondrial presequence	11(MPP)	0.182	9-13	9-18-high	-	-	-	-	-	-	-	-	-	-	-	-	-	-	
synMTS_9_224_coa4	0.003	No mitochondrial presequence	30(MPP)	-0.033	27-31,43-47	7-16-low	-	-	-	-	-	-	-	-	-	-	-	-	-	-	
synMTS_9_225_coa4	0.019	No mitochondrial presequence	70(MPP)	-0.014	57-61	1-10-high	-	-	-	-	-	-	-	-	-	-	-	-	-	-	
synMTS_9_226_coa4	0.067	No mitochondrial presequence	34(MPP)	0.088	59-63,96-100	15-24-low	-	-	-	-	-	-	-	-	-	-	-	-	-	-	
synMTS_9_227_coa4	0.074	No mitochondrial presequence	13(MPP)	-0.077	25-29	15-24-low	-	-	-	-	25-30	-	-	-	-	-	-	-	-	-	
synMTS_9_228_coa4	0.002	No mitochondrial presequence	10(MPP)	0.200	2-6,32-36,42-46,47-51,73-77,95-99	21-30-low	-	-	-	-	-	-	-	-	-	-	-	-	-	-	
synMTS_9_229_coa4	0.076	No mitochondrial presequence	31(MPP)	-0.032	4-8,13-17,36-40,55-59,60-64	9-20-low	-	-	-	-	-	-	-	-	-	-	-	-	-	-	
synMTS_9_230_coa4	0.037	No mitochondrial presequence	65(MPP)	-0.077	36-40,48-52,71-75	10-20-low	-	-	-	-	-	-	-	-	-	-	-	-	-	-	
synMTS_9_231_coa4	0.003	No mitochondrial presequence	28(MPP)	-0.143		21-30-low	-	-	-	-	-	-	-	-	-	-	-	-	-	-	
synMTS_9_232_coa4	0.012	No mitochondrial presequence	55(MPP)	-0.055	22-26,41-45,52-56	17-26-high	-	-	-	-	-	-	-	-	-	-	-	-	-	-	
synMTS_9_233_coa4	0.018	No mitochondrial presequence	27(MPP)	0.037		1-10-low	-	-	-	-	-	-	-	-	-	-	-	-	-	-	
synMTS_9_234_coa4	0.029	No mitochondrial presequence	24(MPP)	-0.042	86-90,96-100	4-13-low	-	-	19-24	-	-	-	-	-	-	-	-	-	-	-	
synMTS_9_235_coa4	0.001	No mitochondrial presequence	11(MPP)	-0.091		16-25-low	-	-	-	-	-	-	-	-	-	-	-	-	-	-	
synMTS_9_236_coa4	0.045	No mitochondrial presequence	28(MPP)	0.107	22-26,87-91	21-30-high	-	-	-	-	-	-	-	-	-	-	-	-	-	-	
synMTS_9_237_coa4	0.017	No mitochondrial presequence	41(MPP)	0.049	3-7	3-12-high	-	-	-	-	-	-	-	-	-	-	-	-	-	-	
synMTS_9_238_coa4	0.017	No mitochondrial presequence	55(MPP)	0.109		21-30-low	-	-	-	-	-	-	-	-	-	-	-	-	-	-	
synMTS_9_239_coa4	0.004	No mitochondrial presequence	20(MPP)	0.000		20-29-low	-	-	-	-	-	-	-	-	-	16-21	-	-	-	-	
synMTS_9_240_coa4	0.086	No mitochondrial presequence	24(MPP)	0.000	15-19,21-25	13-22-low	-	-	-	-	21-26	24-29	-	-	-	-	-	14-19	-	-	
synMTS_9_241_coa4	0.064	No mitochondrial presequence	24(MPP)	0.167	21-25,31-35	20-29-high	-	-	-	-	-	-	-	-	-	-	-	-	-	-	
synMTS_9_242_coa4	0.014	No mitochondrial presequence	20(MPP)	0.050	64-68	21-30-low	-	-	-	-	-	-	-	-	-	-	-	-	-	-	
synMTS_9_243_coa4	0.854	Possessing mitochondrial presequence	51(MPP)	0.176	4-8,8-12	4-14-high	-	-	-	-	-	-	-	-	-	-	-	-	-	-	
synMTS_9_244_coa4	0.016	No mitochondrial presequence	6(MPP)	0.167		9-18-high	-	-	-	-	-	-	-	-	-	-	-	-	-	-	
synMTS_9_245_coa4	0.015	No mitochondrial presequence	35(MPP), 36(Icp55)	-0.057	36-40,60-64	8-17-low	-	-	-	-	-	-	-	-	-	-	-	-	-	-	
synMTS_9_246_coa4	0.013	No mitochondrial presequence	33(MPP)	0.000	27-31	5-14-high	-	-	-	-	-	-	-	-	-	-	-	-	-	-	
synMTS_9_247_coa4	0.012	No mitochondrial presequence	53(MPP)	0.075	50-54	15-24-low	-	-	-	-	-	-	-	-	-	-	-	-	-	-	
synMTS_9_248_coa4	0.036	No mitochondrial presequence	30(MPP)	-0.033	74-78	18-27-low	-	-	-	-	-	-	-	-	-	-	-	-	-	-	
synMTS_9_249_coa4	0.000	No mitochondrial presequence	43(MPP)	-0.023		10-20-low	-	-	-	-	-	-	-	-	-	-	-	-	-	-	
synMTS_9_250_coa4	0.056	No mitochondrial presequence	80(MPP)	0.087	1-5,24-28,39-43	1-10-high	-	-	-	-	-	-	-	-	-	-	-	-	-	-	
synMTS_9_251_coa4	0.005	No mitochondrial presequence	76(MPP)	0.013		11-20-low	-	-	-	-	-	-	-	-	-	-	-	-	-	-	
synMTS_9_252_coa4	0.013	No mitochondrial presequence	42(MPP)	-0.024	26-30,30-34,43-47,60-64	15-24-high	-	-	-	-	-	-	-	-	-	-	-	-	-	-	
synMTS_9_253_coa4	0.292	No mitochondrial presequence	38(MPP)	0.026	3-7,27-31,44-48	2-11-high	-	-	-	-	-	-	-	12-17	-	11-16	-	-	-	-	
synMTS_9_254_coa4	0.031	No mitochondrial presequence	59(MPP)	0.136	56-60	9-18-low	-	-	-	-	-	-	-	-	-	-	-	-	-	-	
synMTS_9_255_coa4	0.115	No mitochondrial presequence	33(MPP)	0.030	25-29,89-93	15-24-low	-	-	-	-	-	-	-	-	-	-	-	24-29	25-30	-	
synMTS_9_256_coa4	0.038	No mitochondrial presequence	21(MPP)	0.048	38-42,42-46	19-28-high	-	-	-	-	-	-	-	-	-	-	-	-	-	-	
synMTS_9_257_coa4	0.002	No mitochondrial presequence	32(MPP)	0.031	25-29,29-33	14-23-low	-	-	-	-	-	-	-	-	-	-	-	-	-	-	
synMTS_9_258_coa4	0.002	No mitochondrial presequence	54(MPP)	-0.019		4-13-low	-	-	-	-	-	-	-	-	-	-	-	-	-	-	
synMTS_9_259_coa4	0.006	No mitochondrial presequence	50(MPP)	0.000		5-14-low	-	-	-	-	-	-	-	-	-	-	-	-	-	-	
synMTS_9_260_coa4	0.103	No mitochondrial presequence	41(MPP)	0.073	8-12,27-31,33-37	2-11-high	-	-	-	-	-	17-22	-	-	-	-	-	-	-	-	
synMTS_9_261_coa4	0.014	No mitochondrial presequence	50(MPP)	0.000	47-51,59-63	1-10-high	-	-	-	-	-	-	-	-	-	-	-	-	-	-	
synMTS_9_262_coa4	0.014	No mitochondrial presequence	91(MPP)	0.022	2-6,71-75	21-30-high	-	-	-	-	-	-	-	-	-	-	-	-	-	-	
synMTS_9_263_coa4	0.126	No mitochondrial presequence	17(MPP)	0.118		21-30-low	-	-	-	-	-	-	-	-	-	-	-	-	-	-	
synMTS_9_264_coa4	0.012	No mitochondrial presequence	61(MPP)	0.049		6-15-high	-	-	-	-	-	-	-	-	-	-	-	-	-	-	
synMTS_9_265_coa4	0.066	No mitochondrial presequence	16(MPP)	0.062	9-13,35-39,87-91	9-20-high	-	-	-	-	-	-	-	-	12-17	-	-	-	-	-	
synMTS_9_266_coa4	0.020	No mitochondrial presequence	67(MPP)	-0.060		18-27-low	-	-	-	-	-	-	-	-	-	-	-	-	-	-	
synMTS_9_267_coa4	0.028	No mitochondrial presequence	49(MPP)	0.041	3-7,29-33	3-14-low	-	-	-	-	-	-	-	-	-	-	-	2-7	-	-	
synMTS_9_268_coa4	0.111	No mitochondrial presequence	60(MPP)	0.033	86-90	4-14-high	-	-	-	-	-	12-17	-	-	-	-	-	-	-	11-16	
synMTS_9_269_coa4	0.107	No mitochondrial presequence	6(MPP)	0.167	4-8,56-60,76-80,87-91	13-24-low	-	-	-	-	-	-	-	-	19-24	-	-	-	-	-	
synMTS_9_270_coa4	0.013	No mitochondrial presequence	11(MPP)	0.000	61-65,64-68,80-84	12-22-low	-	-	-	-	-	-	-	-	-	-	-	-	-	-	
synMTS_9_271_coa4	0.238	No mitochondrial presequence	40(MPP)	0.050	38-42	21-30-high	-	-	-	-	-	-	7-12	-	-	6-11	-	-	-	-	
synMTS_9_272_coa4	0.016	No mitochondrial presequence	66(MPP)	-0.061		1-10-low	-	-	-	-	-	-	-	-	-	-	-	-	-	-	
synMTS_9_273_coa4	0.133	No mitochondrial presequence	6(MPP), 7(Icp55)	0.167	29-33	16-25-high	-	-	-	-	-	-	-	-	-	-	-	-	-	-	
synMTS_9_274_coa4	0.005	No mitochondrial presequence	45(MPP)	-0.067	27-31,46-50,74-78	3-12-low	-	-	-	-	-	-	-	-	-	-	-	-	-	-	
synMTS_9_275_coa4	0.045	No mitochondrial presequence	10(MPP)	0.200	2-6	10-21-low	-	-	-	-	-	-	-	-	-	-	-	-	-	-	
synMTS_9_276_coa4	0.320	No mitochondrial presequence	32(MPP)	0.188	6-10,14-18,48-52	10-19-high	-	-	-	-	14-19	-	-	-	-	-	-	-	-	-	
synMTS_9_277_coa4	0.225	No mitochondrial presequence	45(MPP), 46(Icp55)	0.089	10-14,15-19	2-14-low	-	-	-	-	-	-	-	-	-	-	-	-	-	-	
synMTS_9_278_coa4	0.008	No mitochondrial presequence	56(MPP)	0.071	8-12,40-44	11-22-low	-	-	-	-	-	-	-	-	-	-	-	-	-	-	
synMTS_9_279_coa4	0.010	No mitochondrial presequence	62(MPP)	0.065	20-24,59-63	5-14-low	-	-	-	-	-	-	-	-	-	-	-	-	-	-	
synMTS_9_280_coa4	0.016	No mitochondrial presequence	32(MPP)	0.031	74-78,82-86	6-15-low	-	-	-	-	-	-	-	-	-	-	-	-	-	-	
synMTS_9_281_coa4	0.070	No mitochondrial presequence	24(MPP)	-0.042	18-22,21-25,47-51,58-62,83-87,87-91	8-17-low	-	-	-	-	-	-	12-17	-	-	-	-	-	-	-	
synMTS_9_282_coa4	0.034	No mitochondrial presequence	50(MPP)	0.060	47-51	12-21-low	-	-	-	-	-	-	-	-	-	-	-	-	-	-	
synMTS_9_283_coa4	0.306	No mitochondrial presequence	36(MPP), 37(Icp55)	0.111	26-30,68-72,78-82	4-14-high	-	-	-	-	-	-	-	4-9	-	3-8	-	-	-	-	
synMTS_9_284_coa4	0.157	No mitochondrial presequence	47(MPP)	0.000	54-58	5-14-high	-	-	-	-	-	-	-	-	-	-	-	-	-	-	
synMTS_9_285_coa4	0.001	No mitochondrial presequence	45(MPP), 46(Icp55)	-0.089	21-25	14-23-low	-	-	-	-	-	-	-	-	-	-	-	-	-	-	
synMTS_9_286_coa4	0.036	No mitochondrial presequence	40(MPP)	-0.025	2-6,43-47	6-15-low	-	-	-	-	-	-	-	-	-	-	-	-	-	-	
synMTS_9_287_coa4	0.068	No mitochondrial presequence	60(MPP)	0.150	58-62	3-13-high	-	-	-	-	-	-	-	-	-	-	-	-	-	-	
synMTS_9_288_coa4	0.050	No mitochondrial presequence	35(MPP)	-0.057	1-5,13-17,32-36,35-39,54-58,62-66,81-85	13-22-low	-	-	-	-	-	-	-	-	-	-	-	-	-	-	
synMTS_9_289_coa4	0.023	No mitochondrial presequence	32(MPP)	0.062	36-40,53-57	21-30-low	-	-	-	-	-	-	-	-	-	-	-	-	-	-	
synMTS_9_290_coa4	0.194	No mitochondrial presequence	57(MPP)	0.123	2-6,6-10,11-15,22-26,34-38,54-58	13-22-high	-	-	-	-	22-27	-	-	-	-	-	-	-	-	-	
synMTS_9_291_coa4	0.018	No mitochondrial presequence	83(MPP)	-0.012	51-55	12-21-low	-	-	-	-	-	-	-	-	-	-	-	-	-	-	
synMTS_9_292_coa4	0.065	No mitochondrial presequence	29(MPP)	0.034	6-10,41-45,63-67,87-91	1-10-high	-	-	-	-	-	-	-	-	-	25-30	-	-	-	-	
synMTS_9_293_coa4	0.067	No mitochondrial presequence	10(MPP)	0.000		19-28-low	-	-	-	-	-	-	-	-	-	-	-	-	-	-	
synMTS_9_294_coa4	0.020	No mitochondrial presequence	13(MPP)	-0.077	64-68	7-18-low	-	-	-	-	-	-	-	-	-	-	-	-	-	-	
synMTS_9_295_coa4	0.028	No mitochondrial presequence	75(MPP)	0.067	49-53	11-22-low	-	-	-	-	-	-	-	-	-	-	-	-	-	-	
synMTS_9_296_coa4	0.016	No mitochondrial presequence	62(MPP)	0.065	23-27,41-45	7-16-low	-	-	-	-	-	-	-	-	-	-	-	-	-	-	
synMTS_9_297_coa4	0.088	No mitochondrial presequence	29(MPP)	0.034	12-16,16-20,55-59,80-84	16-25-high	-	-	-	-	-	-	-	-	-	-	-	-	-	-	
synMTS_9_298_coa4	0.124	No mitochondrial presequence	71(MPP)	0.070		16-25-low	-	-	-	-	-	-	-	-	-	-	-	-	-	-	
synMTS_9_299_coa4	0.068	No mitochondrial presequence	15(MPP)	-0.067	64-68	13-22-high	-	-	-	-	-	-	-	-	-	-	-	-	-	-	
synMTS_9_300_coa4	0.007	No mitochondrial presequence	83(MPP)	-0.048	1-5,4-8,48-52	1-10-high	-	-	-	-	-	-	-	-	-	-	-	-	-	-	
synMTS_9_301_coa4	0.014	No mitochondrial presequence	12(MPP)	-0.083	58-62	9-18-high	-	-	-	-	-	-	-	-	-	-	-	-	-	-	
synMTS_9_302_coa4	0.003	No mitochondrial presequence	41(MPP)	-0.073	62-66,95-99	8-17-low	-	-	-	-	-	-	-	-	-	-	-	-	-	-	
synMTS_9_303_coa4	0.065	No mitochondrial presequence	49(MPP)	0.102	42-46	13-22-high	-	-	-	-	-	-	-	-	-	-	-	-	-	-	
synMTS_9_304_coa4	0.275	No mitochondrial presequence	63(MPP)	0.095	15-19,23-27,82-86,94-98	19-28-low	-	-	-	-	-	-	-	-	-	-	-	14-19	-	-	
synMTS_9_305_coa4	0.039	No mitochondrial presequence	25(MPP)	0.040	15-19,46-50	14-23-low	-	-	-	-	-	-	-	-	-	-	-	-	-	-	
synMTS_9_306_coa4	0.027	No mitochondrial presequence	9(MPP)	0.000	11-15,44-48	8-17-high	-	-	-	-	-	-	-	-	-	-	-	-	-	-	
synMTS_9_307_coa4	0.038	No mitochondrial presequence	24(MPP)	0.042	16-20,21-25,61-65	16-27-high	-	-	-	-	-	-	-	-	-	-	-	20-25	-	-	
synMTS_9_308_coa4	0.003	No mitochondrial presequence	54(MPP)	-0.037	34-38,51-55,88-92	12-21-low	-	-	-	-	-	-	-	-	-	-	-	-	-	-	
synMTS_9_309_coa4	0.065	No mitochondrial presequence	18(MPP), 19(Icp55)	0.000	9-13,15-19,41-45,70-74	8-17-low	-	-	-	-	-	-	-	-	-	-	-	-	-	-	
synMTS_9_310_coa4	0.209	No mitochondrial presequence	29(MPP)	0.103	22-26	13-22-high	-	-	-	-	-	-	-	-	-	25-30	-	-	-	-	
synMTS_9_311_coa4	0.039	No mitochondrial presequence	19(MPP)	0.158	77-81,81-85	20-29-low	-	-	-	-	-	-	-	-	-	-	-	-	-	-	
synMTS_9_312_coa4	0.130	No mitochondrial presequence	68(MPP)	0.029	9-13,41-45	4-13-high	-	-	-	-	-	-	-	-	-	-	-	-	-	-	
synMTS_9_313_coa4	0.074	No mitochondrial presequence	83(MPP)	0.000	9-13,25-29,54-58	11-20-high	-	-	-	-	-	-	-	-	-	-	-	-	-	-	
synMTS_9_314_coa4	0.010	No mitochondrial presequence	45(MPP)	0.111	38-42,48-52	11-21-low	-	-	-	-	-	-	-	-	-	-	-	-	-	-	
synMTS_9_315_coa4	0.011	No mitochondrial presequence	41(MPP)	0.024		6-15-low	-	-	-	-	-	-	-	-	-	-	-	-	-	-	
synMTS_9_316_coa4	0.002	No mitochondrial presequence	56(MPP)	0.000	74-78	17-26-low	-	-	-	-	-	-	-	-	-	-	-	-	-	-	
synMTS_9_317_coa4	0.013	No mitochondrial presequence	18(MPP)	0.000	74-78	5-14-low	-	-	-	-	-	-	-	-	-	-	-	-	-	-	
synMTS_9_318_coa4	0.005	No mitochondrial presequence	79(MPP)	0.013		19-30-low	-	-	-	-	-	-	-	-	-	-	-	-	-	-	
synMTS_9_319_coa4	0.032	No mitochondrial presequence	50(MPP)	-0.100	12-16	16-25-low	-	-	-	-	-	-	-	-	-	-	-	-	-	-	
synMTS_9_320_coa4	0.017	No mitochondrial presequence	30(MPP)	0.100	19-23,84-88	8-19-low	-	-	-	-	-	-	-	-	-	-	-	-	-	-	
synMTS_9_321_coa4	0.015	No mitochondrial presequence	53(MPP), 54(Icp55)	0.000	14-18	21-30-low	-	-	-	-	-	-	-	-	-	-	-	13-18	14-19	-	
synMTS_9_322_coa4	0.169	No mitochondrial presequence	41(MPP)	0.024		3-12-high	-	-	-	-	-	-	21-26	-	-	20-25	-	-	-	-	
synMTS_9_323_coa4	0.007	No mitochondrial presequence	15(MPP)	-0.067	78-82	12-21-low	-	-	-	-	-	-	-	-	-	-	-	-	-	-	
synMTS_9_324_coa4	0.069	No mitochondrial presequence	31(MPP)	0.097	25-29,54-58,80-84	21-30-high	-	-	-	-	-	-	-	-	-	-	-	-	-	-	
synMTS_9_325_coa4	0.014	No mitochondrial presequence	71(MPP)	0.042		8-17-low	-	-	-	-	-	-	-	-	-	-	-	-	-	-	
synMTS_9_326_coa4	0.024	No mitochondrial presequence	68(MPP), 69(Icp55)	0.088	81-85,85-89	6-15-high	-	-	-	-	-	-	-	-	-	-	-	-	-	-	
synMTS_9_327_coa4	0.012	No mitochondrial presequence	59(MPP)	0.034	12-16,53-57,62-66,94-98	6-16-high	-	-	-	-	-	-	-	-	-	-	-	-	-	-	
synMTS_9_328_coa4	0.003	No mitochondrial presequence	28(MPP)	-0.071		4-13-low	-	-	-	-	-	-	-	-	-	-	-	-	-	-	
synMTS_9_329_coa4	0.002	No mitochondrial presequence	39(MPP)	0.000	37-41	20-29-low	-	-	-	-	-	-	-	-	-	-	-	-	-	-	
synMTS_9_330_coa4	0.003	No mitochondrial presequence	19(MPP), 20(Icp55)	0.158	24-28,52-56	20-29-low	-	-	-	-	-	-	-	-	-	-	-	-	-	-	
synMTS_9_331_coa4	0.009	No mitochondrial presequence	56(MPP)	0.054		20-29-low	-	-	-	-	-	-	-	-	-	-	-	-	-	-	
synMTS_9_332_coa4	0.019	No mitochondrial presequence	61(MPP)	0.000	21-25,44-48	19-28-high	-	-	-	-	-	-	-	-	-	-	-	-	-	-	
synMTS_9_333_coa4	0.002	No mitochondrial presequence	12(MPP)	0.000	45-49	18-29-low	-	-	-	-	-	-	-	-	-	-	-	-	-	-	
synMTS_9_334_coa4	0.000	No mitochondrial presequence	62(MPP)	-0.081	12-16,42-46	6-15-low	-	-	-	-	-	-	-	-	-	-	-	-	-	-	
synMTS_9_335_coa4	0.002	No mitochondrial presequence	34(MPP)	0.029		9-18-low	-	-	-	-	-	-	-	-	-	-	-	-	-	-	
synMTS_9_336_coa4	0.015	No mitochondrial presequence	58(MPP)	0.052		16-26-low	-	-	-	-	-	-	-	-	-	-	-	-	-	-	
synMTS_9_337_coa4	0.021	No mitochondrial presequence	43(MPP)	0.023	40-44	14-23-low	-	-	-	-	-	-	-	-	-	-	-	-	-	-	
synMTS_9_338_coa4	0.004	No mitochondrial presequence	23(MPP)	-0.130	57-61,61-65,79-83	10-19-low	-	-	-	-	-	-	-	-	-	-	-	-	-	-	
synMTS_9_339_coa4	0.500	Possessing mitochondrial presequence	11(MPP), 12(Icp55)	0.000	8-12,22-26,35-39,49-53,53-57	6-15-high	-	-	-	-	-	-	-	-	-	-	-	-	-	-	
synMTS_9_340_coa4	0.215	No mitochondrial presequence	21(MPP)	0.143	43-47,75-79	6-15-high	-	-	-	-	-	8-13	-	-	-	7-12	-	-	-	-	
synMTS_9_341_coa4	0.022	No mitochondrial presequence	12(MPP)	0.167	37-41,65-69	1-10-low	-	-	-	-	-	-	-	-	-	-	-	-	-	3-8	
synMTS_9_342_coa4	0.028	No mitochondrial presequence	53(MPP)	0.019	14-18,41-45,50-54,62-66	13-22-low	-	-	-	-	-	-	-	-	-	-	-	13-18	-	-	
synMTS_9_343_coa4	0.019	No mitochondrial presequence	34(MPP)	0.029	5-9,59-63,72-76,78-82	14-23-high	-	-	-	-	-	-	-	-	-	-	-	-	-	-	
synMTS_9_344_coa4	0.008	No mitochondrial presequence	46(MPP)	-0.087	85-89	9-21-low	-	-	-	-	-	-	-	-	-	-	-	-	-	-	
synMTS_9_345_coa4	0.075	No mitochondrial presequence	42(MPP)	0.119	60-64	2-11-low	-	-	-	-	-	-	-	-	-	-	-	-	-	-	
synMTS_9_346_coa4	0.003	No mitochondrial presequence	40(MPP), 41(Icp55)	0.000	37-41,41-45	12-21-low	-	-	-	-	-	-	-	-	-	-	-	-	-	-	
synMTS_9_347_coa4	0.175	No mitochondrial presequence	9(MPP)	0.222	32-36	3-12-high	-	-	-	-	-	16-21	-	-	-	-	-	-	-	-	
synMTS_9_348_coa4	0.007	No mitochondrial presequence	34(MPP)	0.000	22-26,53-57	7-16-low	-	-	-	-	-	-	-	-	-	-	-	-	-	-	
synMTS_9_349_coa4	0.100	No mitochondrial presequence	39(MPP)	0.103	3-7,19-23,23-27,26-30	19-30-high	-	-	-	-	3-8	-	-	-	-	-	-	-	-	-	
synMTS_9_350_coa4	0.048	No mitochondrial presequence	26(MPP)	0.077	12-16,54-58,58-62,61-65	14-25-high	-	-	-	-	12-17	-	-	-	-	-	-	-	-	-	
synMTS_9_351_coa4	0.026	No mitochondrial presequence	10(MPP), 11(Icp55)	0.000	7-11,39-43,73-77	17-26-low	-	-	-	-	-	-	-	-	-	-	-	-	7-12	-	
synMTS_9_352_coa4	0.035	No mitochondrial presequence	28(MPP)	-0.071	25-29	13-22-low	-	-	-	-	-	-	-	-	23-28	-	-	-	-	-	
synMTS_9_353_coa4	0.579	Possessing mitochondrial presequence	25(MPP)	0.120	4-8,22-26	14-26-high	-	-	-	-	-	-	14-19	-	2-7	13-18	1-6	-	-	-	
synMTS_9_354_coa4	0.083	No mitochondrial presequence	18(MPP)	0.111		7-16-high	-	14-19	-	-	-	12-17	8-13	-	-	7-12	-	-	-	11-16	
synMTS_9_355_coa4	0.021	No mitochondrial presequence	54(MPP)	-0.056	15-19,51-55,56-60,69-73	6-15-low	-	-	-	-	-	-	-	-	-	-	-	-	-	-	
synMTS_9_356_coa4	0.004	No mitochondrial presequence	69(MPP)	0.014		6-15-low	-	-	-	-	-	-	-	-	-	-	-	-	-	-	
synMTS_9_357_coa4	0.029	No mitochondrial presequence	34(MPP)	0.029	72-76	3-12-low	-	-	-	-	-	-	-	-	-	-	-	-	-	-	
synMTS_9_358_coa4	0.009	No mitochondrial presequence	10(MPP)	0.200	61-65,91-95	12-21-low	-	-	-	-	-	-	-	-	-	-	-	-	-	-	
synMTS_9_359_coa4	0.000	No mitochondrial presequence	52(MPP)	-0.115		9-18-low	-	-	-	-	-	-	-	-	-	-	-	-	-	-	
synMTS_9_360_coa4	0.009	No mitochondrial presequence	64(MPP)	0.016		12-21-low	-	-	-	-	-	-	-	-	-	-	-	-	-	-	
synMTS_9_361_coa4	0.006	No mitochondrial presequence	6(MPP)	0.167	85-89	8-17-low	-	-	-	-	-	-	-	-	-	-	-	-	-	-	
synMTS_9_362_coa4	0.010	No mitochondrial presequence	66(MPP)	-0.015	37-41,52-56,63-67	8-17-low	-	-	-	-	-	-	-	-	-	-	-	-	-	-	
synMTS_9_363_coa4	0.068	No mitochondrial presequence	50(MPP)	0.040	2-6	1-12-low	-	-	-	-	-	-	-	-	-	-	-	1-6	2-7	-	
synMTS_9_364_coa4	0.021	No mitochondrial presequence	14(MPP)	0.071		13-22-high	-	-	-	-	-	-	-	-	-	-	-	-	-	-	
synMTS_9_365_coa4	0.032	No mitochondrial presequence	21(MPP)	-0.048	21-25	21-30-high	-	-	-	-	-	-	-	-	-	-	-	-	21-26	-	
synMTS_9_366_coa4	0.278	No mitochondrial presequence	76(MPP)	0.053	4-8,8-12,11-15,53-57,73-77,88-92	4-13-high	-	-	-	-	8-13	-	-	-	2-7	-	1-6	-	-	-	
synMTS_9_367_coa4	0.013	No mitochondrial presequence	58(MPP)	0.069		3-12-low	-	-	-	-	-	-	-	-	-	-	-	-	-	-	
synMTS_9_368_coa4	0.033	No mitochondrial presequence	51(MPP)	0.000	48-52	12-21-low	-	-	-	-	-	-	-	-	-	-	-	-	-	-	
synMTS_9_369_coa4	0.004	No mitochondrial presequence	58(MPP)	0.103	46-50	9-18-low	-	-	-	-	-	-	-	-	-	-	-	-	-	-	
synMTS_9_370_coa4	0.183	No mitochondrial presequence	28(MPP)	0.143	7-11,25-29,84-88	13-22-high	-	-	-	-	-	-	-	-	-	-	-	-	7-12	-	
synMTS_9_371_coa4	0.170	No mitochondrial presequence	13(MPP)	0.231	10-14	21-30-low	-	-	-	-	-	-	3-8	-	-	2-7	-	-	-	-	
synMTS_9_372_coa4	0.040	No mitochondrial presequence	53(MPP)	0.019	28-32,50-54	10-19-low	-	-	-	-	-	-	-	-	-	-	-	-	-	-	
synMTS_9_373_coa4	0.058	No mitochondrial presequence	85(MPP)	0.106	18-22,42-46,45-49,56-60,77-81	20-29-low	-	-	-	-	-	-	-	-	-	-	-	17-22	-	-	
synMTS_9_374_coa4	0.092	No mitochondrial presequence	13(MPP)	-0.077		19-30-low	-	-	-	-	-	-	-	-	-	-	-	-	-	-	
synMTS_9_375_coa4	0.060	No mitochondrial presequence	27(MPP)	0.111	24-28,38-42,67-71,74-78	11-20-low	-	-	-	-	-	-	-	-	-	-	-	-	-	-	
synMTS_9_376_coa4	0.540	Possessing mitochondrial presequence	66(MPP)	0.045	8-12,33-37,63-67	19-29-high	-	-	-	-	-	-	20-25	-	-	-	-	7-12	-	-	
synMTS_9_377_coa4	0.089	No mitochondrial presequence	75(MPP)	0.013	3-7,16-20,73-77	12-21-high	-	-	-	-	-	-	-	12-17	-	11-16	-	-	-	-	
synMTS_9_378_coa4	0.088	No mitochondrial presequence	89(MPP)	0.034	2-6,45-49,79-83,82-86	2-13-high	-	-	-	-	-	-	-	-	-	-	-	1-6	-	-	
synMTS_9_379_coa4	0.058	No mitochondrial presequence	61(MPP)	-0.049	23-27,47-51	21-30-low	-	-	-	-	-	-	-	-	-	-	-	-	-	-	
synMTS_9_380_coa4	0.025	No mitochondrial presequence	45(MPP)	0.089	34-38	2-12-low	-	-	-	-	-	-	-	-	-	-	-	-	-	-	
synMTS_9_381_coa4	0.065	No mitochondrial presequence	25(MPP)	0.080	2-6,15-19	11-20-high	-	-	-	-	-	-	-	-	-	-	-	1-6	-	-	
synMTS_9_382_coa4	0.027	No mitochondrial presequence	42(MPP)	-0.048	34-38,85-89	21-30-low	-	-	-	-	-	-	-	-	-	-	-	-	-	-	
synMTS_9_383_coa4	0.057	No mitochondrial presequence	21(MPP)	0.000		21-30-high	-	-	-	-	-	-	-	-	-	-	-	-	-	-	
synMTS_9_384_coa4	0.212	No mitochondrial presequence	52(MPP)	0.077		10-19-high	-	-	-	-	-	-	7-12	-	-	-	-	-	-	6-11	
synMTS_9_385_coa4	0.010	No mitochondrial presequence	19(MPP)	0.000	4-8	6-15-low	-	-	-	-	-	-	-	-	-	-	-	-	-	-	
synMTS_9_386_coa4	0.096	No mitochondrial presequence	17(MPP)	0.118	11-15,32-36,35-39	7-16-high	-	-	-	-	-	-	-	-	-	-	-	-	-	-	
synMTS_9_387_coa4	0.018	No mitochondrial presequence	52(MPP)	-0.058	11-15	16-25-low	-	-	-	-	-	-	-	-	-	-	-	-	-	-	
synMTS_9_388_coa4	0.144	No mitochondrial presequence	42(MPP)	0.143	19-23,49-53,77-81,83-87	19-28-high	-	-	-	-	-	-	-	-	-	22-27	-	-	-	-	
synMTS_9_389_coa4	0.044	No mitochondrial presequence	56(MPP)	-0.018	53-57	19-29-low	-	-	-	-	-	-	-	-	-	-	-	-	-	-	
synMTS_9_390_coa4	0.003	No mitochondrial presequence	50(MPP)	-0.020	86-90	3-12-low	-	-	-	-	-	-	-	-	-	-	-	-	-	-	
synMTS_9_391_coa4	0.072	No mitochondrial presequence	30(MPP)	0.067	9-13	2-11-low	-	-	-	-	-	-	-	-	-	-	-	-	-	-	
synMTS_9_392_coa4	0.069	No mitochondrial presequence	37(MPP), 38(Icp55)	0.081	29-33	7-16-high	-	-	-	-	-	-	-	-	-	-	-	-	-	-	
synMTS_9_393_coa4	0.198	No mitochondrial presequence	15(MPP), 16(Icp55)	0.000	22-26	17-26-low	-	-	-	-	-	-	12-17	-	-	-	-	21-26	-	11-16	
synMTS_9_394_coa4	0.010	No mitochondrial presequence	35(MPP)	-0.029	35-39	20-29-low	-	-	-	-	-	-	-	-	-	-	-	-	-	-	
synMTS_9_395_coa4	0.018	No mitochondrial presequence	36(MPP)	0.083	12-16,27-31,33-37,38-42,64-68,84-88	10-19-low	-	-	-	-	-	-	-	-	-	-	-	-	-	-	
synMTS_9_396_coa4	0.291	No mitochondrial presequence	36(MPP)	0.139	7-11,15-19,38-42,43-47,78-82	7-18-high	-	-	-	-	-	-	-	-	-	-	-	14-19	-	-	
synMTS_9_397_coa4	0.220	No mitochondrial presequence	9(MPP)	0.000	6-10,18-22,39-43,49-53,61-65,81-85	2-12-high	-	-	-	7-12	-	-	-	-	-	-	-	-	-	-	
synMTS_9_398_coa4	0.042	No mitochondrial presequence	10(MPP)	0.000	7-11	13-22-high	-	-	-	-	-	-	-	25-30	-	-	-	-	-	-	
synMTS_9_399_coa4	0.399	Possessing mitochondrial presequence	28(MPP)	0.143	66-70	18-27-low	-	11-16	-	-	-	-	-	-	-	-	-	-	-	-	
synMTS_9_400_coa4	0.076	No mitochondrial presequence	46(MPP)	0.043	19-23,34-38,75-79	16-25-low	-	-	-	-	-	-	-	-	17-22	-	-	-	-	-	
</pre>