<pre>Sequence ID	Probability of presequence	Prediction	Cleavage site (processing enzyme)	Net charge	Positions for TOM20 recognition motif (deliminated by comma)	Position of amphypathic alpha-helix	BHHPPP	BPHBHH	HBHHBb	HBHHbB	HHBHHB	HHBPHB	HHBPHH	HHBPHP	HHHBBH	HHHBPH	HHHHBB	HHPBHH	HPBHHP	PHHBPH
synMTS_1_001_atp8	0.009	No mitochondrial presequence	82(MPP)	-0.024	79-83,84-88	19-30-low	-	-	-	-	-	-	-	-	-	-	-	-	-	-	
synMTS_1_002_atp8	0.002	No mitochondrial presequence	21(MPP)	0.190	2-6,32-36,58-62,61-65,72-76	20-29-low	-	-	-	-	-	-	-	-	-	-	-	-	-	-	
synMTS_1_003_atp8	0.001	No mitochondrial presequence	6(MPP)	-0.333	7-11	4-15-low	-	-	-	-	-	-	-	-	-	-	-	-	7-12	-	
synMTS_1_004_atp8	0.020	No mitochondrial presequence	17(MPP)	-0.059	15-19,48-52,81-85	14-23-low	-	-	-	-	-	-	-	-	-	-	-	-	-	-	
synMTS_1_005_atp8	0.092	No mitochondrial presequence	84(MPP)	0.083	2-6,81-85,86-90	20-29-high	-	-	-	-	-	-	7-12	-	-	6-11	-	1-6	-	-	
synMTS_1_006_atp8	0.085	No mitochondrial presequence	85(MPP)	0.035	13-17,16-20,82-86,87-91	3-14-low	-	-	-	-	13-18	-	-	-	-	-	-	-	-	-	
synMTS_1_007_atp8	0.004	No mitochondrial presequence	8(MPP)	0.125		1-10-low	-	-	-	-	-	-	-	-	-	-	-	-	-	-	
synMTS_1_008_atp8	0.004	No mitochondrial presequence	60(MPP), 61(Icp55)	-0.017		5-14-high	-	-	-	-	-	-	-	-	-	-	-	-	-	-	
synMTS_1_009_atp8	0.006	No mitochondrial presequence	8(MPP)	-0.250	66-70	10-19-high	-	-	-	-	-	15-20	-	-	-	-	-	-	-	14-19	
synMTS_1_010_atp8	0.002	No mitochondrial presequence	37(MPP)	-0.108	44-48,53-57,74-78	11-21-low	-	-	-	-	-	-	-	-	-	-	-	-	-	-	
synMTS_1_011_atp8	0.010	No mitochondrial presequence	93(MPP)	0.000	47-51,90-94,95-99	15-24-low	-	-	-	-	-	-	-	-	-	-	-	-	-	-	
synMTS_1_012_atp8	0.012	No mitochondrial presequence	18(MPP)	0.000	5-9,54-58	13-24-high	-	-	-	-	-	-	-	-	-	-	-	-	-	-	
synMTS_1_013_atp8	0.022	No mitochondrial presequence	91(MPP)	0.022	88-92,93-97	19-28-high	-	-	-	-	-	-	-	-	-	-	-	-	-	-	
synMTS_1_014_atp8	0.001	No mitochondrial presequence	15(MPP)	-0.133	38-42,64-68	17-26-high	-	-	-	-	-	-	-	-	-	-	-	-	-	-	
synMTS_1_015_atp8	0.050	No mitochondrial presequence	4(MPP)	0.000	26-30	19-30-low	-	-	-	-	-	-	-	-	5-10	-	4-9	25-30	-	-	
synMTS_1_016_atp8	0.003	No mitochondrial presequence	32(MPP)	-0.031	82-86	16-25-high	-	-	-	-	-	-	-	-	-	-	-	-	-	-	
synMTS_1_017_atp8	0.002	No mitochondrial presequence	33(MPP)	-0.061	57-61,95-99	4-15-high	-	-	-	-	-	-	-	-	-	-	-	-	-	-	
synMTS_1_018_atp8	0.003	No mitochondrial presequence	31(MPP), 32(Icp55)	0.032	49-53,55-59	11-22-low	-	-	-	-	-	-	-	-	-	-	-	-	-	-	
synMTS_1_019_atp8	0.001	No mitochondrial presequence	7(MPP)	-0.429	15-19	15-24-low	-	-	-	-	-	-	-	-	-	-	-	-	-	-	
synMTS_1_020_atp8	0.003	No mitochondrial presequence	21(MPP)	-0.048		14-23-low	-	-	-	-	-	-	-	-	-	-	-	-	-	-	
synMTS_1_021_atp8	0.005	No mitochondrial presequence	7(MPP)	-0.286	31-35,44-48	3-13-low	-	-	-	-	-	-	-	-	-	-	-	-	-	-	
synMTS_1_022_atp8	0.011	No mitochondrial presequence	14(MPP)	0.071	24-28,39-43,59-63,67-71	20-29-high	-	-	-	-	-	-	-	-	-	-	-	-	-	-	
synMTS_1_023_atp8	0.039	No mitochondrial presequence	80(MPP)	0.037	77-81,82-86	10-19-high	-	-	-	-	-	-	-	-	-	-	-	-	-	-	
synMTS_1_024_atp8	0.008	No mitochondrial presequence	17(MPP)	-0.118	95-99	20-29-low	-	-	-	-	-	-	-	-	-	-	-	-	-	-	
synMTS_1_025_atp8	0.005	No mitochondrial presequence	20(MPP)	0.100	10-14,93-97	10-19-high	-	-	-	-	-	-	-	-	-	-	-	-	-	-	
synMTS_1_026_atp8	0.003	No mitochondrial presequence	5(MPP)	-0.200	38-42	8-19-low	-	-	-	-	-	-	-	-	-	-	-	-	-	-	
synMTS_1_027_atp8	0.005	No mitochondrial presequence	5(MPP)	-0.200		17-26-low	-	-	-	-	-	-	-	-	-	-	-	-	-	-	
synMTS_1_028_atp8	0.003	No mitochondrial presequence	92(MPP)	-0.043	89-93,94-98	1-12-low	-	-	-	-	-	-	-	-	-	-	-	-	-	-	
synMTS_1_029_atp8	0.004	No mitochondrial presequence	26(MPP)	0.000	28-32,59-63	11-20-low	-	-	-	-	-	-	-	-	-	-	-	-	-	-	
synMTS_1_030_atp8	0.005	No mitochondrial presequence	46(MPP)	-0.130	66-70	17-26-low	-	-	-	-	-	-	-	-	-	-	-	-	-	-	
synMTS_1_031_atp8	0.002	No mitochondrial presequence	11(MPP)	-0.273	47-51,96-100	14-23-low	-	-	-	-	-	-	-	-	-	-	-	-	-	-	
synMTS_1_032_atp8	0.020	No mitochondrial presequence	95(MPP)	0.011	4-8,92-96	1-10-low	-	-	-	-	4-9	-	-	-	-	-	-	-	-	-	
synMTS_1_033_atp8	0.004	No mitochondrial presequence	13(MPP), 14(Icp55)	0.077	11-15,29-33	12-22-low	-	-	-	-	-	-	-	-	-	-	-	-	-	-	
synMTS_1_034_atp8	0.002	No mitochondrial presequence	11(MPP)	-0.091	30-34,47-51	15-26-low	-	-	-	-	-	-	-	-	-	-	-	-	-	-	
synMTS_1_035_atp8	0.024	No mitochondrial presequence	33(MPP)	-0.091	54-58,88-92,91-95	7-16-low	-	-	-	-	-	-	-	-	-	-	-	-	-	-	
synMTS_1_036_atp8	0.012	No mitochondrial presequence	91(MPP)	0.011	13-17,43-47,88-92,93-97	21-30-low	-	-	-	-	-	-	-	-	-	-	-	-	-	-	
synMTS_1_037_atp8	0.002	No mitochondrial presequence	48(MPP)	-0.021		1-10-high	-	-	-	-	-	-	-	-	-	-	-	-	-	-	
synMTS_1_038_atp8	0.003	No mitochondrial presequence	25(MPP), 26(Icp55)	0.000		1-11-low	-	-	-	-	-	-	-	-	-	-	-	-	-	-	
synMTS_1_039_atp8	0.009	No mitochondrial presequence	92(MPP)	-0.011	89-93,94-98	21-30-low	-	-	-	-	-	-	-	-	-	-	-	-	-	-	
synMTS_1_040_atp8	0.020	No mitochondrial presequence	20(MPP)	0.000	73-77	2-11-high	-	-	-	-	-	-	-	-	-	-	-	-	-	-	
synMTS_1_041_atp8	0.009	No mitochondrial presequence	11(MPP)	0.000	73-77	10-19-low	-	-	-	-	-	-	-	-	-	-	-	-	-	-	
synMTS_1_042_atp8	0.023	No mitochondrial presequence	14(MPP), 15(Icp55)	0.071		5-14-high	-	-	-	-	-	-	-	-	-	-	-	-	-	-	
synMTS_1_043_atp8	0.034	No mitochondrial presequence	29(MPP)	0.069	11-15,15-19,73-77	10-19-high	-	-	-	-	-	-	-	-	-	-	-	-	-	-	
synMTS_1_044_atp8	0.023	No mitochondrial presequence	90(MPP)	-0.022	87-91,92-96	18-27-low	-	-	-	-	-	-	-	-	-	-	-	-	-	-	
synMTS_1_045_atp8	0.000	No mitochondrial presequence	6(MPP)	-0.167		5-14-low	-	-	-	-	-	-	-	-	-	-	-	-	-	-	
synMTS_1_046_atp8	0.002	No mitochondrial presequence	86(MPP)	-0.023	83-87,88-92	8-18-low	-	-	-	-	-	-	-	-	-	-	-	-	-	-	
synMTS_1_047_atp8	0.039	No mitochondrial presequence	34(MPP), 35(Icp55)	0.000		11-21-low	-	-	-	-	-	-	-	-	-	-	-	-	-	-	
synMTS_1_048_atp8	0.011	No mitochondrial presequence	15(MPP)	0.067	11-15	1-10-low	-	-	-	-	-	-	-	-	-	-	-	-	-	-	
synMTS_1_049_atp8	0.000	No mitochondrial presequence	48(MPP), 49(Icp55)	0.000	46-50	1-14-low	-	-	-	-	-	-	-	-	-	-	-	-	-	-	
synMTS_1_050_atp8	0.002	No mitochondrial presequence	11(MPP)	-0.091		12-22-low	-	-	-	-	-	-	-	-	-	-	-	-	-	-	
synMTS_1_051_atp8	0.033	No mitochondrial presequence	38(MPP)	0.026	50-54,66-70,69-73	17-26-low	-	-	-	-	-	-	-	-	-	-	-	-	-	-	
synMTS_1_052_atp8	0.006	No mitochondrial presequence	21(MPP)	0.000		7-16-low	-	-	-	-	-	-	-	-	-	-	-	-	-	-	
synMTS_1_053_atp8	0.008	No mitochondrial presequence	46(MPP), 47(Icp55)	0.130	75-79	16-25-low	-	-	-	-	-	-	-	-	-	-	-	-	-	-	
synMTS_1_054_atp8	0.029	No mitochondrial presequence	9(MPP), 10(Icp55)	0.111		21-30-low	-	-	-	-	-	-	-	-	-	-	-	-	-	-	
synMTS_1_055_atp8	0.029	No mitochondrial presequence	87(MPP)	0.023	84-88,89-93	12-21-high	-	-	-	-	-	-	-	-	-	-	-	-	-	-	
synMTS_1_056_atp8	0.013	No mitochondrial presequence	12(MPP)	-0.250	45-49	4-13-low	-	-	-	-	-	-	-	-	-	-	-	-	-	-	
synMTS_1_057_atp8	0.004	No mitochondrial presequence	41(MPP)	-0.049	17-21	9-18-high	-	-	-	-	-	-	-	-	-	-	-	-	-	-	
synMTS_1_058_atp8	0.011	No mitochondrial presequence	13(MPP)	-0.077	30-34	9-18-low	-	-	-	-	-	-	-	-	-	-	-	-	-	-	
synMTS_1_059_atp8	0.042	No mitochondrial presequence	7(MPP)	0.143	1-5,14-18,32-36	10-19-high	-	-	-	-	-	-	-	-	-	-	-	-	-	-	
synMTS_1_060_atp8	0.013	No mitochondrial presequence	89(MPP)	0.000	86-90,91-95	12-21-high	-	-	-	-	-	-	-	-	-	-	-	-	-	-	
synMTS_1_061_atp8	0.016	No mitochondrial presequence	19(MPP)	0.211	1-5,18-22,82-86	17-26-high	-	-	-	-	-	-	-	-	-	-	4-9	-	-	-	
synMTS_1_062_atp8	0.005	No mitochondrial presequence	6(MPP)	0.000		12-21-high	-	-	-	-	-	-	-	-	-	-	-	-	-	-	
synMTS_1_063_atp8	0.058	No mitochondrial presequence	92(MPP)	0.065	10-14,18-22,50-54,89-93,94-98	12-21-high	-	-	-	-	10-15	-	-	-	-	-	-	-	-	-	
synMTS_1_064_atp8	0.023	No mitochondrial presequence	57(MPP)	0.035	21-25	16-25-high	-	-	-	-	21-26	-	-	-	-	-	-	-	-	-	
synMTS_1_065_atp8	0.061	No mitochondrial presequence	89(MPP)	0.056	6-10,86-90,91-95	1-10-low	-	-	-	-	-	-	-	-	23-28	-	-	-	-	-	
synMTS_1_066_atp8	0.041	No mitochondrial presequence	87(MPP)	0.011	43-47,84-88,89-93	5-16-low	-	-	-	-	-	-	-	-	-	-	-	-	-	-	
synMTS_1_067_atp8	0.008	No mitochondrial presequence	31(MPP)	0.032	16-20	4-13-low	-	-	-	-	-	-	-	-	-	-	-	-	-	-	
synMTS_1_068_atp8	0.002	No mitochondrial presequence	41(MPP)	-0.024	37-41,73-77	1-11-low	-	-	-	-	-	-	-	-	-	-	-	-	-	-	
synMTS_1_069_atp8	0.001	No mitochondrial presequence	68(MPP)	-0.074	55-59	21-30-low	-	-	-	-	-	-	-	-	-	-	-	-	-	-	
synMTS_1_070_atp8	0.034	No mitochondrial presequence	27(MPP)	0.074		14-26-high	-	-	-	-	-	-	-	-	-	-	12-17	-	-	-	
synMTS_1_071_atp8	0.001	No mitochondrial presequence	7(MPP)	-0.286	28-32,35-39	1-10-low	-	-	-	-	-	-	-	-	-	-	-	-	-	-	
synMTS_1_072_atp8	0.016	No mitochondrial presequence	7(MPP)	0.000	7-11,33-37	6-15-low	-	-	-	-	7-12	-	-	-	-	-	-	-	-	-	
synMTS_1_073_atp8	0.011	No mitochondrial presequence	10(MPP), 11(Icp55)	0.100	14-18,57-61,84-88	10-19-high	-	-	-	-	-	-	-	-	-	-	-	-	-	-	
synMTS_1_074_atp8	0.024	No mitochondrial presequence	85(MPP)	-0.071	82-86,87-91	21-30-low	-	-	-	-	-	-	-	-	-	-	-	-	-	-	
synMTS_1_075_atp8	0.029	No mitochondrial presequence	92(MPP)	0.065	89-93,94-98	1-10-low	-	-	-	-	-	-	-	-	-	-	-	-	-	-	
synMTS_1_076_atp8	0.044	No mitochondrial presequence	88(MPP)	0.011	40-44,44-48,85-89,90-94	4-15-high	-	-	-	-	-	-	-	-	-	-	-	-	-	-	
synMTS_1_077_atp8	0.020	No mitochondrial presequence	85(MPP)	0.000	82-86,87-91	15-24-high	-	-	-	-	-	-	-	-	-	-	-	-	-	-	
synMTS_1_078_atp8	0.001	No mitochondrial presequence	14(MPP)	0.000	58-62	20-29-low	-	-	-	-	-	-	-	-	-	-	-	-	-	-	
synMTS_1_079_atp8	0.008	No mitochondrial presequence	11(MPP), 12(Icp55)	0.273		6-15-low	-	-	-	-	-	-	-	-	7-12	-	6-11	-	-	-	
synMTS_1_080_atp8	0.048	No mitochondrial presequence	39(MPP)	0.077	4-8,34-38	8-17-low	-	-	-	-	-	-	-	-	-	-	-	3-8	-	-	
synMTS_1_081_atp8	0.038	No mitochondrial presequence	30(MPP), 31(Icp55)	0.033	31-35,50-54	18-29-low	-	-	-	-	-	-	-	-	-	-	-	-	-	-	
synMTS_1_082_atp8	0.007	No mitochondrial presequence	15(MPP)	-0.067		17-28-low	-	-	-	-	-	-	-	-	-	-	-	-	-	-	
synMTS_1_083_atp8	0.044	No mitochondrial presequence	55(MPP)	0.055	8-12	1-10-high	-	-	-	-	-	-	1-6	-	-	-	-	-	-	-	
synMTS_1_084_atp8	0.007	No mitochondrial presequence	7(MPP)	0.000		12-22-low	-	-	-	-	-	-	-	1-6	-	-	-	-	-	-	
synMTS_1_085_atp8	0.022	No mitochondrial presequence	18(MPP)	0.056		8-20-low	-	-	-	-	-	-	-	8-13	-	7-12	-	-	-	-	
synMTS_1_086_atp8	0.001	No mitochondrial presequence	28(MPP)	0.071		13-22-low	-	-	-	-	-	-	-	-	-	-	-	-	-	-	
synMTS_1_087_atp8	0.002	No mitochondrial presequence	36(MPP)	-0.028	34-38	18-27-low	-	-	-	-	-	-	-	-	-	-	-	-	-	-	
synMTS_1_088_atp8	0.007	No mitochondrial presequence	93(MPP)	0.000	40-44,90-94,95-99	10-21-low	-	-	-	-	-	-	-	-	-	-	-	-	-	-	
synMTS_1_089_atp8	0.010	No mitochondrial presequence	38(MPP), 46(Oct1)	-0.105		8-17-low	-	-	-	-	-	-	-	-	-	-	-	-	-	-	
synMTS_1_090_atp8	0.010	No mitochondrial presequence	39(MPP), 40(Icp55)	-0.026		4-16-high	-	-	-	-	-	-	-	-	-	-	-	-	-	-	
synMTS_1_091_atp8	0.041	No mitochondrial presequence	81(MPP)	-0.012	1-5,78-82,83-87	16-25-low	-	-	-	-	-	-	-	-	-	-	-	-	-	-	
synMTS_1_092_atp8	0.022	No mitochondrial presequence	20(MPP)	-0.150		19-28-low	-	-	-	-	-	-	-	-	-	-	-	-	-	-	
synMTS_1_093_atp8	0.018	No mitochondrial presequence	5(MPP)	0.400	51-55	16-25-low	-	-	-	-	-	-	-	-	-	-	-	-	-	-	
synMTS_1_094_atp8	0.077	No mitochondrial presequence	40(MPP)	0.000	2-6,5-9,8-12,31-35	13-22-low	-	-	-	-	5-10	-	-	-	-	-	-	1-6	-	-	
synMTS_1_095_atp8	0.010	No mitochondrial presequence	16(MPP)	0.062	24-28,31-35	19-28-high	-	-	-	-	-	-	-	-	-	-	-	-	-	-	
synMTS_1_096_atp8	0.028	No mitochondrial presequence	83(MPP)	0.024	6-10,20-24,80-84,85-89	20-29-high	-	-	-	-	-	-	-	-	-	-	-	-	-	-	
synMTS_1_097_atp8	0.017	No mitochondrial presequence	23(MPP), 24(Icp55)	-0.043	85-89	3-12-high	-	-	-	-	-	-	-	-	-	-	-	-	-	-	
synMTS_1_098_atp8	0.032	No mitochondrial presequence	24(MPP)	0.000		4-13-high	-	-	-	-	-	-	-	-	-	-	-	-	-	-	
synMTS_1_099_atp8	0.022	No mitochondrial presequence	5(MPP)	0.000	30-34,74-78	4-13-high	-	-	-	-	-	-	-	-	-	-	-	-	-	-	
synMTS_1_100_atp8	0.016	No mitochondrial presequence	37(MPP)	0.135	27-31	11-20-high	-	-	-	-	-	-	-	-	-	-	-	-	-	-	
synMTS_1_101_atp8	0.002	No mitochondrial presequence	7(MPP)	-0.286	52-56,69-73	15-24-low	-	-	-	-	-	-	-	-	-	-	-	-	-	-	
synMTS_1_102_atp8	0.001	No mitochondrial presequence	6(MPP)	-0.167		1-12-low	-	-	-	-	-	-	-	-	-	-	-	-	-	-	
synMTS_1_103_atp8	0.005	No mitochondrial presequence	10(MPP), 11(Icp55)	0.000	31-35,40-44,53-57,93-97	19-28-low	-	-	-	-	-	-	-	-	-	-	-	-	-	-	
synMTS_1_104_atp8	0.013	No mitochondrial presequence	11(MPP)	0.000	36-40,39-43	1-10-low	-	-	-	-	-	-	-	-	-	-	-	-	-	-	
synMTS_1_105_atp8	0.037	No mitochondrial presequence	7(MPP)	0.286	21-25	1-10-low	-	-	-	-	-	-	-	-	-	-	-	-	-	-	
synMTS_1_106_atp8	0.001	No mitochondrial presequence	10(MPP)	-0.200	20-24,38-42	2-14-low	-	-	-	-	-	-	-	-	-	-	-	-	-	-	
synMTS_1_107_atp8	0.020	No mitochondrial presequence	58(MPP)	0.034	19-23,22-26	9-18-high	-	-	-	-	-	-	-	-	-	-	-	-	-	-	
synMTS_1_108_atp8	0.003	No mitochondrial presequence	67(MPP)	-0.060		14-23-low	-	-	-	-	-	-	-	-	-	-	-	-	-	-	
synMTS_1_109_atp8	0.035	No mitochondrial presequence	27(MPP)	0.074	24-28	19-28-high	-	-	-	-	-	-	-	-	-	-	-	-	-	-	
synMTS_1_110_atp8	0.083	No mitochondrial presequence	7(MPP)	-0.143	46-50,79-83	12-21-low	-	-	-	-	-	7-12	-	-	-	6-11	23-28	-	-	-	
synMTS_1_111_atp8	0.007	No mitochondrial presequence	21(MPP)	0.048	3-7,73-77	20-29-low	-	-	-	-	-	-	-	-	-	-	-	-	-	-	
synMTS_1_112_atp8	0.005	No mitochondrial presequence	16(MPP)	0.000	78-82	19-30-low	-	-	-	-	-	-	-	-	-	-	-	-	-	-	
synMTS_1_113_atp8	0.043	No mitochondrial presequence	26(MPP)	-0.038	40-44,52-56,76-80,79-83,87-91	3-12-low	-	-	-	-	-	-	-	-	11-16	-	10-15	-	-	-	
synMTS_1_114_atp8	0.001	No mitochondrial presequence	92(MPP)	-0.011	89-93,94-98	3-12-low	-	-	-	-	-	-	-	-	-	-	-	-	-	-	
synMTS_1_115_atp8	0.031	No mitochondrial presequence	84(MPP)	0.071	81-85,86-90	18-27-high	-	-	-	-	-	-	-	-	-	-	-	-	-	-	
synMTS_1_116_atp8	0.031	No mitochondrial presequence	86(MPP)	0.000	83-87,88-92	18-30-low	-	-	-	-	-	-	-	-	-	-	-	-	-	-	
synMTS_1_117_atp8	0.003	No mitochondrial presequence	91(MPP)	0.044	88-92,93-97	3-12-high	-	-	-	-	-	-	-	-	-	-	-	-	-	-	
synMTS_1_118_atp8	0.000	No mitochondrial presequence	49(MPP)	-0.143	63-67	11-20-low	-	-	-	-	-	-	-	-	-	-	-	-	-	-	
synMTS_1_119_atp8	0.002	No mitochondrial presequence	44(MPP)	-0.068	29-33	19-28-low	-	-	-	-	-	-	-	-	-	-	-	-	-	-	
synMTS_1_120_atp8	0.039	No mitochondrial presequence	78(MPP)	0.013	3-7,75-79,80-84	4-13-low	-	-	-	-	-	-	-	-	-	-	-	-	-	-	
synMTS_1_121_atp8	0.001	No mitochondrial presequence	21(MPP)	-0.143	36-40,76-80	9-18-low	-	-	-	-	-	-	-	-	-	-	-	-	-	-	
synMTS_1_122_atp8	0.001	No mitochondrial presequence	21(MPP)	-0.048		13-22-low	-	-	-	-	-	-	-	-	-	-	-	-	-	-	
synMTS_1_123_atp8	0.013	No mitochondrial presequence	8(MPP)	0.125		15-26-low	-	-	-	-	-	-	-	-	-	-	-	-	-	-	
synMTS_1_124_atp8	0.001	No mitochondrial presequence	28(MPP), 36(Oct1)	0.000		3-14-low	-	-	-	-	-	-	-	-	-	-	-	-	-	-	
synMTS_1_125_atp8	0.000	No mitochondrial presequence	88(MPP)	-0.023	85-89,90-94	11-20-low	-	-	-	-	-	-	-	-	-	-	-	-	-	-	
synMTS_1_126_atp8	0.005	No mitochondrial presequence	86(MPP)	0.047	83-87,88-92	1-12-low	-	-	-	-	-	-	-	-	-	-	-	-	-	-	
synMTS_1_127_atp8	0.003	No mitochondrial presequence	15(MPP)	-0.133	49-53,72-76	19-28-low	-	-	-	-	-	-	-	-	-	-	-	-	-	-	
synMTS_1_128_atp8	0.002	No mitochondrial presequence	12(MPP)	-0.083		19-30-high	-	-	-	-	-	-	-	-	-	-	-	-	-	-	
synMTS_1_129_atp8	0.001	No mitochondrial presequence	16(MPP)	0.000	64-68	9-18-low	-	-	-	-	-	-	-	-	-	-	-	-	-	-	
synMTS_1_130_atp8	0.014	No mitochondrial presequence	43(MPP)	-0.023	36-40,49-53,57-61	3-12-low	-	-	-	-	-	-	-	-	-	-	-	-	-	-	
synMTS_1_131_atp8	0.013	No mitochondrial presequence	90(MPP)	-0.011	87-91,92-96	7-17-low	-	-	-	-	-	-	-	-	-	-	-	-	-	-	
synMTS_1_132_atp8	0.017	No mitochondrial presequence	12(MPP), 20(Oct1)	-0.083		21-30-low	-	-	-	-	-	-	-	-	-	-	-	-	-	-	
synMTS_1_133_atp8	0.006	No mitochondrial presequence	42(MPP), 43(Icp55)	0.024	13-17	13-26-high	-	-	-	-	-	-	-	-	-	-	-	-	-	-	
synMTS_1_134_atp8	0.018	No mitochondrial presequence	5(MPP)	-0.200	53-57,56-60,96-100	19-29-low	-	-	-	-	-	-	-	-	-	-	-	-	-	-	
synMTS_1_135_atp8	0.002	No mitochondrial presequence	9(MPP)	-0.333	57-61	1-10-low	-	-	-	-	-	-	-	-	-	-	-	-	-	-	
synMTS_1_136_atp8	0.003	No mitochondrial presequence	23(MPP)	-0.087	31-35	19-28-low	-	-	-	-	-	-	-	-	-	-	-	-	-	-	
synMTS_1_137_atp8	0.027	No mitochondrial presequence	92(MPP)	0.065	89-93,94-98	12-21-low	-	-	-	-	-	-	-	-	-	-	-	-	-	-	
synMTS_1_138_atp8	0.011	No mitochondrial presequence	16(MPP)	0.062	13-17,79-83	13-22-low	-	-	-	-	-	-	-	-	-	-	-	-	-	-	
synMTS_1_139_atp8	0.005	No mitochondrial presequence	89(MPP)	-0.022	22-26,86-90,91-95	21-30-low	-	-	-	-	-	-	-	-	-	-	-	21-26	-	-	
synMTS_1_140_atp8	0.025	No mitochondrial presequence	86(MPP)	0.035	83-87,88-92	1-10-high	-	-	-	-	-	-	-	-	-	-	-	-	-	-	
synMTS_1_141_atp8	0.005	No mitochondrial presequence	69(MPP)	-0.043		9-18-high	-	-	-	-	-	-	-	-	-	-	-	-	-	-	
synMTS_1_142_atp8	0.001	No mitochondrial presequence	13(MPP), 14(Icp55)	-0.077		1-10-low	-	-	-	-	-	-	-	-	-	-	-	-	-	-	
synMTS_1_143_atp8	0.004	No mitochondrial presequence	7(MPP)	0.143	12-16,57-61	21-30-low	-	-	-	-	-	-	-	-	-	-	-	-	-	-	
synMTS_1_144_atp8	0.017	No mitochondrial presequence	81(MPP)	0.025	26-30,78-82,83-87	13-24-low	-	-	-	-	-	-	-	-	-	-	-	-	-	-	
synMTS_1_145_atp8	0.004	No mitochondrial presequence	46(MPP)	-0.065	36-40	15-24-low	-	-	-	-	-	-	-	18-23	-	-	-	-	-	-	
synMTS_1_146_atp8	0.027	No mitochondrial presequence	56(MPP)	0.107	16-20,46-50,74-78	16-25-high	-	-	-	-	-	-	-	-	-	-	-	-	-	-	
synMTS_1_147_atp8	0.000	No mitochondrial presequence	8(MPP)	-0.250	94-98	8-17-low	-	-	-	-	-	-	-	-	-	-	-	-	-	-	
synMTS_1_148_atp8	0.004	No mitochondrial presequence	17(MPP)	-0.059	94-98	2-11-low	-	-	-	-	-	-	-	-	-	-	-	-	-	-	
synMTS_1_149_atp8	0.009	No mitochondrial presequence	29(MPP)	0.000		18-27-low	-	25-30	-	-	-	-	-	-	-	-	-	-	-	-	
synMTS_1_150_atp8	0.007	No mitochondrial presequence	85(MPP)	0.000	82-86,87-91	19-28-low	-	-	-	-	-	-	-	-	-	-	-	-	-	-	
synMTS_1_151_atp8	0.011	No mitochondrial presequence	33(MPP)	-0.091	1-5,31-35	19-28-low	-	-	-	-	-	-	-	-	-	-	-	-	1-6	-	
synMTS_1_152_atp8	0.008	No mitochondrial presequence	55(MPP), 63(Oct1)	-0.036		17-26-low	-	-	-	-	-	-	-	-	-	-	-	-	-	-	
synMTS_1_153_atp8	0.000	No mitochondrial presequence	21(MPP)	-0.095	59-63,94-98	3-13-low	-	-	-	-	-	-	-	-	-	-	-	-	-	-	
synMTS_1_154_atp8	0.020	No mitochondrial presequence	8(MPP)	0.000	45-49,56-60,66-70,70-74,83-87	6-15-low	-	-	-	-	-	-	-	-	-	-	-	-	-	-	
synMTS_1_155_atp8	0.009	No mitochondrial presequence	20(MPP)	-0.050	53-57	20-29-low	-	-	-	-	-	-	-	-	-	-	-	-	-	-	
synMTS_1_156_atp8	0.001	No mitochondrial presequence	14(MPP)	-0.214	14-18	19-28-low	-	-	-	-	-	-	-	-	-	-	-	-	-	-	
synMTS_1_157_atp8	0.012	No mitochondrial presequence	34(MPP)	-0.088	34-38,39-43,79-83	18-27-low	-	-	-	-	-	-	-	-	-	-	-	-	-	-	
synMTS_1_158_atp8	0.005	No mitochondrial presequence	15(MPP)	-0.133		21-30-low	-	-	-	-	-	-	24-29	-	-	-	-	-	-	-	
synMTS_1_159_atp8	0.005	No mitochondrial presequence	8(MPP)	-0.250		3-12-low	-	-	-	-	-	-	-	-	-	-	-	-	-	-	
synMTS_1_160_atp8	0.009	No mitochondrial presequence	41(MPP), 42(Icp55)	-0.024	29-33,66-70	16-27-low	-	-	-	-	-	-	-	-	-	-	-	-	-	-	
synMTS_1_161_atp8	0.018	No mitochondrial presequence	11(MPP)	-0.091	28-32,76-80	18-27-high	-	-	-	-	-	-	-	19-24	-	18-23	-	-	-	-	
synMTS_1_162_atp8	0.002	No mitochondrial presequence	95(MPP)	0.021	51-55,92-96	13-22-low	-	-	-	-	-	-	-	-	-	-	-	-	-	-	
synMTS_1_163_atp8	0.014	No mitochondrial presequence	8(MPP)	0.250	94-98	3-12-high	-	-	-	-	-	-	-	-	-	-	-	-	-	-	
synMTS_1_164_atp8	0.051	No mitochondrial presequence	91(MPP)	0.088	23-27,88-92,93-97	18-27-high	-	-	-	-	-	-	-	-	-	-	-	-	-	-	
synMTS_1_165_atp8	0.060	No mitochondrial presequence	95(MPP)	0.042	7-11,11-15,46-50,52-56,92-96	7-16-high	-	-	-	-	-	-	-	-	-	-	-	-	-	-	
synMTS_1_166_atp8	0.016	No mitochondrial presequence	84(MPP)	0.071	81-85,86-90	18-27-low	-	-	-	-	-	-	-	-	-	-	-	-	-	-	
synMTS_1_167_atp8	0.022	No mitochondrial presequence	24(MPP)	0.000	31-35,78-82	16-25-low	-	-	-	-	-	-	-	-	-	-	-	-	-	-	
synMTS_1_168_atp8	0.022	No mitochondrial presequence	5(MPP)	-0.200	9-13	14-23-low	-	-	-	-	-	-	-	-	-	-	-	-	-	-	
synMTS_1_169_atp8	0.011	No mitochondrial presequence	81(MPP)	0.049	7-11,15-19,78-82,83-87	7-18-high	-	-	-	-	-	-	-	-	-	-	-	-	-	-	
synMTS_1_170_atp8	0.000	No mitochondrial presequence	6(MPP)	0.000		20-30-high	-	-	-	-	-	-	-	-	-	-	-	-	-	-	
synMTS_1_171_atp8	0.005	No mitochondrial presequence	43(MPP)	0.000	16-20,65-69,91-95	14-23-high	-	-	-	-	-	-	-	-	-	-	-	-	-	-	
synMTS_1_172_atp8	0.014	No mitochondrial presequence	11(MPP)	0.364		21-30-low	-	-	-	-	-	-	-	-	-	-	-	-	-	-	
synMTS_1_173_atp8	0.006	No mitochondrial presequence	86(MPP)	0.070		2-11-high	-	-	-	-	-	-	-	-	-	-	-	-	-	-	
synMTS_1_174_atp8	0.010	No mitochondrial presequence	21(MPP)	0.048	37-41	20-29-low	21-26	-	-	-	-	-	-	-	-	-	-	-	-	-	
synMTS_1_175_atp8	0.003	No mitochondrial presequence	90(MPP)	0.044	87-91,92-96	18-27-high	-	-	-	-	-	-	-	-	-	-	-	-	-	-	
synMTS_1_176_atp8	0.012	No mitochondrial presequence	26(MPP)	0.115	42-46	6-15-low	-	-	-	-	-	-	-	-	-	-	-	-	-	-	
synMTS_1_177_atp8	0.030	No mitochondrial presequence	90(MPP)	0.000	87-91,92-96	12-21-low	-	-	-	-	-	-	-	-	-	-	-	-	-	-	
synMTS_1_178_atp8	0.008	No mitochondrial presequence	5(MPP)	0.000	5-9,32-36,64-68,83-87	4-13-high	-	-	-	-	-	-	-	-	-	-	-	-	-	-	
synMTS_1_179_atp8	0.084	No mitochondrial presequence	19(MPP)	0.211	16-20,77-81	18-28-low	-	-	-	-	-	-	-	-	-	-	-	15-20	-	-	
synMTS_1_180_atp8	0.007	No mitochondrial presequence	14(MPP)	-0.357		16-25-low	-	-	-	-	-	-	-	-	-	-	-	-	-	-	
synMTS_1_181_atp8	0.015	No mitochondrial presequence	6(MPP)	-0.333		1-12-low	-	-	-	-	-	-	-	-	-	-	-	-	-	-	
synMTS_1_182_atp8	0.020	No mitochondrial presequence	92(MPP)	0.022	1-5,89-93,94-98	4-13-low	-	-	-	-	-	-	-	-	-	-	-	-	-	-	
synMTS_1_183_atp8	0.002	No mitochondrial presequence	7(MPP)	0.000	36-40,65-69	17-27-low	-	-	-	-	-	-	-	-	-	-	-	-	-	-	
synMTS_1_184_atp8	0.100	No mitochondrial presequence	78(MPP)	0.038	12-16,16-20,75-79,80-84	12-23-high	-	-	-	-	-	-	-	-	-	-	-	-	-	-	
synMTS_1_185_atp8	0.077	No mitochondrial presequence	15(MPP)	0.133	8-12,48-52	13-24-high	-	-	-	-	-	-	-	-	1-6	-	-	-	-	-	
synMTS_1_186_atp8	0.009	No mitochondrial presequence	48(MPP)	-0.042		10-20-low	-	-	-	-	-	-	-	-	-	-	-	-	-	-	
synMTS_1_187_atp8	0.053	No mitochondrial presequence	85(MPP)	0.012	82-86,87-91	6-17-low	-	-	-	-	-	-	-	-	-	-	-	-	-	-	
synMTS_1_188_atp8	0.004	No mitochondrial presequence	20(MPP)	-0.100	30-34,47-51,62-66	9-19-low	-	-	-	-	-	-	-	-	-	-	-	-	-	-	
synMTS_1_189_atp8	0.023	No mitochondrial presequence	21(MPP), 22(Icp55)	0.000	17-21,32-36,72-76	7-16-low	-	-	-	-	-	-	-	-	-	-	-	-	-	-	
synMTS_1_190_atp8	0.018	No mitochondrial presequence	7(MPP)	-0.143	10-14,20-24	8-18-low	-	-	-	-	-	-	-	-	-	25-30	-	-	-	-	
synMTS_1_191_atp8	0.035	No mitochondrial presequence	22(MPP), 23(Icp55)	0.045	48-52,52-56,93-97	11-20-high	-	-	-	-	-	-	-	-	-	-	-	-	-	-	
synMTS_1_192_atp8	0.018	No mitochondrial presequence	86(MPP)	0.012	83-87,88-92	4-13-low	-	-	-	-	-	-	-	-	-	-	-	-	-	-	
synMTS_1_193_atp8	0.052	No mitochondrial presequence	95(MPP)	0.053	14-18,92-96	9-18-high	-	-	-	-	-	-	-	-	-	-	-	-	-	-	
synMTS_1_194_atp8	0.018	No mitochondrial presequence	67(MPP)	0.015		7-17-high	-	-	-	-	-	-	-	-	-	-	-	-	-	-	
synMTS_1_195_atp8	0.000	No mitochondrial presequence	51(MPP)	0.059		21-30-low	-	-	-	-	-	-	-	-	-	-	-	-	-	-	
synMTS_1_196_atp8	0.004	No mitochondrial presequence	6(MPP)	0.000	53-57	21-30-low	-	-	-	-	-	-	-	-	-	-	-	-	-	-	
synMTS_1_197_atp8	0.044	No mitochondrial presequence	6(MPP)	0.333	6-10,11-15,81-85	19-28-high	-	-	-	-	-	-	-	-	9-14	-	-	-	-	-	
synMTS_1_198_atp8	0.003	No mitochondrial presequence	93(MPP)	-0.054	46-50,90-94,95-99	9-19-high	-	-	-	-	-	-	-	-	-	-	-	-	-	-	
synMTS_1_199_atp8	0.037	No mitochondrial presequence	85(MPP)	0.000	82-86,87-91	18-27-low	-	-	-	-	-	-	-	-	-	-	-	-	-	-	
synMTS_1_200_atp8	0.035	No mitochondrial presequence	87(MPP)	0.034	9-13,84-88,89-93	11-24-high	-	-	-	-	-	-	-	-	-	-	-	-	-	-	
synMTS_2_001_atp8	0.036	No mitochondrial presequence	91(MPP)	0.044	45-49,88-92,93-97	1-10-low	-	-	-	-	-	-	-	-	-	-	-	-	-	-	
synMTS_2_002_atp8	0.027	No mitochondrial presequence	22(MPP)	-0.045	56-60	11-22-low	-	-	-	-	-	-	-	-	-	-	-	-	-	-	
synMTS_2_003_atp8	0.002	No mitochondrial presequence	85(MPP)	-0.024	71-75	11-20-low	-	-	-	-	-	-	-	-	-	-	-	-	-	-	
synMTS_2_004_atp8	0.002	No mitochondrial presequence	26(MPP)	-0.038	26-30,30-34,38-42,81-85	21-30-low	-	-	-	-	-	-	-	-	-	-	-	-	-	-	
synMTS_2_005_atp8	0.000	No mitochondrial presequence	11(MPP), 12(Icp55)	-0.273	15-19	8-19-low	-	-	-	-	-	-	-	-	-	-	-	-	-	-	
synMTS_2_006_atp8	0.002	No mitochondrial presequence	68(MPP)	0.044		16-29-low	-	-	-	-	-	-	-	-	-	-	-	-	-	-	
synMTS_2_007_atp8	0.003	No mitochondrial presequence	58(MPP)	-0.052	11-15,93-97	10-19-high	-	-	-	-	-	-	-	-	-	-	-	-	-	-	
synMTS_2_008_atp8	0.017	No mitochondrial presequence	58(MPP)	-0.034	94-98	17-26-low	-	-	-	-	-	-	-	-	-	16-21	-	-	-	-	
synMTS_2_009_atp8	0.010	No mitochondrial presequence	5(MPP)	0.000	70-74,78-82	14-23-low	-	-	-	-	-	-	-	-	-	-	-	-	-	-	
synMTS_2_010_atp8	0.018	No mitochondrial presequence	53(MPP)	0.019	21-25,88-92,93-97	14-23-high	-	-	-	-	-	-	-	-	-	-	-	-	-	-	
synMTS_2_011_atp8	0.014	No mitochondrial presequence	22(MPP)	0.000	70-74	7-16-low	-	-	-	18-23	-	-	-	-	-	-	-	-	-	-	
synMTS_2_012_atp8	0.002	No mitochondrial presequence	72(MPP)	-0.069	49-53	6-15-low	-	-	-	-	-	-	-	-	-	-	-	-	-	-	
synMTS_2_013_atp8	0.017	No mitochondrial presequence	78(MPP)	0.038	75-79,80-84	18-28-high	-	-	-	-	-	-	-	-	-	-	-	-	-	-	
synMTS_2_014_atp8	0.004	No mitochondrial presequence	73(MPP)	0.014		6-15-high	-	-	-	-	-	-	-	-	-	-	-	-	-	-	
synMTS_2_015_atp8	0.000	No mitochondrial presequence	5(MPP)	-0.600		14-25-low	-	-	-	-	-	-	-	-	-	-	-	-	-	-	
synMTS_2_016_atp8	0.126	No mitochondrial presequence	95(MPP)	0.063	17-21,21-25,26-30,92-96	16-25-high	-	13-18	-	-	17-22	-	-	-	-	-	-	-	-	-	
synMTS_2_017_atp8	0.004	No mitochondrial presequence	60(MPP)	0.017	96-100	13-22-low	-	-	-	-	-	-	-	-	-	-	-	-	-	-	
synMTS_2_018_atp8	0.018	No mitochondrial presequence	5(MPP), 6(Icp55)	-0.400		6-17-low	-	-	-	-	-	-	-	-	-	-	-	-	-	-	
synMTS_2_019_atp8	0.002	No mitochondrial presequence	6(MPP)	-0.167	57-61	13-22-high	-	-	-	-	-	-	-	-	-	-	-	-	-	-	
synMTS_2_020_atp8	0.001	No mitochondrial presequence	75(MPP)	-0.067	46-50,68-72	6-15-low	-	-	-	-	-	-	-	-	-	-	-	-	-	-	
synMTS_2_021_atp8	0.051	No mitochondrial presequence	88(MPP)	0.057	85-89,90-94	1-10-low	-	-	-	-	-	-	-	-	-	-	22-27	-	-	-	
synMTS_2_022_atp8	0.010	No mitochondrial presequence	5(MPP), 13(Oct1)	-0.400	45-49,93-97,96-100	3-13-low	-	-	-	-	-	-	-	-	-	-	-	-	-	-	
synMTS_2_023_atp8	0.005	No mitochondrial presequence	52(MPP)	0.000	14-18,20-24,33-37	10-19-high	-	-	-	-	-	-	-	-	-	-	-	-	-	-	
synMTS_2_024_atp8	0.001	No mitochondrial presequence	86(MPP)	0.023		21-30-low	-	-	-	-	-	-	-	-	-	-	-	-	-	-	
synMTS_2_025_atp8	0.004	No mitochondrial presequence	67(MPP)	0.090		4-13-low	-	-	-	-	-	-	-	-	-	-	-	-	-	-	
synMTS_2_026_atp8	0.024	No mitochondrial presequence	81(MPP)	0.037	78-82,83-87	1-12-high	-	-	-	-	-	-	-	-	-	-	-	-	-	-	
synMTS_2_027_atp8	0.002	No mitochondrial presequence	67(MPP)	-0.030		10-19-high	-	-	-	-	-	-	-	-	-	-	-	-	-	-	
synMTS_2_028_atp8	0.009	No mitochondrial presequence	87(MPP)	0.034	12-16,20-24,84-88,89-93	16-25-high	-	-	-	-	-	23-28	-	-	-	-	-	-	-	-	
synMTS_2_029_atp8	0.005	No mitochondrial presequence	59(MPP), 60(Icp55)	-0.017	3-7,22-26	10-21-low	-	-	-	-	-	-	-	-	-	-	-	-	-	-	
synMTS_2_030_atp8	0.005	No mitochondrial presequence	64(MPP)	0.016		1-12-low	-	-	-	-	-	-	-	-	-	-	-	-	-	-	
synMTS_2_031_atp8	0.039	No mitochondrial presequence	91(MPP)	0.044	26-30	21-30-high	-	-	-	23-28	-	-	-	-	-	-	-	-	-	-	
synMTS_2_032_atp8	0.028	No mitochondrial presequence	46(MPP)	0.022	43-47,81-85,86-90	15-24-low	-	-	-	-	-	-	-	-	-	-	9-14	-	-	-	
synMTS_2_033_atp8	0.018	No mitochondrial presequence	53(MPP)	0.094	14-18,88-92,93-97	9-18-high	-	-	-	-	-	-	-	-	-	-	-	-	-	-	
synMTS_2_034_atp8	0.000	No mitochondrial presequence	29(MPP)	0.000		5-14-low	-	-	-	-	-	-	-	-	-	-	-	-	-	-	
synMTS_2_035_atp8	0.007	No mitochondrial presequence	94(MPP)	-0.032	50-54	20-29-low	-	-	-	-	-	-	-	-	-	-	-	-	-	-	
synMTS_2_036_atp8	0.013	No mitochondrial presequence	88(MPP)	0.034	9-13,85-89,90-94	2-11-high	-	-	-	-	-	-	-	-	-	-	-	-	-	-	
synMTS_2_037_atp8	0.024	No mitochondrial presequence	51(MPP)	-0.059	33-37,45-49,51-55	14-23-low	-	-	-	-	-	-	-	-	-	-	-	-	-	-	
synMTS_2_038_atp8	0.028	No mitochondrial presequence	64(MPP)	0.047		1-10-low	-	-	-	-	-	-	12-17	-	-	11-16	-	-	-	-	
synMTS_2_039_atp8	0.032	No mitochondrial presequence	78(MPP)	-0.051	75-79	18-28-low	-	-	-	-	-	-	-	-	-	-	-	-	-	-	
synMTS_2_040_atp8	0.059	No mitochondrial presequence	84(MPP)	0.000	12-16,81-85,86-90	8-19-low	-	-	-	-	-	-	-	-	-	-	-	-	-	-	
synMTS_2_041_atp8	0.038	No mitochondrial presequence	81(MPP)	0.136	78-82	16-25-high	-	-	-	-	-	-	-	-	-	-	-	-	-	-	
synMTS_2_042_atp8	0.015	No mitochondrial presequence	87(MPP)	0.069	1-5,67-71,84-88	1-11-low	-	-	-	-	-	-	-	-	-	-	-	-	-	-	
synMTS_2_043_atp8	0.005	No mitochondrial presequence	81(MPP)	-0.012	78-82,83-87	21-30-low	-	-	-	-	-	-	-	-	-	-	-	-	-	-	
synMTS_2_044_atp8	0.046	No mitochondrial presequence	82(MPP)	0.024	79-83,84-88	14-23-low	-	-	-	-	-	-	-	16-21	-	-	-	-	-	-	
synMTS_2_045_atp8	0.001	No mitochondrial presequence	75(MPP)	-0.040		16-25-high	-	-	-	-	-	-	-	-	-	-	-	-	-	-	
synMTS_2_046_atp8	0.013	No mitochondrial presequence	92(MPP)	-0.033	74-78	21-30-low	-	-	-	-	-	-	-	-	-	-	-	-	-	-	
synMTS_2_047_atp8	0.014	No mitochondrial presequence	90(MPP)	0.033	87-91,92-96	21-30-low	-	-	-	-	-	-	-	-	-	-	-	-	-	-	
synMTS_2_048_atp8	0.004	No mitochondrial presequence	94(MPP)	0.011	35-39	10-19-high	-	-	-	-	-	-	-	-	-	-	-	-	-	-	
synMTS_2_049_atp8	0.000	No mitochondrial presequence	89(MPP)	-0.022	37-41	2-11-low	-	-	-	-	-	-	-	-	-	-	-	-	-	-	
synMTS_2_050_atp8	0.013	No mitochondrial presequence	95(MPP)	0.021	69-73	4-13-high	-	-	-	-	-	-	-	-	-	-	-	-	-	-	
synMTS_2_051_atp8	0.001	No mitochondrial presequence	79(MPP)	0.013		12-21-low	-	-	-	-	-	-	-	-	-	-	-	-	-	-	
synMTS_2_052_atp8	0.002	No mitochondrial presequence	83(MPP)	-0.024	59-63	1-10-low	-	-	-	-	-	-	-	-	-	-	-	-	-	-	
synMTS_2_053_atp8	0.010	No mitochondrial presequence	59(MPP)	0.000	94-98	9-20-low	-	-	-	-	-	-	-	-	-	-	-	-	-	-	
synMTS_2_054_atp8	0.018	No mitochondrial presequence	58(MPP)	0.138	12-16,93-97	8-17-high	-	-	-	-	-	-	-	-	-	-	-	-	-	-	
synMTS_2_055_atp8	0.016	No mitochondrial presequence	86(MPP)	0.047		14-25-high	-	-	-	-	-	-	-	-	-	-	-	-	-	-	
synMTS_2_056_atp8	0.010	No mitochondrial presequence	66(MPP)	0.000	10-14	11-20-low	-	-	-	-	-	-	-	-	-	-	-	-	-	-	
synMTS_2_057_atp8	0.018	No mitochondrial presequence	70(MPP)	-0.071		3-16-low	-	-	-	-	-	-	-	-	-	-	-	-	-	-	
synMTS_2_058_atp8	0.007	No mitochondrial presequence	38(MPP)	0.026		6-17-low	-	-	-	-	-	-	-	-	-	-	-	-	-	-	
synMTS_2_059_atp8	0.002	No mitochondrial presequence	41(MPP)	-0.073	64-68,67-71	13-22-low	-	-	-	-	-	-	-	-	-	-	-	-	-	-	
synMTS_2_060_atp8	0.011	No mitochondrial presequence	77(MPP)	-0.039	21-25,44-48,74-78	20-29-high	-	-	-	-	-	-	-	-	-	-	-	-	-	-	
synMTS_2_061_atp8	0.049	No mitochondrial presequence	11(MPP)	0.000	42-46	8-17-high	-	-	-	-	-	-	11-16,15-20	-	-	-	-	-	-	14-19	
synMTS_2_062_atp8	0.010	No mitochondrial presequence	89(MPP)	0.011	23-27,86-90,91-95	10-19-high	-	-	-	-	-	-	-	-	-	-	-	-	-	-	
synMTS_2_063_atp8	0.000	No mitochondrial presequence	7(MPP)	-0.286		20-29-low	-	-	-	-	-	-	-	-	-	-	-	-	-	-	
synMTS_2_064_atp8	0.028	No mitochondrial presequence	79(MPP)	0.076	21-25,35-39	21-30-high	-	-	-	-	-	-	-	-	-	-	-	20-25	-	-	
synMTS_2_065_atp8	0.003	No mitochondrial presequence	29(MPP)	0.000	19-23	21-30-low	-	-	-	-	-	-	-	-	-	-	-	-	-	-	
synMTS_2_066_atp8	0.003	No mitochondrial presequence	14(MPP)	-0.143		4-14-low	-	-	-	-	-	-	-	-	-	-	-	-	-	-	
synMTS_2_067_atp8	0.039	No mitochondrial presequence	70(MPP)	-0.043	11-15	8-17-high	-	-	-	-	-	-	-	-	-	-	-	-	-	-	
synMTS_2_068_atp8	0.005	No mitochondrial presequence	31(MPP)	-0.097	26-30	14-24-low	-	-	-	-	-	-	-	-	-	-	-	-	-	-	
synMTS_2_069_atp8	0.003	No mitochondrial presequence	18(MPP)	0.167	40-44	21-30-low	-	-	-	-	-	-	-	-	-	-	-	-	-	-	
synMTS_2_070_atp8	0.003	No mitochondrial presequence	95(MPP)	0.042	92-96	16-25-high	-	-	-	-	-	-	-	-	-	-	-	-	-	-	
synMTS_2_071_atp8	0.004	No mitochondrial presequence	24(MPP)	-0.042		13-22-low	-	-	-	-	-	-	-	-	-	-	-	-	-	-	
synMTS_2_072_atp8	0.008	No mitochondrial presequence	87(MPP)	0.069	84-88,89-93	13-22-low	-	-	-	-	-	-	-	-	-	-	-	-	-	-	
synMTS_2_073_atp8	0.035	No mitochondrial presequence	27(MPP), 28(Icp55)	0.222	25-29,35-39,79-83	8-17-high	-	-	-	-	-	-	-	-	-	-	-	-	25-30	-	
synMTS_2_074_atp8	0.014	No mitochondrial presequence	60(MPP)	-0.033	26-30,95-99	10-19-low	-	-	-	-	-	-	-	-	-	-	-	-	-	-	
synMTS_2_075_atp8	0.001	No mitochondrial presequence	31(MPP)	-0.032		1-12-low	-	-	-	-	-	-	-	-	-	-	-	-	-	-	
synMTS_2_076_atp8	0.005	No mitochondrial presequence	85(MPP)	0.024	31-35	21-30-high	-	-	-	-	-	-	-	-	-	-	-	-	-	-	
synMTS_2_077_atp8	0.001	No mitochondrial presequence	83(MPP)	0.096		2-11-high	-	-	-	-	-	-	-	-	-	-	-	-	-	-	
synMTS_2_078_atp8	0.060	No mitochondrial presequence	80(MPP)	0.050	21-25,71-75	15-25-high	-	-	-	-	-	13-18	-	-	-	12-17	-	-	-	-	
synMTS_2_079_atp8	0.020	No mitochondrial presequence	32(MPP)	0.000	6-10,26-30,36-40,39-43	15-26-high	-	-	-	-	-	-	-	-	-	-	-	-	-	-	
synMTS_2_080_atp8	0.009	No mitochondrial presequence	8(MPP)	-0.250		18-27-low	-	-	-	-	-	-	-	-	-	-	-	-	-	-	
synMTS_2_081_atp8	0.002	No mitochondrial presequence	78(MPP)	-0.038	70-74,75-79	17-26-high	-	-	-	-	-	-	-	-	-	-	-	-	-	-	
synMTS_2_082_atp8	0.001	No mitochondrial presequence	92(MPP)	0.000	89-93,94-98	16-25-low	-	-	-	-	-	-	-	-	-	-	-	-	-	-	
synMTS_2_083_atp8	0.024	No mitochondrial presequence	87(MPP)	0.000	28-32,84-88,89-93	7-16-low	-	-	-	-	-	-	-	-	-	-	-	-	-	-	
synMTS_2_084_atp8	0.007	No mitochondrial presequence	86(MPP)	0.000	83-87,88-92	13-22-high	-	-	-	-	-	-	-	-	-	-	-	-	-	-	
synMTS_2_085_atp8	0.003	No mitochondrial presequence	89(MPP)	-0.022	60-64	21-30-low	2-7	-	-	-	-	-	-	-	-	-	-	-	-	-	
synMTS_2_086_atp8	0.040	No mitochondrial presequence	18(MPP)	0.111	69-73,92-96,95-99	1-10-high	-	-	-	-	-	-	-	-	25-30	-	-	-	-	-	
synMTS_2_087_atp8	0.090	No mitochondrial presequence	95(MPP)	0.084	14-18,77-81,89-93	7-16-high	-	-	-	-	-	-	7-12	-	-	6-11	-	-	-	-	
synMTS_2_088_atp8	0.002	No mitochondrial presequence	19(MPP)	0.000		12-21-high	-	-	-	-	-	-	-	-	-	-	-	-	-	-	
synMTS_2_089_atp8	0.001	No mitochondrial presequence	53(MPP)	-0.057	47-51,50-54,89-93,94-98	11-20-low	-	-	-	-	-	-	-	-	-	-	-	-	-	-	
synMTS_2_090_atp8	0.023	No mitochondrial presequence	10(MPP)	0.000	28-32	20-30-low	-	-	-	-	-	-	-	-	-	-	-	-	-	-	
synMTS_2_091_atp8	0.064	No mitochondrial presequence	19(MPP)	-0.053	12-16	12-23-high	-	-	-	-	-	-	-	-	-	-	-	-	-	-	
synMTS_2_092_atp8	0.027	No mitochondrial presequence	5(MPP)	-0.400	95-99	18-27-low	-	-	-	-	-	-	-	20-25	-	-	-	-	-	19-24	
synMTS_2_093_atp8	0.043	No mitochondrial presequence	41(MPP)	0.000	76-80,81-85	15-24-low	-	-	-	-	-	-	-	-	-	-	-	-	-	-	
synMTS_2_094_atp8	0.126	No mitochondrial presequence	74(MPP)	0.041		4-15-low	-	-	-	-	-	-	-	-	-	-	-	-	-	-	
synMTS_2_095_atp8	0.008	No mitochondrial presequence	13(MPP)	0.000		9-18-low	-	-	-	-	-	-	-	-	-	-	-	-	-	-	
synMTS_2_096_atp8	0.012	No mitochondrial presequence	88(MPP)	0.011	19-23	18-29-low	-	-	-	-	-	-	-	-	-	-	-	-	-	-	
synMTS_2_097_atp8	0.035	No mitochondrial presequence	39(MPP)	0.000	75-79,80-84	3-12-low	-	-	-	-	-	-	-	-	-	-	-	-	-	-	
synMTS_2_098_atp8	0.007	No mitochondrial presequence	83(MPP)	0.000	30-34	11-21-low	-	-	-	-	-	-	-	-	-	-	-	-	-	-	
synMTS_2_099_atp8	0.059	No mitochondrial presequence	49(MPP)	0.143	15-19,19-23,46-50,85-89,90-94	3-12-high	-	-	-	-	-	-	-	-	-	-	-	-	-	-	
synMTS_2_100_atp8	0.008	No mitochondrial presequence	78(MPP)	0.000	8-12,72-76,75-79	1-13-high	-	-	-	-	-	-	-	-	-	-	-	-	-	-	
synMTS_2_101_atp8	0.012	No mitochondrial presequence	7(MPP)	0.429	2-6,11-15,44-48	1-10-high	-	-	-	-	-	-	-	-	-	-	-	-	-	-	
synMTS_2_102_atp8	0.013	No mitochondrial presequence	91(MPP)	-0.011		1-12-low	-	-	-	-	-	-	-	-	-	-	-	-	-	-	
synMTS_2_103_atp8	0.004	No mitochondrial presequence	83(MPP)	-0.060	14-18,22-26,48-52,70-74	18-27-low	-	-	-	-	-	-	-	-	-	-	-	-	-	-	
synMTS_2_104_atp8	0.016	No mitochondrial presequence	72(MPP), 73(Icp55)	0.014	11-15,69-73	7-16-high	-	-	-	-	-	-	-	-	-	-	-	-	-	-	
synMTS_2_105_atp8	0.016	No mitochondrial presequence	5(MPP)	0.000	30-34	15-24-low	-	-	-	-	-	-	-	-	-	-	-	-	-	-	
synMTS_2_106_atp8	0.002	No mitochondrial presequence	84(MPP)	-0.036	17-21,33-37	5-14-low	-	-	-	-	-	-	-	-	-	-	-	-	-	-	
synMTS_2_107_atp8	0.037	No mitochondrial presequence	32(MPP)	0.031	65-69,79-83	5-14-low	-	-	-	-	-	-	-	-	-	-	-	-	-	-	
synMTS_2_108_atp8	0.030	No mitochondrial presequence	60(MPP)	0.000	96-100	18-27-high	-	-	-	-	-	-	25-30	-	-	-	-	-	-	-	
synMTS_2_109_atp8	0.017	No mitochondrial presequence	92(MPP)	0.087		9-18-low	-	-	-	-	-	-	-	-	-	-	-	-	-	-	
synMTS_2_110_atp8	0.003	No mitochondrial presequence	77(MPP)	-0.039		15-24-low	-	-	-	-	-	-	-	-	-	-	-	-	-	-	
synMTS_2_111_atp8	0.002	No mitochondrial presequence	39(MPP)	-0.026	25-29,67-71	19-29-high	-	-	-	-	-	-	-	-	-	-	-	-	-	-	
synMTS_2_112_atp8	0.003	No mitochondrial presequence	85(MPP)	-0.047	82-86	9-25-low	-	-	-	-	-	-	-	-	-	-	-	-	-	-	
synMTS_2_113_atp8	0.008	No mitochondrial presequence	60(MPP)	-0.017	96-100	6-15-low	-	-	-	-	-	-	-	-	-	-	-	-	-	-	
synMTS_2_114_atp8	0.008	No mitochondrial presequence	75(MPP)	0.000	56-60	4-13-low	-	-	-	-	-	-	-	-	-	-	-	-	-	-	
synMTS_2_115_atp8	0.017	No mitochondrial presequence	49(MPP)	-0.061	36-40,46-50,84-88,89-93	7-16-low	-	-	-	-	-	-	-	-	-	-	-	-	-	-	
synMTS_2_116_atp8	0.010	No mitochondrial presequence	81(MPP)	0.025	26-30,78-82,83-87	2-11-low	-	-	-	-	-	-	-	-	-	-	-	-	-	-	
synMTS_2_117_atp8	0.023	No mitochondrial presequence	92(MPP)	0.054	89-93,94-98	1-10-low	-	-	-	-	-	-	-	-	-	-	-	-	-	-	
synMTS_2_118_atp8	0.018	No mitochondrial presequence	8(MPP)	-0.125	75-79,80-84	21-30-high	-	-	-	-	-	-	-	-	-	-	13-18	-	-	-	
synMTS_2_119_atp8	0.031	No mitochondrial presequence	81(MPP)	0.037	62-66	10-19-low	-	-	-	-	-	-	-	-	-	-	-	-	-	-	
synMTS_2_120_atp8	0.027	No mitochondrial presequence	65(MPP)	0.062		17-27-high	-	20-25	-	-	-	-	-	-	-	-	-	-	-	-	
synMTS_2_121_atp8	0.004	No mitochondrial presequence	74(MPP)	0.027	10-14,38-42	6-15-low	-	-	-	-	-	-	-	-	-	-	-	-	10-15	-	
synMTS_2_122_atp8	0.013	No mitochondrial presequence	67(MPP)	-0.015	32-36,48-52,64-68	18-27-low	-	-	-	-	-	-	-	-	-	-	-	-	-	-	
synMTS_2_123_atp8	0.031	No mitochondrial presequence	89(MPP)	0.056	10-14,48-52,86-90,91-95	7-18-high	-	-	-	-	-	-	-	-	-	-	-	-	-	-	
synMTS_2_124_atp8	0.040	No mitochondrial presequence	80(MPP)	-0.013	3-7,68-72,78-82	2-11-high	-	-	-	-	-	-	-	-	-	-	-	-	-	-	
synMTS_2_125_atp8	0.019	No mitochondrial presequence	86(MPP)	0.023	83-87,88-92	21-30-high	-	-	-	-	-	-	-	-	-	-	-	-	-	-	
synMTS_2_126_atp8	0.001	No mitochondrial presequence	9(MPP), 10(Icp55)	0.000		15-24-high	-	-	-	-	-	-	-	-	-	-	-	-	-	-	
synMTS_2_127_atp8	0.017	No mitochondrial presequence	46(MPP)	0.022	82-86,87-91	12-21-low	-	-	-	-	-	-	-	-	-	-	-	-	-	-	
synMTS_2_128_atp8	0.010	No mitochondrial presequence	76(MPP)	0.026		9-18-low	-	-	-	-	-	-	-	-	-	-	-	-	-	-	
synMTS_2_129_atp8	0.001	No mitochondrial presequence	69(MPP)	0.043	41-45,50-54	21-30-low	-	-	-	-	-	-	-	-	-	-	-	-	-	-	
synMTS_2_130_atp8	0.025	No mitochondrial presequence	61(MPP)	0.066		9-18-low	-	-	-	-	-	-	-	-	-	-	-	-	-	-	
synMTS_2_131_atp8	0.002	No mitochondrial presequence	15(MPP)	-0.067	32-36,51-55	1-10-low	-	-	-	-	-	-	-	-	-	-	-	-	-	-	
synMTS_2_132_atp8	0.012	No mitochondrial presequence	94(MPP)	0.064	7-11,43-47,75-79	4-13-high	-	-	-	-	-	-	-	-	-	-	-	-	7-12	-	
synMTS_2_133_atp8	0.008	No mitochondrial presequence	83(MPP)	0.036		2-11-low	-	-	-	-	-	-	-	-	-	-	-	-	-	-	
synMTS_2_134_atp8	0.085	No mitochondrial presequence	89(MPP)	0.034	10-14,48-52,86-90,91-95	9-18-high	-	-	-	-	-	-	-	-	-	-	-	9-14	10-15	-	
synMTS_2_135_atp8	0.044	No mitochondrial presequence	51(MPP)	0.039	16-20,19-23,41-45,45-49,48-52,87-91,92-96	4-13-low	-	-	-	-	16-21	-	-	-	-	-	-	-	-	-	
synMTS_2_136_atp8	0.011	No mitochondrial presequence	79(MPP)	0.051	76-80,81-85	1-10-low	-	-	-	-	-	-	-	-	-	-	-	-	-	-	
synMTS_2_137_atp8	0.013	No mitochondrial presequence	95(MPP)	0.105	1-5	19-28-low	-	-	-	-	-	-	-	-	-	-	-	-	-	-	
synMTS_2_138_atp8	0.034	No mitochondrial presequence	51(MPP), 52(Icp55)	0.059	1-5,13-17,25-29,32-36	20-29-high	-	-	-	-	-	-	-	-	-	-	-	-	-	-	
synMTS_2_139_atp8	0.012	No mitochondrial presequence	21(MPP)	0.000		12-21-high	-	-	-	-	-	-	-	-	-	-	-	-	-	-	
synMTS_2_140_atp8	0.023	No mitochondrial presequence	82(MPP)	0.012		19-30-low	-	-	-	-	-	-	-	-	-	-	-	-	-	-	
synMTS_2_141_atp8	0.012	No mitochondrial presequence	70(MPP)	0.043	51-55,57-61,64-68	10-19-low	-	-	-	-	-	-	-	-	-	-	-	-	-	-	
synMTS_2_142_atp8	0.024	No mitochondrial presequence	31(MPP)	0.032		16-29-high	-	-	-	-	-	-	-	-	-	-	-	-	-	-	
synMTS_2_143_atp8	0.002	No mitochondrial presequence	31(MPP), 32(Icp55)	-0.065	34-38,46-50,87-91,95-99	19-28-low	-	-	-	-	-	-	-	-	-	-	-	-	-	-	
synMTS_2_144_atp8	0.003	No mitochondrial presequence	23(MPP), 31(Oct1)	-0.043	47-51,50-54	19-28-low	-	-	-	-	-	-	-	-	-	-	-	-	-	-	
synMTS_2_145_atp8	0.019	No mitochondrial presequence	6(MPP)	0.333		14-23-high	-	-	-	-	-	-	-	-	-	-	-	-	-	-	
synMTS_2_146_atp8	0.008	No mitochondrial presequence	93(MPP)	0.032	90-94,95-99	19-29-low	-	-	-	-	-	-	-	-	-	-	-	-	-	-	
synMTS_2_147_atp8	0.079	No mitochondrial presequence	63(MPP)	0.079	11-15,60-64	6-15-high	-	-	-	-	-	-	-	-	9-14	-	-	-	-	-	
synMTS_2_148_atp8	0.014	No mitochondrial presequence	71(MPP)	-0.028	68-72	5-14-low	-	-	-	-	-	-	-	-	-	-	-	-	-	-	
synMTS_2_149_atp8	0.043	No mitochondrial presequence	64(MPP)	0.016	23-27	2-11-high	-	-	-	-	-	-	-	-	-	-	-	-	-	-	
synMTS_2_150_atp8	0.020	No mitochondrial presequence	8(MPP)	0.000	47-51	17-26-low	-	-	-	-	-	-	-	-	-	-	-	-	-	-	
synMTS_2_151_atp8	0.002	No mitochondrial presequence	47(MPP)	-0.064	83-87,88-92	17-26-low	-	-	-	-	-	-	-	-	-	-	-	-	-	-	
synMTS_2_152_atp8	0.026	No mitochondrial presequence	80(MPP)	-0.025	6-10,9-13,38-42,77-81,82-86	5-15-high	-	-	-	-	6-11	-	-	-	-	-	-	-	-	-	
synMTS_2_153_atp8	0.020	No mitochondrial presequence	46(MPP)	0.000	82-86,87-91	14-23-low	-	-	-	-	-	-	-	-	-	-	-	-	-	-	
synMTS_2_154_atp8	0.007	No mitochondrial presequence	10(MPP)	0.100	11-15,29-33,39-43,76-80	11-20-high	-	-	-	-	-	-	-	-	-	-	-	-	-	-	
synMTS_2_155_atp8	0.002	No mitochondrial presequence	59(MPP)	0.017	94-98	3-14-low	-	-	-	-	-	-	-	-	-	-	-	-	-	-	
synMTS_2_156_atp8	0.008	No mitochondrial presequence	33(MPP)	0.182	35-39	11-20-low	-	-	-	-	-	-	-	-	-	-	-	-	-	-	
synMTS_2_157_atp8	0.015	No mitochondrial presequence	84(MPP)	0.000	81-85,86-90	4-14-low	-	-	-	-	-	-	-	-	-	-	-	-	-	-	
synMTS_2_158_atp8	0.007	No mitochondrial presequence	61(MPP)	0.016	11-15,38-42,96-100	11-20-low	-	-	-	-	-	-	-	-	-	-	-	-	-	-	
synMTS_2_159_atp8	0.036	No mitochondrial presequence	86(MPP)	0.116		9-18-low	-	-	-	-	-	-	-	-	-	-	-	-	-	-	
synMTS_2_160_atp8	0.008	No mitochondrial presequence	69(MPP)	0.087	20-24,60-64	1-10-low	-	-	-	-	-	-	-	-	-	-	-	-	-	-	
synMTS_2_161_atp8	0.003	No mitochondrial presequence	78(MPP)	-0.064	64-68,70-74	14-23-low	-	-	-	-	-	-	-	-	-	-	-	-	-	-	
synMTS_2_162_atp8	0.004	No mitochondrial presequence	21(MPP), 22(Icp55)	-0.143	91-95,94-98	8-19-low	-	-	-	-	-	-	-	-	-	-	-	-	-	-	
synMTS_2_163_atp8	0.043	No mitochondrial presequence	85(MPP)	0.059	82-86,87-91	21-30-high	-	-	-	-	-	-	-	-	-	-	-	-	-	-	
synMTS_2_164_atp8	0.004	No mitochondrial presequence	49(MPP), 50(Icp55)	0.041	60-64	1-10-low	-	-	-	-	-	-	-	-	-	-	-	-	-	-	
synMTS_2_165_atp8	0.005	No mitochondrial presequence	29(MPP)	-0.172		4-13-high	-	-	-	-	-	-	-	-	-	-	-	-	-	-	
synMTS_2_166_atp8	0.003	No mitochondrial presequence	69(MPP)	-0.101	16-20,66-70	21-30-low	-	-	-	-	-	-	-	-	-	-	-	-	-	-	
synMTS_2_167_atp8	0.006	No mitochondrial presequence	13(MPP)	0.231	91-95	18-27-high	-	-	-	-	-	-	-	-	-	-	-	-	-	-	
synMTS_2_168_atp8	0.002	No mitochondrial presequence	82(MPP)	0.000	64-68	18-27-low	-	-	-	-	-	-	-	-	-	-	-	-	-	-	
synMTS_2_169_atp8	0.001	No mitochondrial presequence	15(MPP)	-0.067	29-33,59-63	1-10-low	-	-	-	-	-	-	-	-	-	-	-	-	-	-	
synMTS_2_170_atp8	0.015	No mitochondrial presequence	82(MPP)	0.049	21-25,79-83,84-88	21-30-high	-	-	-	-	-	-	-	-	-	-	-	20-25	-	-	
synMTS_2_171_atp8	0.005	No mitochondrial presequence	90(MPP)	-0.044	49-53,87-91,92-96	10-19-low	-	-	-	-	-	-	-	-	-	-	-	-	-	-	
synMTS_2_172_atp8	0.019	No mitochondrial presequence	82(MPP)	0.024	26-30,30-34,43-47,47-51,63-67	11-20-high	-	-	-	-	-	-	-	-	-	-	-	25-30	-	-	
synMTS_2_173_atp8	0.001	No mitochondrial presequence	68(MPP)	0.029		19-28-low	-	-	-	-	-	-	-	-	-	-	-	-	-	-	
synMTS_2_174_atp8	0.046	No mitochondrial presequence	85(MPP)	0.129	35-39,40-44,78-82	4-13-low	-	-	-	-	-	-	-	-	-	-	-	-	-	-	
synMTS_2_175_atp8	0.048	No mitochondrial presequence	48(MPP)	0.188	83-87,88-92	9-18-high	-	-	-	-	-	-	-	-	-	-	-	-	-	-	
synMTS_2_176_atp8	0.001	No mitochondrial presequence	11(MPP)	-0.091	38-42	13-22-low	-	-	-	-	-	-	-	-	-	-	-	-	-	-	
synMTS_2_177_atp8	0.009	No mitochondrial presequence	20(MPP)	-0.150	40-44,91-95	3-12-low	-	-	-	-	-	-	-	-	-	-	-	-	-	-	
synMTS_2_178_atp8	0.014	No mitochondrial presequence	84(MPP)	-0.012	14-18,36-40,81-85,86-90	3-12-high	-	-	-	-	-	-	-	-	-	-	-	-	-	-	
synMTS_2_179_atp8	0.004	No mitochondrial presequence	74(MPP)	0.054	6-10	10-26-low	-	-	-	-	-	-	-	-	-	-	-	-	-	-	
synMTS_2_180_atp8	0.002	No mitochondrial presequence	28(MPP), 29(Icp55)	-0.071		14-23-low	-	-	-	-	-	-	-	-	-	-	-	-	-	-	
synMTS_2_181_atp8	0.002	No mitochondrial presequence	88(MPP)	-0.057	50-54	14-23-low	-	-	-	-	-	-	-	-	-	-	-	-	-	-	
synMTS_2_182_atp8	0.043	No mitochondrial presequence	58(MPP)	-0.017	7-11,94-98	19-28-low	-	-	-	-	-	-	1-6	-	-	-	-	-	-	-	
synMTS_2_183_atp8	0.016	No mitochondrial presequence	73(MPP)	-0.041		8-17-high	-	-	-	-	-	-	-	-	-	-	-	-	-	-	
synMTS_2_184_atp8	0.009	No mitochondrial presequence	79(MPP)	-0.025	38-42,76-80,81-85	5-14-high	-	-	-	-	-	-	-	-	-	-	-	-	-	-	
synMTS_2_185_atp8	0.017	No mitochondrial presequence	12(MPP), 13(Icp55)	0.000	9-13	18-27-low	-	-	-	-	-	-	-	-	-	-	-	-	-	-	
synMTS_2_186_atp8	0.029	No mitochondrial presequence	81(MPP)	0.000	32-36,48-52,67-71,71-75	20-29-low	-	-	-	-	-	-	-	-	-	-	-	-	-	-	
synMTS_2_187_atp8	0.032	No mitochondrial presequence	68(MPP)	0.044		2-11-high	-	5-10	-	-	-	-	-	-	-	-	-	-	-	-	
synMTS_2_188_atp8	0.025	No mitochondrial presequence	73(MPP)	0.055	32-36,46-50	3-12-low	-	-	-	-	-	-	-	-	-	-	-	-	-	-	
synMTS_2_189_atp8	0.015	No mitochondrial presequence	89(MPP)	-0.022		7-16-low	-	-	-	-	-	-	-	-	-	-	-	-	-	-	
synMTS_2_190_atp8	0.011	No mitochondrial presequence	16(MPP)	0.000		1-10-high	-	-	-	-	-	-	-	-	-	-	-	-	-	-	
synMTS_2_191_atp8	0.009	No mitochondrial presequence	41(MPP)	-0.073	64-68,68-72,71-75,92-96	6-16-high	-	-	-	-	-	-	-	2-7	-	1-6	-	-	-	-	
synMTS_2_192_atp8	0.042	No mitochondrial presequence	71(MPP)	-0.042		2-11-low	-	-	-	-	-	-	2-7	-	-	1-6	-	-	-	-	
synMTS_2_193_atp8	0.074	No mitochondrial presequence	80(MPP)	0.150	77-81	12-21-high	-	-	-	-	-	-	-	-	-	-	-	-	-	-	
synMTS_2_194_atp8	0.006	No mitochondrial presequence	58(MPP)	-0.017	55-59,94-98	14-23-low	-	-	-	-	-	-	-	-	-	-	-	-	-	-	
synMTS_2_195_atp8	0.007	No mitochondrial presequence	71(MPP)	-0.028		1-10-low	-	-	-	-	-	-	-	-	-	-	-	-	-	-	
synMTS_2_196_atp8	0.003	No mitochondrial presequence	86(MPP)	0.012	38-42,83-87	15-24-low	-	-	-	-	-	-	-	-	-	-	-	-	-	-	
synMTS_2_197_atp8	0.001	No mitochondrial presequence	71(MPP)	-0.014	68-72	4-13-low	-	-	-	-	-	-	-	-	-	-	-	-	-	-	
synMTS_2_198_atp8	0.008	No mitochondrial presequence	51(MPP)	0.039	87-91,92-96	11-23-low	-	-	-	-	-	-	-	-	-	-	-	-	-	-	
synMTS_2_199_atp8	0.001	No mitochondrial presequence	72(MPP), 80(Oct1)	-0.014	1-5,58-62	21-30-low	-	-	-	-	-	-	-	-	-	-	-	-	-	-	
synMTS_2_200_atp8	0.043	No mitochondrial presequence	39(MPP), 40(Icp55)	0.128	64-68	17-26-low	-	-	-	-	-	-	-	-	20-25	-	-	-	-	-	
synMTS_3_001_atp8	0.018	No mitochondrial presequence	69(MPP)	0.130	16-20	4-14-low	-	-	-	-	-	-	-	-	-	-	-	-	-	-	
synMTS_3_002_atp8	0.003	No mitochondrial presequence	19(MPP)	0.211	47-51,62-66,89-93	1-10-low	-	-	-	-	-	-	-	-	-	-	-	-	-	-	
synMTS_3_003_atp8	0.001	No mitochondrial presequence	6(MPP)	-0.167		6-17-high	-	-	-	-	-	-	-	-	-	-	-	-	-	-	
synMTS_3_004_atp8	0.007	No mitochondrial presequence	95(MPP)	0.105	2-6,92-96	6-15-low	-	-	-	-	-	-	-	-	-	-	-	-	-	-	
synMTS_3_005_atp8	0.017	No mitochondrial presequence	37(MPP), 38(Icp55)	0.162		9-18-low	-	-	-	-	-	-	-	-	-	-	-	-	-	-	
synMTS_3_006_atp8	0.016	No mitochondrial presequence	49(MPP)	0.102	89-93	12-21-low	-	-	-	-	-	-	-	-	-	1-6	-	-	-	-	
synMTS_3_007_atp8	0.043	No mitochondrial presequence	61(MPP)	0.164	24-28	20-29-high	-	-	-	-	-	-	-	-	-	-	-	-	-	-	
synMTS_3_008_atp8	0.040	No mitochondrial presequence	53(MPP)	0.208	21-25,88-92,93-97	15-24-high	-	-	-	-	-	-	-	-	-	-	-	-	-	-	
synMTS_3_009_atp8	0.038	No mitochondrial presequence	87(MPP)	0.126	1-5,18-22,46-50,84-88,89-93	1-10-high	-	-	-	-	-	-	-	-	-	-	-	-	-	-	
synMTS_3_010_atp8	0.126	No mitochondrial presequence	81(MPP)	0.123	1-5,78-82,83-87	20-29-high	-	-	-	-	1-6	-	-	-	-	-	-	-	-	-	
synMTS_3_011_atp8	0.011	No mitochondrial presequence	45(MPP)	0.244	81-85,86-90	1-12-high	-	-	-	-	-	-	-	-	-	-	-	-	-	-	
synMTS_3_012_atp8	0.002	No mitochondrial presequence	90(MPP)	0.111		18-28-low	-	-	-	-	-	-	-	-	-	-	-	-	-	-	
synMTS_3_013_atp8	0.050	No mitochondrial presequence	46(MPP), 47(Icp55)	0.174		6-15-high	-	-	-	-	-	-	-	-	-	-	-	-	-	-	
synMTS_3_014_atp8	0.038	No mitochondrial presequence	78(MPP)	0.128		11-20-high	-	-	-	-	-	-	-	-	-	-	-	-	-	-	
synMTS_3_015_atp8	0.017	No mitochondrial presequence	47(MPP)	0.213	82-86,87-91	21-30-low	-	-	-	-	-	-	-	-	-	-	-	-	-	-	
synMTS_3_016_atp8	0.040	No mitochondrial presequence	31(MPP)	0.097	69-73	13-22-low	-	-	-	-	-	-	-	-	-	-	-	-	-	-	
synMTS_3_017_atp8	0.034	No mitochondrial presequence	94(MPP)	0.106	56-60,88-92,91-95	3-13-low	-	-	-	-	-	-	-	-	-	-	-	-	-	-	
synMTS_3_018_atp8	0.050	No mitochondrial presequence	50(MPP)	0.180	32-36,35-39,39-43,86-90,91-95	19-28-low	-	-	-	-	-	-	-	-	-	-	-	-	-	-	
synMTS_3_019_atp8	0.033	No mitochondrial presequence	89(MPP)	0.112	86-90,91-95	8-17-high	-	-	-	-	-	-	-	-	-	-	-	-	-	-	
synMTS_3_020_atp8	0.032	No mitochondrial presequence	51(MPP)	0.196	23-27,86-90,91-95	20-29-high	-	-	-	-	-	-	-	-	-	-	-	-	-	-	
synMTS_3_021_atp8	0.017	No mitochondrial presequence	87(MPP)	0.115	61-65,84-88	1-10-high	-	-	-	-	-	-	-	-	-	-	10-15	-	-	-	
synMTS_3_022_atp8	0.040	No mitochondrial presequence	53(MPP)	0.170	1-5,50-54,88-92,93-97	9-18-low	-	-	-	-	-	-	-	-	-	-	-	-	-	-	
synMTS_3_023_atp8	0.001	No mitochondrial presequence	22(MPP)	-0.045	30-34,56-60	12-21-low	-	-	-	-	-	-	-	-	-	-	-	-	-	-	
synMTS_3_024_atp8	0.027	No mitochondrial presequence	43(MPP)	0.209	79-83,84-88	9-18-low	-	-	-	-	-	-	-	-	-	-	-	-	-	-	
synMTS_3_025_atp8	0.022	No mitochondrial presequence	48(MPP)	0.188	84-88,89-93	14-23-low	-	-	-	-	-	-	-	-	-	-	-	-	-	-	
synMTS_3_026_atp8	0.006	No mitochondrial presequence	43(MPP)	0.233	79-83,84-88	21-30-low	-	-	-	-	-	-	-	-	-	-	-	-	-	-	
synMTS_3_027_atp8	0.012	No mitochondrial presequence	32(MPP)	0.062	20-24,32-36	19-28-low	-	-	-	-	-	-	-	-	-	-	-	-	-	-	
synMTS_3_028_atp8	0.014	No mitochondrial presequence	6(MPP)	0.000	9-13	6-15-high	-	-	-	-	-	-	-	-	-	-	-	8-13	9-14	-	
synMTS_3_029_atp8	0.018	No mitochondrial presequence	13(MPP)	-0.154	19-23,40-44,92-96	18-27-high	-	-	-	-	-	-	-	-	-	-	-	-	-	-	
synMTS_3_030_atp8	0.009	No mitochondrial presequence	6(MPP)	-0.167	58-62,80-84	14-23-low	-	-	-	-	-	-	-	-	-	-	-	-	-	-	
synMTS_3_031_atp8	0.009	No mitochondrial presequence	68(MPP)	0.147	16-20,27-31	13-22-low	-	-	-	-	-	-	-	-	-	-	-	-	-	-	
synMTS_3_032_atp8	0.287	No mitochondrial presequence	51(MPP)	0.216	87-91,92-96	3-12-low	-	-	-	-	-	-	-	-	-	-	-	-	-	-	
synMTS_3_033_atp8	0.050	No mitochondrial presequence	44(MPP)	0.205	14-18,41-45,80-84,85-89	17-26-low	-	-	-	-	-	-	-	-	-	-	-	-	-	-	
synMTS_3_034_atp8	0.040	No mitochondrial presequence	83(MPP)	0.133	35-39,41-45,80-84,85-89	2-12-high	-	-	-	-	-	-	-	-	-	-	-	-	-	-	
synMTS_3_035_atp8	0.036	No mitochondrial presequence	67(MPP)	0.134	22-26,64-68	6-15-low	-	-	-	-	-	-	-	-	-	-	-	-	-	-	
synMTS_3_036_atp8	0.025	No mitochondrial presequence	76(MPP)	0.118	12-16	9-18-low	-	-	-	-	-	-	-	-	-	-	-	-	-	-	
synMTS_3_037_atp8	0.003	No mitochondrial presequence	95(MPP)	0.095	23-27,92-96	17-26-high	-	-	-	-	-	-	-	-	-	-	-	-	-	-	
synMTS_3_038_atp8	0.013	No mitochondrial presequence	51(MPP)	0.176	87-91,92-96	21-30-low	-	-	-	-	-	-	-	-	1-6	-	-	-	-	-	
synMTS_3_039_atp8	0.042	No mitochondrial presequence	95(MPP)	0.095	15-19,92-96	14-23-high	-	-	-	-	-	-	-	-	-	-	-	-	-	-	
synMTS_3_040_atp8	0.029	No mitochondrial presequence	5(MPP)	-0.400	7-11,12-16,75-79,95-99	7-16-high	-	-	-	-	-	-	-	-	10-15	-	-	-	-	-	
synMTS_3_041_atp8	0.009	No mitochondrial presequence	9(MPP)	-0.111		20-29-low	-	-	-	-	-	-	-	-	-	-	-	-	-	-	
synMTS_3_042_atp8	0.159	No mitochondrial presequence	91(MPP)	0.110	88-92,93-97	12-21-low	-	-	-	-	-	-	-	-	-	-	-	-	-	-	
synMTS_3_043_atp8	0.003	No mitochondrial presequence	95(MPP)	0.095		21-30-low	-	-	-	-	-	-	-	-	-	-	-	-	-	-	
synMTS_3_044_atp8	0.006	No mitochondrial presequence	6(MPP)	0.000	32-36	2-11-low	-	-	-	-	-	-	-	-	-	-	-	-	-	-	
synMTS_3_045_atp8	0.140	No mitochondrial presequence	73(MPP)	0.137	5-9,8-12,14-18	1-10-high	-	-	-	-	5-10	-	-	-	12-17	-	11-16	-	-	-	
synMTS_3_046_atp8	0.026	No mitochondrial presequence	90(MPP)	0.111	88-92	11-20-high	-	-	-	-	-	-	-	12-17	-	-	-	-	-	-	
synMTS_3_047_atp8	0.009	No mitochondrial presequence	56(MPP)	0.161	21-25,24-28,53-57,91-95,96-100	19-28-high	-	-	-	-	-	-	-	-	-	-	-	-	-	-	
synMTS_3_048_atp8	0.022	No mitochondrial presequence	81(MPP)	0.111	57-61	7-16-high	13-18	-	-	-	-	-	-	-	-	-	-	-	-	-	
synMTS_3_049_atp8	0.005	No mitochondrial presequence	80(MPP)	0.125	21-25,31-35	17-26-low	-	-	-	-	-	-	-	-	-	-	-	-	-	-	
synMTS_3_050_atp8	0.070	No mitochondrial presequence	53(MPP)	0.151	89-93,94-98	13-22-high	-	-	-	-	-	-	-	-	-	-	5-10	-	-	-	
synMTS_3_051_atp8	0.017	No mitochondrial presequence	81(MPP)	0.123		12-21-high	-	-	-	-	-	-	-	-	-	-	-	-	-	-	
synMTS_3_052_atp8	0.026	No mitochondrial presequence	70(MPP)	0.143	30-34,49-53	1-12-high	-	-	-	-	-	-	-	-	-	-	-	-	-	-	
synMTS_3_053_atp8	0.001	No mitochondrial presequence	30(MPP)	-0.067	15-19,60-64	15-28-low	-	-	-	-	-	-	-	-	-	-	-	-	-	-	
synMTS_3_054_atp8	0.029	No mitochondrial presequence	16(MPP)	0.312		2-11-high	-	-	-	-	-	-	-	-	-	-	-	-	-	-	
synMTS_3_055_atp8	0.008	No mitochondrial presequence	87(MPP)	0.115	53-57,56-60,62-66	21-30-low	-	-	-	-	-	-	-	-	-	-	-	-	-	-	
synMTS_3_056_atp8	0.001	No mitochondrial presequence	89(MPP)	0.112		19-28-low	-	-	-	-	-	-	-	-	-	-	-	-	-	-	
synMTS_3_057_atp8	0.031	No mitochondrial presequence	54(MPP)	0.167	45-49,51-55,89-93,94-98	14-23-high	-	-	-	-	-	-	-	-	-	-	-	-	-	-	
synMTS_3_058_atp8	0.025	No mitochondrial presequence	74(MPP)	0.122		10-19-low	-	-	-	-	-	-	-	-	-	-	-	-	-	-	
synMTS_3_059_atp8	0.016	No mitochondrial presequence	8(MPP)	0.375		16-25-low	-	-	-	-	-	-	-	-	-	-	-	-	-	-	
synMTS_3_060_atp8	0.011	No mitochondrial presequence	95(MPP)	0.116	43-47,92-96	8-17-low	-	-	-	-	-	-	-	-	-	-	-	-	-	-	
synMTS_3_061_atp8	0.001	No mitochondrial presequence	6(MPP)	-0.167	92-96	6-15-low	-	-	-	-	-	-	-	-	-	-	-	-	-	-	
synMTS_3_062_atp8	0.016	No mitochondrial presequence	87(MPP)	0.103	84-88,89-93	20-29-high	-	-	-	-	-	-	-	-	-	-	-	-	-	-	
synMTS_3_063_atp8	0.018	No mitochondrial presequence	25(MPP), 33(Oct1)	0.040	40-44,46-50,88-92	1-10-low	-	-	-	-	-	-	-	-	-	-	-	-	-	-	
synMTS_3_064_atp8	0.002	No mitochondrial presequence	13(MPP), 14(Icp55)	0.154	31-35,47-51,71-75	6-16-low	-	-	-	-	-	-	-	-	-	-	-	-	-	-	
synMTS_3_065_atp8	0.003	No mitochondrial presequence	27(MPP)	0.148	4-8,23-27,70-74,73-77,78-82,88-92	19-28-high	-	-	-	-	-	-	-	-	-	-	-	-	-	-	
synMTS_3_066_atp8	0.018	No mitochondrial presequence	69(MPP)	0.145		21-30-low	-	-	-	-	-	-	-	-	-	-	-	-	-	-	
synMTS_3_067_atp8	0.044	No mitochondrial presequence	72(MPP)	0.125		11-20-high	-	-	-	-	-	-	-	-	-	-	-	-	-	-	
synMTS_3_068_atp8	0.035	No mitochondrial presequence	40(MPP)	0.250	76-80,81-85	17-26-high	-	-	-	-	-	-	-	-	-	-	-	-	-	-	
synMTS_3_069_atp8	0.067	No mitochondrial presequence	63(MPP)	0.143	14-18,28-32	16-25-low	-	-	-	-	-	-	-	-	-	-	-	-	-	-	
synMTS_3_070_atp8	0.075	No mitochondrial presequence	66(MPP)	0.136	7-11	6-15-high	-	-	-	-	7-12	-	-	10-15	-	-	-	-	-	-	
synMTS_3_071_atp8	0.026	No mitochondrial presequence	81(MPP)	0.123	78-82,83-87	14-23-high	-	-	-	-	-	-	-	-	-	-	-	-	-	-	
synMTS_3_072_atp8	0.033	No mitochondrial presequence	42(MPP)	0.238	39-43,78-82,83-87	10-19-high	-	-	-	-	-	-	-	-	-	-	-	-	-	-	
synMTS_3_073_atp8	0.035	No mitochondrial presequence	93(MPP), 94(Icp55)	0.086	40-44,87-91,90-94	1-10-high	-	-	-	-	-	-	8-13	-	-	7-12	-	-	-	-	
synMTS_3_074_atp8	0.049	No mitochondrial presequence	69(MPP)	0.145	59-63,66-70	9-19-low	-	-	-	-	-	-	-	-	-	-	-	-	-	-	
synMTS_3_075_atp8	0.001	No mitochondrial presequence	74(MPP)	0.122	33-37	17-26-high	-	-	-	-	-	-	-	-	-	-	-	-	-	-	
synMTS_3_076_atp8	0.027	No mitochondrial presequence	72(MPP)	0.125	21-25,42-46	6-19-low	-	-	-	-	-	-	-	-	-	-	-	-	-	-	
synMTS_3_077_atp8	0.035	No mitochondrial presequence	60(MPP)	0.150	27-31,45-49,95-99	6-16-high	-	-	-	-	-	-	-	-	-	-	-	-	-	-	
synMTS_3_078_atp8	0.015	No mitochondrial presequence	57(MPP)	0.158	92-96	21-30-low	-	-	-	-	-	-	-	-	-	-	-	-	-	-	
synMTS_3_079_atp8	0.014	No mitochondrial presequence	77(MPP)	0.143	6-10,27-31,36-40	1-10-low	-	-	-	-	-	-	-	-	-	-	-	5-10	-	-	
synMTS_3_080_atp8	0.045	No mitochondrial presequence	89(MPP)	0.112	50-54	4-13-high	-	-	-	-	-	3-8	-	-	-	2-7	-	-	-	-	
synMTS_3_081_atp8	0.017	No mitochondrial presequence	69(MPP)	0.130	31-35	1-10-low	-	-	-	-	-	-	-	-	-	-	-	-	-	-	
synMTS_3_082_atp8	0.163	No mitochondrial presequence	63(MPP)	0.222	32-36,55-59	15-24-high	-	-	-	-	-	-	-	-	-	-	-	-	-	-	
synMTS_3_083_atp8	0.017	No mitochondrial presequence	51(MPP)	0.176	20-24,87-91,92-96	20-30-low	-	-	-	-	-	-	-	-	-	-	-	-	-	-	
synMTS_3_084_atp8	0.072	No mitochondrial presequence	90(MPP)	0.111	29-33,37-41,87-91,92-96	1-10-low	-	-	-	-	-	-	-	-	-	-	-	-	-	-	
synMTS_3_085_atp8	0.017	No mitochondrial presequence	89(MPP)	0.101	69-73,94-98	12-24-low	-	-	-	-	-	-	-	-	-	-	-	-	-	-	
synMTS_3_086_atp8	0.035	No mitochondrial presequence	7(MPP)	0.571	71-75,79-83	1-10-high	-	-	-	-	-	-	-	-	-	-	-	-	-	-	
synMTS_3_087_atp8	0.023	No mitochondrial presequence	71(MPP)	0.127		15-24-low	-	-	-	-	-	-	-	-	-	-	-	-	-	-	
synMTS_3_088_atp8	0.035	No mitochondrial presequence	95(MPP)	0.095	40-44,43-47	1-12-low	-	10-15	-	-	-	-	-	-	-	-	-	-	-	-	
synMTS_3_089_atp8	0.003	No mitochondrial presequence	45(MPP)	-0.067		2-11-low	-	-	-	-	-	-	-	-	-	-	-	-	-	-	
synMTS_3_090_atp8	0.022	No mitochondrial presequence	71(MPP)	0.155	25-29,60-64	21-30-high	-	-	-	-	-	-	-	-	-	-	-	-	-	-	
synMTS_3_091_atp8	0.020	No mitochondrial presequence	84(MPP)	0.095		1-11-low	-	-	-	-	-	-	-	-	-	-	-	-	-	-	
synMTS_3_092_atp8	0.034	No mitochondrial presequence	23(MPP)	0.174		5-14-low	-	-	-	-	-	-	-	-	-	-	-	-	-	-	
synMTS_3_093_atp8	0.074	No mitochondrial presequence	28(MPP), 29(Icp55)	0.071	52-56	11-20-high	-	-	-	-	-	-	16-21	-	-	15-20	-	-	-	-	
synMTS_3_094_atp8	0.003	No mitochondrial presequence	95(MPP)	0.105	8-12,16-20,63-67	8-20-high	-	-	-	-	-	-	-	-	-	-	-	-	-	-	
synMTS_3_095_atp8	0.006	No mitochondrial presequence	26(MPP)	0.231		13-23-high	-	-	-	-	-	-	-	-	-	-	-	-	-	-	
synMTS_3_096_atp8	0.016	No mitochondrial presequence	8(MPP)	0.375	14-18,80-84	2-11-high	-	-	-	-	14-19	-	-	-	-	-	-	-	-	-	
synMTS_3_097_atp8	0.035	No mitochondrial presequence	70(MPP)	0.143	41-45	20-29-high	-	-	-	-	-	-	-	-	-	-	-	-	-	-	
synMTS_3_098_atp8	0.028	No mitochondrial presequence	25(MPP)	0.080	81-85	7-16-low	-	-	-	-	-	-	-	-	-	-	-	-	-	-	
synMTS_3_099_atp8	0.005	No mitochondrial presequence	85(MPP)	0.106	82-86	10-19-high	-	-	-	-	-	-	-	-	-	-	-	-	-	-	
synMTS_3_100_atp8	0.004	No mitochondrial presequence	22(MPP)	0.091	42-46,72-76,86-90	11-20-high	-	-	-	-	-	-	-	-	-	-	-	-	-	-	
synMTS_3_101_atp8	0.001	No mitochondrial presequence	95(MPP)	0.095	88-92	6-15-low	-	-	-	-	-	-	-	-	-	-	-	-	-	-	
synMTS_3_102_atp8	0.006	No mitochondrial presequence	10(MPP)	0.100	24-28,43-47	1-10-high	-	-	-	-	-	-	-	-	-	-	-	-	-	-	
synMTS_3_103_atp8	0.205	No mitochondrial presequence	44(MPP)	0.250	2-6,80-84,85-89	1-10-high	-	-	-	-	-	-	-	-	-	-	-	-	-	-	
synMTS_3_104_atp8	0.033	No mitochondrial presequence	35(MPP)	0.057	81-85	18-29-low	-	-	-	-	-	-	-	-	-	-	-	-	-	-	
synMTS_3_105_atp8	0.006	No mitochondrial presequence	95(MPP)	0.095	65-69	1-13-low	-	-	-	-	-	-	-	-	-	-	-	-	-	-	
synMTS_3_106_atp8	0.095	No mitochondrial presequence	80(MPP)	0.125	17-21	15-24-high	-	-	-	-	-	-	-	-	-	-	-	-	-	-	
synMTS_3_107_atp8	0.078	No mitochondrial presequence	50(MPP)	0.140	25-29,56-60,81-85,94-98	1-10-low	-	-	-	-	25-30	-	-	-	-	-	-	-	-	-	
synMTS_3_108_atp8	0.006	No mitochondrial presequence	45(MPP)	0.044	9-13,79-83	17-26-low	-	-	-	-	-	-	-	-	-	-	-	-	-	-	
synMTS_3_109_atp8	0.024	No mitochondrial presequence	63(MPP)	0.143		17-26-high	-	-	-	-	-	-	-	-	-	-	-	-	-	-	
synMTS_3_110_atp8	0.009	No mitochondrial presequence	95(MPP)	0.095		18-27-high	-	-	-	-	-	-	-	-	-	-	-	-	-	-	
synMTS_3_111_atp8	0.038	No mitochondrial presequence	77(MPP)	0.130	22-26	15-24-low	-	-	-	-	-	-	-	-	-	-	-	-	-	-	
synMTS_3_112_atp8	0.005	No mitochondrial presequence	91(MPP)	0.099	32-36,80-84	6-15-low	-	-	9-14	-	-	-	-	-	-	-	-	-	-	-	
synMTS_3_113_atp8	0.107	No mitochondrial presequence	66(MPP)	0.136	27-31	20-29-high	-	-	-	-	-	-	-	-	-	-	-	-	-	-	
synMTS_3_114_atp8	0.011	No mitochondrial presequence	13(MPP)	0.154	7-11,20-24,45-49,92-96	3-12-high	-	-	8-13	-	7-12	-	-	-	-	-	-	-	-	-	
synMTS_3_115_atp8	0.031	No mitochondrial presequence	71(MPP)	0.141	44-48	1-10-low	-	-	-	-	-	-	-	-	-	-	-	-	-	-	
synMTS_3_116_atp8	0.015	No mitochondrial presequence	77(MPP)	0.117	40-44,49-53	21-30-low	-	-	-	-	-	-	-	-	-	-	-	-	-	-	
synMTS_3_117_atp8	0.006	No mitochondrial presequence	78(MPP)	0.128	3-7	2-11-high	-	-	-	-	-	-	-	-	-	-	-	-	-	-	
synMTS_3_118_atp8	0.002	No mitochondrial presequence	44(MPP)	0.023	77-81	20-29-low	-	-	-	-	-	-	-	-	-	-	-	-	-	-	
synMTS_3_119_atp8	0.015	No mitochondrial presequence	35(MPP)	0.114	1-5	1-11-low	-	-	-	-	-	-	-	-	-	-	-	-	-	-	
synMTS_3_120_atp8	0.067	No mitochondrial presequence	94(MPP)	0.106	65-69	11-20-high	-	-	-	-	-	-	-	-	-	-	-	-	-	-	
synMTS_3_121_atp8	0.007	No mitochondrial presequence	66(MPP)	0.136		4-13-low	-	-	-	-	-	-	-	-	-	-	-	-	-	-	
synMTS_3_122_atp8	0.043	No mitochondrial presequence	13(MPP)	0.077	49-53,52-56,63-67,80-84,91-95	1-10-high	-	-	-	-	-	-	-	-	-	-	-	-	-	-	
synMTS_3_123_atp8	0.015	No mitochondrial presequence	51(MPP)	0.078		19-28-high	-	-	-	-	-	-	-	-	-	-	-	-	-	-	
synMTS_3_124_atp8	0.018	No mitochondrial presequence	11(MPP)	-0.091	34-38,55-59,77-81	3-12-low	-	-	-	-	-	-	-	-	-	-	-	-	-	-	
synMTS_3_125_atp8	0.010	No mitochondrial presequence	91(MPP)	0.099		1-10-high	-	-	-	-	-	-	-	-	-	-	-	-	-	-	
synMTS_3_126_atp8	0.010	No mitochondrial presequence	93(MPP)	0.108	15-19,90-94	18-28-high	-	-	-	-	-	-	-	-	-	-	-	-	-	-	
synMTS_3_127_atp8	0.039	No mitochondrial presequence	92(MPP)	0.109	50-54	21-30-low	-	-	-	4-9	-	-	-	-	-	-	-	-	-	-	
synMTS_3_128_atp8	0.065	No mitochondrial presequence	67(MPP)	0.149	60-64	1-10-high	-	-	-	-	-	-	-	-	-	-	-	-	-	-	
synMTS_3_129_atp8	0.028	No mitochondrial presequence	47(MPP)	0.191	27-31,31-35,83-87,88-92	13-22-low	-	-	-	-	-	-	-	-	-	-	-	-	-	-	
synMTS_3_130_atp8	0.087	No mitochondrial presequence	89(MPP)	0.101	17-21,50-54	12-21-low	-	-	-	-	-	-	-	-	-	-	-	-	-	-	
synMTS_3_131_atp8	0.020	No mitochondrial presequence	82(MPP)	0.134	25-29,31-35,79-83,84-88	19-28-low	-	-	-	-	-	-	-	-	-	-	-	-	-	-	
synMTS_3_132_atp8	0.103	No mitochondrial presequence	82(MPP)	0.146	79-83,84-88	20-29-high	-	-	-	-	-	-	-	-	-	-	7-12	-	-	-	
synMTS_3_133_atp8	0.004	No mitochondrial presequence	31(MPP)	0.129	72-76,91-95	18-27-high	-	-	-	-	-	-	-	-	-	-	-	-	-	-	
synMTS_3_134_atp8	0.036	No mitochondrial presequence	46(MPP)	0.217	43-47,81-85,86-90	21-30-low	-	-	-	-	-	-	-	-	-	-	-	-	-	-	
synMTS_3_135_atp8	0.007	No mitochondrial presequence	10(MPP)	0.400	12-16,41-45	15-24-low	-	-	-	-	-	-	-	-	-	-	-	-	-	-	
synMTS_3_136_atp8	0.091	No mitochondrial presequence	90(MPP)	0.100	3-7,22-26,35-39,87-91,92-96	17-26-high	-	-	-	-	-	-	-	-	-	-	-	-	-	-	
synMTS_3_137_atp8	0.033	No mitochondrial presequence	53(MPP)	0.189	50-54,88-92,93-97	18-27-low	-	-	-	-	-	-	-	-	-	-	-	-	-	-	
synMTS_3_138_atp8	0.001	No mitochondrial presequence	5(MPP)	0.400	37-41,55-59,58-62	15-25-low	-	-	-	-	-	-	-	-	-	-	-	-	-	-	
synMTS_3_139_atp8	0.052	No mitochondrial presequence	71(MPP)	0.141	5-9,19-23	1-10-high	-	-	-	-	-	-	-	-	-	-	-	18-23	-	-	
synMTS_3_140_atp8	0.035	No mitochondrial presequence	91(MPP)	0.121	11-15,88-92,93-97	10-19-high	-	-	-	-	-	-	-	-	-	-	-	-	-	-	
synMTS_3_141_atp8	0.003	No mitochondrial presequence	6(MPP)	0.500		14-25-high	-	-	-	-	-	-	-	-	-	-	-	-	-	-	
synMTS_3_142_atp8	0.050	No mitochondrial presequence	64(MPP)	0.125	21-25,40-44	21-30-high	-	-	-	-	-	-	-	-	-	-	-	-	21-26	-	
synMTS_3_143_atp8	0.014	No mitochondrial presequence	38(MPP)	0.079	9-13,30-34,51-55	17-26-high	-	-	-	-	-	-	-	-	-	-	-	-	-	-	
synMTS_3_144_atp8	0.029	No mitochondrial presequence	33(MPP)	0.152	7-11,30-34,53-57	6-15-low	-	-	-	-	-	-	-	-	-	-	-	-	-	-	
synMTS_3_145_atp8	0.007	No mitochondrial presequence	18(MPP)	0.000	24-28,43-47,92-96	14-23-low	-	-	-	-	-	-	-	-	-	-	-	-	-	-	
synMTS_3_146_atp8	0.016	No mitochondrial presequence	67(MPP)	0.134		16-25-high	-	-	-	-	-	-	-	-	-	-	-	-	-	-	
synMTS_3_147_atp8	0.025	No mitochondrial presequence	15(MPP)	0.333	44-48	8-19-low	-	22-27	-	-	-	-	-	-	-	-	-	-	-	-	
synMTS_3_148_atp8	0.097	No mitochondrial presequence	44(MPP)	0.227	17-21,28-32,80-84,85-89	12-21-low	-	-	-	-	-	-	-	-	-	-	-	-	-	-	
synMTS_3_149_atp8	0.074	No mitochondrial presequence	95(MPP)	0.116	1-5,14-18,21-25,92-96	16-25-high	-	-	-	-	21-26	-	-	-	-	-	-	-	-	-	
synMTS_3_150_atp8	0.004	No mitochondrial presequence	39(MPP)	0.179		10-19-low	-	-	-	-	-	-	-	-	-	-	-	-	-	-	
synMTS_3_151_atp8	0.042	No mitochondrial presequence	93(MPP)	0.118		12-21-low	-	-	-	-	-	-	-	-	-	-	-	-	-	-	
synMTS_3_152_atp8	0.088	No mitochondrial presequence	44(MPP)	0.227	5-9,79-83,84-88	19-30-high	-	-	-	-	-	8-13	-	-	-	-	-	-	-	-	
synMTS_3_153_atp8	0.027	No mitochondrial presequence	59(MPP)	0.153	42-46,46-50,95-99	8-17-high	-	-	-	-	-	-	-	-	-	-	-	-	-	-	
synMTS_3_154_atp8	0.021	No mitochondrial presequence	59(MPP)	0.169	5-9,35-39,44-48,94-98	1-10-high	-	-	-	-	-	-	-	-	3-8	-	-	-	-	-	
synMTS_3_155_atp8	0.160	No mitochondrial presequence	81(MPP)	0.148	78-82,83-87	19-28-high	-	-	-	-	-	-	-	-	-	-	-	-	-	-	
synMTS_3_156_atp8	0.002	No mitochondrial presequence	85(MPP)	0.118	64-68	21-30-low	-	-	-	-	-	-	-	-	-	-	-	-	-	-	
synMTS_3_157_atp8	0.008	No mitochondrial presequence	73(MPP)	0.123		1-10-high	-	-	-	-	-	-	-	-	-	-	-	-	-	-	
synMTS_3_158_atp8	0.025	No mitochondrial presequence	10(MPP)	0.000	88-92	15-24-low	-	-	-	-	-	-	-	-	-	-	-	-	-	-	
synMTS_3_159_atp8	0.003	No mitochondrial presequence	12(MPP)	0.000	1-5,78-82	5-14-low	-	-	-	-	-	-	-	-	-	-	-	-	-	-	
synMTS_3_160_atp8	0.011	No mitochondrial presequence	71(MPP)	0.141	9-13,61-65	4-13-low	-	-	-	-	-	-	-	-	-	-	-	-	-	-	
synMTS_3_161_atp8	0.047	No mitochondrial presequence	84(MPP)	0.131	32-36,62-66	5-14-low	-	-	-	-	-	-	-	-	-	-	-	-	-	-	
synMTS_3_162_atp8	0.010	No mitochondrial presequence	88(MPP)	0.102	4-8	1-10-low	-	-	-	-	-	-	-	-	-	-	-	-	-	-	
synMTS_3_163_atp8	0.001	No mitochondrial presequence	36(MPP)	0.111	56-60	14-24-low	-	-	-	-	-	-	-	-	-	-	-	-	-	-	
synMTS_3_164_atp8	0.000	No mitochondrial presequence	61(MPP)	0.131	28-32,58-62	4-13-low	-	-	-	-	-	-	-	-	-	-	-	-	-	-	
synMTS_3_165_atp8	0.009	No mitochondrial presequence	39(MPP)	0.256	75-79,80-84	17-26-high	-	-	-	-	-	-	-	-	-	-	-	-	-	-	
synMTS_3_166_atp8	0.011	No mitochondrial presequence	6(MPP)	0.000		21-30-low	-	-	-	-	-	-	-	-	-	-	-	-	-	-	
synMTS_3_167_atp8	0.025	No mitochondrial presequence	71(MPP)	0.141	13-17,28-32	9-18-high	-	-	-	-	-	-	-	-	-	-	-	-	-	-	
synMTS_3_168_atp8	0.032	No mitochondrial presequence	50(MPP)	0.100	21-25,64-68,90-94	8-17-high	-	-	-	-	-	-	-	-	-	-	-	-	-	-	
synMTS_3_169_atp8	0.072	No mitochondrial presequence	50(MPP)	0.180	86-90,91-95	3-12-low	-	-	-	-	-	-	-	-	-	-	-	-	-	-	
synMTS_3_170_atp8	0.025	No mitochondrial presequence	45(MPP)	0.200	42-46,81-85,86-90	19-28-low	-	-	-	-	-	-	-	-	-	-	-	-	-	-	
synMTS_3_171_atp8	0.049	No mitochondrial presequence	45(MPP)	0.200	2-6,81-85,86-90	16-25-high	-	-	-	-	-	-	-	-	-	-	-	-	-	-	
synMTS_3_172_atp8	0.001	No mitochondrial presequence	11(MPP)	0.000		1-10-low	-	-	-	-	-	-	-	-	-	-	-	-	-	-	
synMTS_3_173_atp8	0.080	No mitochondrial presequence	78(MPP)	0.128	12-16,34-38,60-64	12-21-high	-	-	-	13-18	-	-	-	-	-	-	-	-	-	-	
synMTS_3_174_atp8	0.004	No mitochondrial presequence	75(MPP)	0.120	6-10,32-36	2-11-high	-	-	-	-	-	-	-	-	-	-	-	-	-	-	
synMTS_3_175_atp8	0.036	No mitochondrial presequence	36(MPP)	0.083	6-10,86-90,90-94	15-24-high	-	-	-	-	-	-	-	-	-	-	-	-	-	-	
synMTS_3_176_atp8	0.081	No mitochondrial presequence	67(MPP)	0.164		1-10-low	-	-	-	-	-	-	14-19	-	-	13-18	-	-	-	-	
synMTS_3_177_atp8	0.052	No mitochondrial presequence	48(MPP)	0.208	1-5,33-37,84-88,89-93	21-30-high	-	-	-	-	1-6	-	-	-	-	-	-	-	-	-	
synMTS_3_178_atp8	0.008	No mitochondrial presequence	59(MPP)	0.186	16-20,94-98	1-10-low	-	-	-	-	-	-	-	-	14-19	-	-	-	-	-	
synMTS_3_179_atp8	0.096	No mitochondrial presequence	8(MPP)	0.000	20-24,28-32	13-22-high	-	-	-	-	20-25	-	-	-	-	-	-	-	-	-	
synMTS_3_180_atp8	0.069	No mitochondrial presequence	26(MPP)	0.154	46-50	20-29-low	-	-	-	-	-	-	-	-	-	-	-	-	-	-	
synMTS_3_181_atp8	0.057	No mitochondrial presequence	67(MPP)	0.134	44-48,49-53	6-15-low	-	-	-	-	-	-	-	-	-	-	-	-	-	-	
synMTS_3_182_atp8	0.028	No mitochondrial presequence	78(MPP)	0.141	75-79,80-84	1-11-low	-	-	-	-	-	-	-	-	-	-	-	-	-	-	
synMTS_3_183_atp8	0.022	No mitochondrial presequence	8(MPP), 9(Icp55)	0.125	42-46	14-23-low	-	-	-	-	-	-	-	-	-	-	-	-	-	-	
synMTS_3_184_atp8	0.028	No mitochondrial presequence	43(MPP)	0.047	10-14	9-19-low	-	-	-	-	-	-	-	-	-	-	-	-	-	-	
synMTS_3_185_atp8	0.017	No mitochondrial presequence	8(MPP)	0.000		3-12-low	-	-	-	-	-	-	-	-	-	-	-	-	-	-	
synMTS_3_186_atp8	0.119	No mitochondrial presequence	92(MPP)	0.120	72-76	17-26-low	-	-	-	-	-	-	-	-	-	-	-	-	-	-	
synMTS_3_187_atp8	0.012	No mitochondrial presequence	93(MPP)	0.108	66-70,69-73,76-80	1-10-low	-	-	-	-	-	-	-	-	-	-	-	-	-	-	
synMTS_3_188_atp8	0.028	No mitochondrial presequence	69(MPP)	0.130		16-25-low	-	-	-	-	-	-	-	-	-	-	-	-	-	-	
synMTS_3_189_atp8	0.259	No mitochondrial presequence	45(MPP)	0.200	81-85,86-90	7-16-high	-	-	-	-	-	-	-	-	-	-	-	-	-	-	
synMTS_3_190_atp8	0.031	No mitochondrial presequence	40(MPP)	0.250	2-6,38-42,76-80,81-85	1-10-high	-	-	-	-	-	-	-	-	-	-	-	-	-	-	
synMTS_3_191_atp8	0.047	No mitochondrial presequence	87(MPP)	0.126	64-68,81-85	2-11-low	-	-	-	-	-	20-25	-	-	-	19-24	-	-	-	-	
synMTS_3_192_atp8	0.013	No mitochondrial presequence	72(MPP)	0.139		1-10-low	-	-	-	-	-	-	-	-	-	-	-	-	-	-	
synMTS_3_193_atp8	0.070	No mitochondrial presequence	86(MPP)	0.105	83-87	8-18-high	-	-	-	-	-	-	-	-	-	-	-	-	-	-	
synMTS_3_194_atp8	0.094	No mitochondrial presequence	90(MPP)	0.100		8-20-low	-	-	-	-	-	-	-	-	-	-	-	-	-	-	
synMTS_3_195_atp8	0.015	No mitochondrial presequence	61(MPP)	0.148	96-100	1-10-low	-	-	-	-	-	-	-	-	-	-	-	-	-	-	
synMTS_3_196_atp8	0.007	No mitochondrial presequence	15(MPP)	-0.067	44-48,63-67,66-70	1-10-low	-	-	-	-	-	-	-	-	-	-	-	-	-	-	
synMTS_3_197_atp8	0.057	No mitochondrial presequence	57(MPP)	0.158	17-21,28-32,54-58,93-97	16-28-high	-	-	-	-	-	-	-	-	15-20	-	14-19	-	-	-	
synMTS_3_198_atp8	0.007	No mitochondrial presequence	90(MPP)	0.111	45-49	20-29-low	-	-	-	-	-	-	-	-	-	-	-	-	-	-	
synMTS_3_199_atp8	0.045	No mitochondrial presequence	88(MPP)	0.102	15-19,51-55,85-89	15-24-low	-	-	-	-	-	-	-	-	-	-	-	-	-	-	
synMTS_3_200_atp8	0.023	No mitochondrial presequence	63(MPP)	0.159		12-21-low	-	-	-	-	-	-	-	-	-	-	-	-	-	-	
synMTS_4_001_atp8	0.072	No mitochondrial presequence	88(MPP)	0.239	22-26,40-44,57-61,60-64,96-100	18-27-high	-	-	-	-	-	-	-	-	-	-	-	-	-	-	
synMTS_4_002_atp8	0.158	No mitochondrial presequence	74(MPP)	0.257	3-7,35-39,52-56,56-60,66-70	3-12-high	-	-	4-9	-	3-8	-	-	-	-	-	-	-	-	-	
synMTS_4_003_atp8	0.094	No mitochondrial presequence	87(MPP)	0.230	4-8,8-12,38-42,59-63,70-74,84-88	1-10-high	-	-	-	-	-	-	-	-	-	-	-	7-12	-	-	
synMTS_4_004_atp8	0.118	No mitochondrial presequence	7(MPP)	0.143	4-8,37-41,58-62,71-75,74-78,89-93	17-26-high	-	-	-	-	-	19-24	-	-	-	-	-	-	-	18-23	
synMTS_4_005_atp8	0.118	No mitochondrial presequence	94(MPP)	0.245	1-5,8-12,17-21,29-33,46-50,66-70,70-74,88-92,91-95	5-14-high	-	-	-	-	1-6	-	-	-	-	-	-	-	-	-	
synMTS_4_006_atp8	0.247	No mitochondrial presequence	45(MPP)	0.244	19-23,38-42,64-68,81-85	16-25-high	-	14-19	-	-	-	-	-	-	-	-	-	-	-	-	
synMTS_4_007_atp8	0.124	No mitochondrial presequence	26(MPP)	0.231	3-7,32-36,53-57,57-61,79-83	7-16-high	-	22-27	24-29	-	-	-	7-12	-	-	6-11	-	-	-	-	
synMTS_4_008_atp8	0.097	No mitochondrial presequence	31(MPP)	0.226	16-20,80-84,85-89	18-27-high	-	-	-	-	-	-	20-25	-	-	19-24	-	-	-	-	
synMTS_4_009_atp8	0.092	No mitochondrial presequence	47(MPP)	0.234	14-18,41-45,82-86,87-91	8-19-high	-	-	-	-	-	-	-	-	-	-	-	-	-	-	
synMTS_4_010_atp8	0.057	No mitochondrial presequence	60(MPP)	0.250	57-61,95-99	1-10-high	-	-	-	-	-	-	-	-	-	-	-	-	-	-	
synMTS_4_011_atp8	0.057	No mitochondrial presequence	71(MPP)	0.225	23-27	19-30-high	-	-	24-29	-	23-28	-	-	-	-	-	-	-	-	-	
synMTS_4_012_atp8	0.034	No mitochondrial presequence	52(MPP)	0.231	24-28,37-41,53-57,72-76,79-83,83-87,91-95	12-21-high	-	-	-	-	-	-	-	-	-	-	-	-	-	-	
synMTS_4_013_atp8	0.053	No mitochondrial presequence	28(MPP)	0.214	3-7,29-33,32-36,79-83,84-88,87-91,91-95,96-100	18-27-high	-	-	-	-	-	-	-	-	-	-	-	-	-	-	
synMTS_4_014_atp8	0.099	No mitochondrial presequence	73(MPP)	0.233	8-12,11-15,14-18,27-31,32-36,37-41	11-20-high	-	-	15-20	-	8-13,11-16,14-19	-	-	-	-	-	-	-	-	-	
synMTS_4_015_atp8	0.165	No mitochondrial presequence	91(MPP)	0.154	39-43,42-46,88-92,93-97	16-25-high	-	-	-	-	-	11-16	-	-	-	-	-	-	-	10-15	
synMTS_4_016_atp8	0.107	No mitochondrial presequence	74(MPP)	0.243	41-45,71-75	8-17-high	-	-	-	-	-	-	-	-	-	-	-	-	-	-	
synMTS_4_017_atp8	0.063	No mitochondrial presequence	85(MPP)	0.235	11-15,30-34,41-45,44-48,47-51	4-13-high	-	-	-	-	-	-	-	-	-	-	-	-	-	-	
synMTS_4_018_atp8	0.254	No mitochondrial presequence	55(MPP)	0.236	13-17,52-56,90-94,95-99	10-19-high	-	-	-	-	-	-	-	-	-	-	-	-	-	-	
synMTS_4_019_atp8	0.093	No mitochondrial presequence	27(MPP)	0.222	53-57,82-86,87-91,90-94	20-29-high	-	-	-	-	-	-	-	-	-	-	-	-	-	-	
synMTS_4_020_atp8	0.082	No mitochondrial presequence	48(MPP)	0.229	17-21,21-25,25-29,84-88,89-93	21-30-high	-	-	-	-	-	-	-	-	-	-	-	-	-	-	
synMTS_4_021_atp8	0.102	No mitochondrial presequence	90(MPP)	0.244	3-7,22-26,25-29,44-48,49-53,88-92	2-11-high	-	-	-	-	3-8	-	-	6-11	-	-	-	-	-	-	
synMTS_4_022_atp8	0.096	No mitochondrial presequence	36(MPP)	0.250	10-14,14-18,29-33,33-37	10-19-high	-	-	-	-	-	-	-	-	-	-	-	13-18	-	-	
synMTS_4_023_atp8	0.032	No mitochondrial presequence	29(MPP)	0.241	26-30,62-66,85-89	21-30-high	-	-	-	-	-	-	-	-	-	-	-	-	-	-	
synMTS_4_024_atp8	0.293	No mitochondrial presequence	49(MPP)	0.204	29-33,84-88,89-93	6-15-high	-	-	-	-	-	-	8-13	-	-	-	-	-	-	-	
synMTS_4_025_atp8	0.057	No mitochondrial presequence	61(MPP)	0.230	22-26,34-38,47-51,51-55,96-100	10-19-high	-	-	-	-	-	-	-	-	-	-	-	-	-	-	
synMTS_4_026_atp8	0.138	No mitochondrial presequence	62(MPP)	0.226	9-13,55-59,59-63	9-18-high	-	-	-	-	-	-	-	-	-	-	-	-	-	-	
synMTS_4_027_atp8	0.048	No mitochondrial presequence	85(MPP)	0.224	40-44,49-53	14-23-high	-	-	-	-	-	-	-	-	-	-	-	-	-	-	
synMTS_4_028_atp8	0.114	No mitochondrial presequence	40(MPP), 41(Icp55)	0.225	47-51,80-84	8-17-high	-	-	18-23	-	-	-	-	-	-	-	-	-	-	-	
synMTS_4_029_atp8	0.091	No mitochondrial presequence	89(MPP)	0.225	4-8,16-20,33-37,45-49,54-58,58-62,63-67,66-70	13-22-high	-	-	-	-	-	-	-	20-25	-	19-24	-	-	-	-	
synMTS_4_030_atp8	0.242	No mitochondrial presequence	32(MPP), 33(Icp55)	0.219	18-22,22-26,45-49,60-64,78-82	17-26-high	-	-	-	-	22-27	-	-	-	-	-	-	-	-	-	
synMTS_4_031_atp8	0.290	No mitochondrial presequence	63(MPP)	0.238	60-64	18-27-high	-	22-27	-	-	-	20-25	-	-	-	-	-	-	-	19-24	
synMTS_4_032_atp8	0.061	No mitochondrial presequence	67(MPP)	0.224	52-56,67-71	13-22-high	-	-	24-29	-	-	-	-	-	-	-	-	-	-	-	
synMTS_4_033_atp8	0.137	No mitochondrial presequence	86(MPP)	0.233	11-15,21-25	11-20-high	-	-	-	-	-	-	-	-	-	-	-	-	-	-	
synMTS_4_034_atp8	0.087	No mitochondrial presequence	87(MPP)	0.241	2-6,52-56,75-79	18-27-high	-	-	-	-	-	-	-	-	-	-	-	-	-	-	
synMTS_4_035_atp8	0.129	No mitochondrial presequence	34(MPP)	0.265	88-92,91-95	19-28-high	-	-	-	-	-	-	-	-	-	-	-	-	-	-	
synMTS_4_036_atp8	0.116	No mitochondrial presequence	65(MPP)	0.246	13-17,39-43	10-19-high	-	8-13	-	-	-	-	-	-	-	-	-	-	-	-	
synMTS_4_037_atp8	0.179	No mitochondrial presequence	63(MPP)	0.222	16-20,29-33,43-47,51-55	16-27-low	-	-	-	-	-	-	-	-	-	-	-	-	-	-	
synMTS_4_038_atp8	0.089	No mitochondrial presequence	73(MPP)	0.247	67-71	21-30-high	-	21-26	-	23-28	-	-	-	-	-	-	-	-	-	-	
synMTS_4_039_atp8	0.139	No mitochondrial presequence	48(MPP)	0.229	1-5,7-11,23-27,83-87,88-92	21-30-high	-	-	-	-	-	-	-	-	11-16	-	10-15	-	-	-	
synMTS_4_040_atp8	0.082	No mitochondrial presequence	88(MPP)	0.216	13-17,21-25,30-34,35-39,72-76,81-85,85-89	9-18-high	-	-	-	-	-	-	8-13	-	-	7-12	-	-	-	-	
synMTS_4_041_atp8	0.222	No mitochondrial presequence	94(MPP)	0.255	55-59,91-95	11-21-high	-	-	-	-	-	25-30	-	-	-	-	-	-	-	24-29	
synMTS_4_042_atp8	0.067	No mitochondrial presequence	73(MPP)	0.247	34-38,57-61	20-29-high	-	-	-	-	-	-	-	-	-	-	-	-	-	-	
synMTS_4_043_atp8	0.070	No mitochondrial presequence	86(MPP)	0.233	15-19	1-10-high	-	-	-	-	-	-	-	-	-	-	-	14-19	-	-	
synMTS_4_044_atp8	0.009	No mitochondrial presequence	68(MPP)	0.221		11-20-low	-	-	-	-	-	-	-	-	-	-	-	-	-	-	
synMTS_4_045_atp8	0.091	No mitochondrial presequence	44(MPP)	0.250	12-16,35-39,38-42,41-45,63-67,94-98	9-18-high	-	-	-	3-8,22-27	-	-	-	-	-	-	-	11-16	-	-	
synMTS_4_046_atp8	0.040	No mitochondrial presequence	95(MPP)	0.253	33-37	21-30-high	-	-	-	-	-	-	-	-	-	-	-	-	-	-	
synMTS_4_047_atp8	0.070	No mitochondrial presequence	22(MPP)	0.227	30-34,38-42	3-12-high	-	-	-	-	-	6-11,22-27	-	-	-	21-26	-	-	-	5-10	
synMTS_4_048_atp8	0.086	No mitochondrial presequence	44(MPP)	0.227	7-11,17-21,35-39,38-42,61-65,72-76,75-79,82-86,85-89	17-28-high	-	-	-	-	-	-	-	-	-	-	-	-	-	-	
synMTS_4_049_atp8	0.172	No mitochondrial presequence	37(MPP)	0.270	7-11,35-39,65-69,69-73,85-89,90-94,95-99	17-26-high	-	-	1-6	-	-	-	-	-	-	-	-	-	-	-	
synMTS_4_050_atp8	0.161	No mitochondrial presequence	67(MPP)	0.269	1-5,4-8,7-11,45-49,49-53	16-25-high	-	-	8-13	-	4-9,7-12	-	-	-	-	-	-	-	-	-	
synMTS_4_051_atp8	0.065	No mitochondrial presequence	61(MPP), 62(Icp55)	0.246	18-22,38-42,65-69,68-72,71-75	9-18-high	-	-	-	-	-	-	-	-	-	-	-	-	-	-	
synMTS_4_052_atp8	0.122	No mitochondrial presequence	90(MPP)	0.156	12-16,27-31,34-38,37-41,49-53,87-91,92-96	12-23-high	-	-	-	-	-	-	-	-	-	-	-	-	-	-	
synMTS_4_053_atp8	0.086	No mitochondrial presequence	51(MPP)	0.235	4-8,37-41,87-91,92-96	3-16-high	-	-	-	-	-	-	-	-	-	-	-	3-8	-	-	
synMTS_4_054_atp8	0.115	No mitochondrial presequence	54(MPP)	0.259	21-25,24-28,27-31,42-46,89-93,94-98	19-28-high	-	10-15	-	-	21-26,24-29	8-13	-	-	-	-	-	-	-	-	
synMTS_4_055_atp8	0.051	No mitochondrial presequence	82(MPP)	0.134	27-31,32-36,41-45,79-83,84-88	11-20-high	-	-	-	-	-	-	-	-	-	-	-	-	-	-	
synMTS_4_056_atp8	0.016	No mitochondrial presequence	30(MPP)	0.233	91-95	21-30-high	-	-	-	-	-	-	-	-	-	-	-	-	-	-	
synMTS_4_057_atp8	0.084	No mitochondrial presequence	26(MPP), 27(Icp55)	0.231	10-14,13-17,23-27,81-85,90-94	6-15-high	-	-	-	-	10-15	-	-	-	-	-	-	-	-	-	
synMTS_4_058_atp8	0.125	No mitochondrial presequence	91(MPP)	0.143	88-92,93-97	11-20-high	-	-	-	-	-	-	-	-	-	-	-	-	-	-	
synMTS_4_059_atp8	0.070	No mitochondrial presequence	58(MPP)	0.241	37-41,93-97	9-20-high	-	-	-	-	-	-	-	-	-	-	-	-	-	-	
synMTS_4_060_atp8	0.568	Possessing mitochondrial presequence	67(MPP)	0.239	27-31,31-35,51-55,54-58	17-26-high	-	-	-	-	-	-	-	-	-	-	-	-	-	-	
synMTS_4_061_atp8	0.052	No mitochondrial presequence	69(MPP), 70(Icp55)	0.217	14-18,26-30,58-62,71-75	11-20-high	-	-	-	-	-	-	-	-	-	-	-	13-18	-	-	
synMTS_4_062_atp8	0.087	No mitochondrial presequence	83(MPP)	0.133	80-84,85-89	20-29-high	-	-	-	-	-	-	-	19-24	-	-	-	-	-	-	
synMTS_4_063_atp8	0.105	No mitochondrial presequence	83(MPP)	0.229	2-6,19-23,80-84	13-22-high	-	-	-	-	-	-	-	-	-	-	-	-	-	-	
synMTS_4_064_atp8	0.051	No mitochondrial presequence	87(MPP)	0.253	51-55,84-88	15-24-high	-	-	-	-	-	-	-	-	-	-	-	-	-	-	
synMTS_4_065_atp8	0.118	No mitochondrial presequence	45(MPP)	0.267	2-6,5-9,21-25,29-33,80-84,85-89	1-10-high	-	-	-	-	-	-	-	-	-	-	-	-	-	-	
synMTS_4_066_atp8	0.049	No mitochondrial presequence	71(MPP)	0.225	26-30,40-44,68-72	10-21-high	-	-	-	-	-	-	-	-	-	-	-	-	-	-	
synMTS_4_067_atp8	0.071	No mitochondrial presequence	93(MPP)	0.258	61-65	5-14-high	-	12-17,25-30	-	-	-	-	-	-	-	-	-	-	-	-	
synMTS_4_068_atp8	0.283	No mitochondrial presequence	76(MPP)	0.237	7-11,11-15,45-49,63-67	16-25-high	-	-	-	-	11-16	-	-	21-26	-	-	-	-	-	-	
synMTS_4_069_atp8	0.481	Possessing mitochondrial presequence	44(MPP)	0.250	2-6,10-14,13-17,36-40,80-84,85-89	12-21-high	-	-	-	-	-	-	-	-	-	-	-	1-6	-	-	
synMTS_4_070_atp8	0.260	No mitochondrial presequence	34(MPP)	0.235	2-6,12-16,15-19,39-43,42-46,53-57,56-60,59-63,71-75,79-83,88-92	11-21-high	-	-	-	-	15-20	-	-	-	-	-	-	1-6	2-7	-	
synMTS_4_071_atp8	0.085	No mitochondrial presequence	55(MPP)	0.236	91-95,96-100	7-18-low	-	-	-	-	-	-	-	-	-	-	-	-	-	-	
synMTS_4_072_atp8	0.142	No mitochondrial presequence	41(MPP)	0.195	14-18,19-23,23-27,33-37,77-81,82-86	9-18-high	-	-	-	-	-	-	-	-	17-22	-	-	-	-	-	
synMTS_4_073_atp8	0.054	No mitochondrial presequence	39(MPP)	0.205	22-26,35-39,40-44,45-49,52-56,80-84	11-20-high	-	-	-	-	-	-	-	-	-	-	-	-	-	-	
synMTS_4_074_atp8	0.076	No mitochondrial presequence	43(MPP)	0.233	30-34,39-43,82-86	9-18-high	-	-	-	-	-	-	-	-	-	-	-	-	-	-	
synMTS_4_075_atp8	0.323	No mitochondrial presequence	69(MPP)	0.246	1-5,43-47,47-51,61-65	6-15-high	-	10-15	-	-	1-6	-	-	-	-	-	-	-	-	-	
synMTS_4_076_atp8	0.109	No mitochondrial presequence	36(MPP)	0.222	16-20,20-24,28-32,32-36,37-41,60-64,68-72,72-76,93-97	15-24-high	-	-	-	-	-	-	-	-	14-19,23-28	-	-	-	-	-	
synMTS_4_077_atp8	0.128	No mitochondrial presequence	74(MPP)	0.230	3-7,23-27,32-36	15-26-high	-	-	-	-	3-8	-	18-23	-	-	-	-	22-27	-	17-22	
synMTS_4_078_atp8	0.074	No mitochondrial presequence	92(MPP)	0.141	9-13,18-22,89-93,94-98	14-23-high	-	-	-	-	-	-	-	-	-	-	-	-	-	-	
synMTS_4_079_atp8	0.219	No mitochondrial presequence	27(MPP)	0.222	2-6,7-11,25-29,42-46,65-69,68-72,73-77,87-91	1-10-low	-	-	-	-	-	-	-	-	-	-	-	1-6,6-11	-	-	
synMTS_4_080_atp8	0.144	No mitochondrial presequence	45(MPP)	0.244	23-27,38-42,42-46,80-84,85-89	8-17-high	-	-	-	-	-	-	-	-	-	-	-	-	-	-	
synMTS_4_081_atp8	0.154	No mitochondrial presequence	92(MPP)	0.228	12-16,32-36,42-46,62-66	7-16-low	-	-	-	-	-	-	-	-	-	-	-	-	-	-	
synMTS_4_082_atp8	0.082	No mitochondrial presequence	63(MPP)	0.238	2-6,17-21,26-30,60-64	13-22-high	-	7-12	-	-	2-7	5-10	-	-	-	-	-	-	-	-	
synMTS_4_083_atp8	0.052	No mitochondrial presequence	77(MPP)	0.260	2-6,43-47	2-11-high	-	-	-	-	-	-	-	-	-	-	-	-	-	-	
synMTS_4_084_atp8	0.121	No mitochondrial presequence	74(MPP)	0.230	16-20,88-92	15-24-high	-	9-14	-	-	-	19-24	-	-	14-19	-	13-18	-	-	-	
synMTS_4_085_atp8	0.142	No mitochondrial presequence	14(MPP)	0.214	33-37	2-11-high	-	-	-	-	-	-	-	-	-	-	-	-	-	-	
synMTS_4_086_atp8	0.095	No mitochondrial presequence	64(MPP)	0.250	9-13,13-17,17-21,22-26	21-30-high	-	-	-	-	-	-	-	-	-	-	-	21-26	-	-	
synMTS_4_087_atp8	0.156	No mitochondrial presequence	45(MPP)	0.244	16-20,20-24,27-31,30-34,33-37,36-40,41-45,52-56,63-67,77-81	15-24-high	-	-	-	-	16-21	-	-	-	-	-	-	-	-	-	
synMTS_4_088_atp8	0.159	No mitochondrial presequence	51(MPP)	0.235	39-43,87-91,92-96	2-11-high	-	8-13	-	-	-	-	-	-	-	-	-	-	-	-	
synMTS_4_089_atp8	0.160	No mitochondrial presequence	66(MPP)	0.242	14-18,19-23,52-56,60-64	7-16-high	-	-	-	-	19-24	-	-	-	-	-	-	-	-	-	
synMTS_4_090_atp8	0.123	No mitochondrial presequence	65(MPP), 66(Icp55)	0.231	4-8,17-21,45-49,50-54,58-62,62-66	21-30-high	-	-	-	-	-	-	-	22-27	-	21-26	-	3-8,16-21	-	-	
synMTS_4_091_atp8	0.166	No mitochondrial presequence	82(MPP)	0.244	3-7,6-10,11-15,49-53	2-11-high	-	-	-	-	-	-	-	-	-	-	-	2-7,10-15	-	-	
synMTS_4_092_atp8	0.093	No mitochondrial presequence	45(MPP)	0.267	5-9,30-34,34-38	10-19-high	-	25-30	-	-	-	23-28	-	-	-	-	-	-	-	-	
synMTS_4_093_atp8	0.120	No mitochondrial presequence	88(MPP)	0.239	36-40,85-89	8-17-high	-	-	-	-	-	-	10-15	-	-	-	-	-	-	-	
synMTS_4_094_atp8	0.066	No mitochondrial presequence	78(MPP)	0.244	10-14,14-18,71-75,75-79	10-20-high	-	-	-	-	-	-	-	-	-	-	-	-	-	-	
synMTS_4_095_atp8	0.480	Possessing mitochondrial presequence	63(MPP)	0.254	15-19,61-65	10-19-high	-	-	-	16-21	-	-	-	-	-	-	-	-	-	-	
synMTS_4_096_atp8	0.219	No mitochondrial presequence	56(MPP)	0.232	4-8,33-37,36-40,40-44,92-96	4-14-high	-	-	-	-	-	-	-	-	-	-	-	-	-	-	
synMTS_4_097_atp8	0.237	No mitochondrial presequence	42(MPP)	0.214	12-16,16-20,21-25,77-81,82-86	10-20-high	-	-	-	-	-	-	-	-	19-24	-	-	15-20	12-17	-	
synMTS_4_098_atp8	0.159	No mitochondrial presequence	52(MPP)	0.250	21-25,88-92,93-97	20-30-high	-	-	-	-	-	-	-	-	-	-	-	20-25	-	-	
synMTS_4_099_atp8	0.423	Possessing mitochondrial presequence	63(MPP)	0.238	13-17,41-45,44-48,56-60,60-64	8-17-high	-	-	-	-	-	17-22	-	-	-	16-21	-	-	-	-	
synMTS_4_100_atp8	0.265	No mitochondrial presequence	69(MPP)	0.246	17-21,20-24,24-28,28-32,35-39	17-28-high	-	-	-	-	-	-	-	-	-	-	-	-	-	-	
synMTS_4_101_atp8	0.030	No mitochondrial presequence	34(MPP), 35(Icp55)	0.206	31-35,47-51,57-61,80-84,86-90	7-16-low	-	-	-	-	-	-	-	-	-	-	-	-	-	-	
synMTS_4_102_atp8	0.062	No mitochondrial presequence	73(MPP)	0.260	21-25,25-29,28-32,32-36,36-40,44-48,70-74	21-30-high	-	-	-	-	25-30	-	-	-	-	-	-	-	-	-	
synMTS_4_103_atp8	0.077	No mitochondrial presequence	51(MPP)	0.255	86-90,91-95	8-17-high	-	-	-	-	-	-	-	-	-	-	-	-	-	-	
synMTS_4_104_atp8	0.110	No mitochondrial presequence	88(MPP)	0.250	12-16,54-58,57-61,85-89	12-21-high	-	-	-	-	-	-	-	-	-	-	-	-	-	-	
synMTS_4_105_atp8	0.094	No mitochondrial presequence	84(MPP)	0.250	76-80	19-28-high	-	-	-	-	-	-	-	-	-	-	-	-	-	-	
synMTS_4_106_atp8	0.120	No mitochondrial presequence	63(MPP)	0.254	22-26,46-50,56-60	18-28-high	-	-	-	-	-	-	-	-	-	-	-	-	-	-	
synMTS_4_107_atp8	0.143	No mitochondrial presequence	20(MPP)	0.200	4-8,8-12,16-20,43-47,46-50,74-78,79-83,89-93,93-97	4-13-high	-	-	-	-	8-13	20-25	-	-	-	19-24	-	-	-	-	
synMTS_4_108_atp8	0.210	No mitochondrial presequence	58(MPP)	0.224	21-25,94-98	3-12-high	-	-	-	-	-	-	3-8	-	-	25-30	-	-	-	-	
synMTS_4_109_atp8	0.125	No mitochondrial presequence	92(MPP)	0.228	13-17,21-25,34-38,74-78	20-29-high	-	-	-	-	-	-	-	25-30	-	24-29	-	-	-	-	
synMTS_4_110_atp8	0.069	No mitochondrial presequence	77(MPP)	0.234	18-22,26-30,57-61,74-78	2-11-high	-	-	-	-	-	-	-	-	-	-	-	-	-	-	
synMTS_4_111_atp8	0.082	No mitochondrial presequence	29(MPP)	0.241	14-18,34-38,67-71	10-21-high	-	19-24	-	-	-	17-22	-	25-30	-	24-29	-	-	-	-	
synMTS_4_112_atp8	0.074	No mitochondrial presequence	23(MPP)	0.261	27-31,31-35,83-87,86-90	15-24-high	-	11-16	-	-	-	-	-	-	-	-	-	-	-	-	
synMTS_4_113_atp8	0.115	No mitochondrial presequence	79(MPP)	0.241	33-37	14-30-high	-	-	-	-	-	-	-	-	-	-	-	-	-	-	
synMTS_4_114_atp8	0.149	No mitochondrial presequence	59(MPP)	0.254	94-98	6-15-high	-	-	5-10	-	-	-	-	-	-	-	-	-	-	-	
synMTS_4_115_atp8	0.079	No mitochondrial presequence	54(MPP)	0.278	16-20,25-29,51-55,89-93,94-98	14-24-high	-	4-9	-	-	25-30	-	-	-	-	-	-	-	-	-	
synMTS_4_116_atp8	0.125	No mitochondrial presequence	93(MPP)	0.151	4-8,7-11,12-16,45-49,90-94,95-99	4-13-high	-	19-24	-	-	4-9	-	-	-	-	-	-	11-16	12-17	-	
synMTS_4_117_atp8	0.065	No mitochondrial presequence	18(MPP), 19(Icp55)	0.222	3-7,31-35,66-70,74-78	18-27-high	-	-	-	-	-	-	-	-	-	-	-	-	-	-	
synMTS_4_118_atp8	0.055	No mitochondrial presequence	59(MPP)	0.237	17-21,21-25,25-29,29-33,38-42,41-45,95-99	19-28-high	-	-	-	-	-	-	-	-	15-20	-	-	24-29	-	-	
synMTS_4_119_atp8	0.093	No mitochondrial presequence	69(MPP)	0.246	11-15,41-45	7-16-high	-	-	-	-	-	-	14-19	-	-	-	-	-	-	-	
synMTS_4_120_atp8	0.065	No mitochondrial presequence	43(MPP)	0.233	42-46,45-49,49-53,61-65,68-72,71-75	2-11-high	-	-	-	-	-	-	-	-	-	-	18-23	-	-	-	
synMTS_4_121_atp8	0.085	No mitochondrial presequence	65(MPP)	0.246	28-32,31-35,62-66	4-13-high	-	-	-	-	-	-	-	-	-	-	-	-	-	-	
synMTS_4_122_atp8	0.127	No mitochondrial presequence	69(MPP)	0.246	7-11,28-32,55-59	6-15-high	-	-	-	-	-	-	-	-	-	-	19-24	-	-	-	
synMTS_4_123_atp8	0.152	No mitochondrial presequence	81(MPP)	0.259	30-34	5-16-high	-	-	-	-	-	4-9,12-17	-	-	-	3-8	-	-	-	-	
synMTS_4_124_atp8	0.089	No mitochondrial presequence	93(MPP)	0.215	18-22,40-44,53-57	18-29-high	-	-	-	-	-	-	-	-	-	-	-	-	-	-	
synMTS_4_125_atp8	0.072	No mitochondrial presequence	67(MPP)	0.239	27-31,56-60,64-68	21-30-high	-	-	-	-	-	-	-	-	-	-	-	-	-	-	
synMTS_4_126_atp8	0.292	No mitochondrial presequence	87(MPP)	0.230	7-11,10-14,20-24,24-28,49-53	20-29-high	-	-	-	-	7-12	-	-	-	-	-	-	23-28	24-29	-	
synMTS_4_127_atp8	0.049	No mitochondrial presequence	82(MPP)	0.122	79-83,84-88	20-29-low	-	-	-	-	-	-	-	-	-	-	-	-	-	-	
synMTS_4_128_atp8	0.202	No mitochondrial presequence	80(MPP)	0.250	19-23,32-36,40-44,44-48,50-54,53-57,77-81	11-22-high	-	-	-	-	-	-	-	23-28	-	22-27	-	-	-	-	
synMTS_4_129_atp8	0.314	No mitochondrial presequence	58(MPP)	0.259	8-12,12-16,48-52,51-55,55-59,94-98	12-22-high	-	-	-	-	-	16-21	25-30	-	-	15-20	-	11-16	-	-	
synMTS_4_130_atp8	0.094	No mitochondrial presequence	11(MPP), 12(Icp55)	0.182	52-56,59-63,64-68,67-71,78-82,95-99	17-28-high	-	-	-	-	-	24-29	-	-	-	-	-	-	-	-	
synMTS_4_131_atp8	0.065	No mitochondrial presequence	60(MPP)	0.250	11-15,31-35,53-57,57-61,96-100	11-20-high	-	19-24	-	-	-	-	-	-	-	-	-	-	-	-	
synMTS_4_132_atp8	0.129	No mitochondrial presequence	94(MPP)	0.245	3-7,7-11,16-20,37-41,79-83	5-14-high	-	-	-	-	-	-	-	-	-	-	-	6-11	-	-	
synMTS_4_133_atp8	0.106	No mitochondrial presequence	52(MPP)	0.231	16-20,50-54,88-92,93-97	9-20-high	-	-	-	-	-	-	-	-	-	-	-	-	-	-	
synMTS_4_134_atp8	0.053	No mitochondrial presequence	15(MPP)	0.200	23-27,26-30,30-34,64-68,68-72,79-83,83-87,96-100	21-30-high	-	-	-	-	-	-	-	-	-	-	-	-	-	-	
synMTS_4_135_atp8	0.132	No mitochondrial presequence	56(MPP)	0.232	3-7,33-37,36-40,91-95,96-100	9-19-high	-	-	-	-	-	25-30	-	-	-	-	-	-	-	24-29	
synMTS_4_136_atp8	0.037	No mitochondrial presequence	56(MPP)	0.250	42-46,92-96	7-16-high	-	-	-	-	-	-	-	-	-	-	-	-	-	-	
synMTS_4_137_atp8	0.083	No mitochondrial presequence	77(MPP)	0.247		18-27-high	-	-	-	-	-	-	-	-	-	-	-	-	-	-	
synMTS_4_138_atp8	0.052	No mitochondrial presequence	43(MPP)	0.279	14-18,18-22,40-44,56-60,85-89,92-96,95-99	14-23-high	-	-	-	-	-	-	-	-	-	-	-	-	-	-	
synMTS_4_139_atp8	0.069	No mitochondrial presequence	83(MPP)	0.229	27-31,31-35,53-57,60-64,64-68	20-29-high	-	-	-	-	-	-	-	-	-	-	-	-	-	-	
synMTS_4_140_atp8	0.177	No mitochondrial presequence	90(MPP)	0.133	7-11,10-14,87-91,92-96	7-16-high	-	-	-	-	-	-	-	-	-	-	-	-	-	-	
synMTS_4_141_atp8	0.165	No mitochondrial presequence	38(MPP)	0.237	4-8,35-39,43-47,46-50,75-79	1-10-high	-	-	-	-	-	-	-	-	-	-	-	-	-	-	
synMTS_4_142_atp8	0.203	No mitochondrial presequence	58(MPP), 59(Icp55)	0.241	16-20,20-24,40-44,55-59,81-85,94-98	14-24-high	-	6-11	-	-	-	4-9	-	-	-	-	-	15-20	-	3-8	
synMTS_4_143_atp8	0.072	No mitochondrial presequence	95(MPP)	0.263	50-54	12-21-high	-	-	-	-	-	-	-	-	13-18	-	-	-	-	-	
synMTS_4_144_atp8	0.130	No mitochondrial presequence	51(MPP)	0.235	23-27,32-36,44-48,48-52,86-90,91-95	2-11-high	-	19-24	-	-	-	-	-	-	-	-	-	-	-	-	
synMTS_4_145_atp8	0.039	No mitochondrial presequence	81(MPP)	0.235	90-94	20-29-high	-	-	-	-	-	-	-	-	-	-	-	-	-	-	
synMTS_4_146_atp8	0.137	No mitochondrial presequence	45(MPP)	0.267	28-32,81-85,86-90	19-28-high	-	-	-	-	-	-	-	-	-	-	-	-	-	-	
synMTS_4_147_atp8	0.013	No mitochondrial presequence	48(MPP)	0.250	28-32,57-61,76-80	9-23-low	-	-	-	-	-	-	-	-	-	-	-	-	-	-	
synMTS_4_148_atp8	0.404	Possessing mitochondrial presequence	94(MPP)	0.255	35-39,44-48,78-82	13-22-high	-	-	-	-	-	-	-	-	-	-	-	-	-	-	
synMTS_4_149_atp8	0.089	No mitochondrial presequence	65(MPP)	0.215	45-49	21-30-high	-	-	9-14	-	-	-	-	-	-	-	-	-	-	-	
synMTS_4_150_atp8	0.089	No mitochondrial presequence	40(MPP)	0.225	21-25,42-46,46-50	9-18-high	-	-	-	-	-	-	-	-	-	8-13	-	-	21-26	-	
synMTS_4_151_atp8	0.333	No mitochondrial presequence	42(MPP)	0.238	81-85,84-88,87-91,90-94	3-16-high	-	-	-	-	-	-	23-28	-	-	22-27	-	-	-	-	
synMTS_4_152_atp8	0.053	No mitochondrial presequence	64(MPP)	0.234		4-13-high	-	-	-	-	-	-	-	-	-	-	-	-	-	-	
synMTS_4_153_atp8	0.126	No mitochondrial presequence	30(MPP)	0.267	10-14,13-17,51-55,91-95,94-98	8-17-high	-	-	-	-	10-15,13-18	-	-	-	-	-	-	-	-	-	
synMTS_4_154_atp8	0.098	No mitochondrial presequence	27(MPP)	0.222	9-13,12-16	9-18-high	-	-	-	-	9-14	-	-	-	-	-	-	-	-	-	
synMTS_4_155_atp8	0.265	No mitochondrial presequence	84(MPP)	0.119	3-7,38-42,81-85,86-90	10-19-high	-	-	-	-	-	-	-	-	-	-	-	-	-	-	
synMTS_4_156_atp8	0.067	No mitochondrial presequence	20(MPP), 21(Icp55)	0.250	26-30,69-73,78-82	9-18-high	-	-	-	-	-	-	-	-	-	-	-	-	-	-	
synMTS_4_157_atp8	0.082	No mitochondrial presequence	68(MPP)	0.221	26-30	20-29-high	-	-	-	-	-	-	-	-	-	-	-	25-30	-	-	
synMTS_4_158_atp8	0.100	No mitochondrial presequence	95(MPP)	0.232	20-24	20-29-high	-	-	-	-	-	-	-	-	-	-	-	-	-	-	
synMTS_4_159_atp8	0.079	No mitochondrial presequence	50(MPP)	0.260	40-44,47-51,86-90,91-95	12-21-high	-	-	-	-	-	-	-	-	-	-	-	-	-	-	
synMTS_4_160_atp8	0.193	No mitochondrial presequence	74(MPP)	0.270	36-40,48-52,52-56,55-59,58-62	16-26-high	-	-	-	-	-	-	-	16-21	-	15-20	-	-	-	-	
synMTS_4_161_atp8	0.012	No mitochondrial presequence	59(MPP)	0.220	23-27,28-32,95-99	12-21-high	-	-	-	-	-	-	-	-	-	-	-	-	-	-	
synMTS_4_162_atp8	0.075	No mitochondrial presequence	89(MPP)	0.236	65-69	9-18-high	-	-	-	-	-	-	-	-	-	-	-	-	-	-	
synMTS_4_163_atp8	0.112	No mitochondrial presequence	71(MPP)	0.225	40-44	6-15-high	-	-	-	-	-	24-29	-	-	-	-	-	-	-	23-28	
synMTS_4_164_atp8	0.262	No mitochondrial presequence	59(MPP)	0.254	2-6,48-52,56-60,95-99	15-24-high	-	-	-	-	2-7	-	-	-	-	-	-	-	-	-	
synMTS_4_165_atp8	0.070	No mitochondrial presequence	69(MPP)	0.232	3-7,46-50,54-58	3-12-high	-	21-26	-	4-9	-	-	-	-	-	-	-	-	-	-	
synMTS_4_166_atp8	0.157	No mitochondrial presequence	78(MPP)	0.231		8-17-high	-	-	-	-	-	10-15	-	-	-	9-14	-	-	-	-	
synMTS_4_167_atp8	0.040	No mitochondrial presequence	45(MPP)	0.244	15-19	2-13-low	-	-	-	-	-	-	-	-	-	-	-	-	-	-	
synMTS_4_168_atp8	0.394	Possessing mitochondrial presequence	43(MPP)	0.233	8-12,78-82,83-87	5-14-high	-	-	-	-	8-13	-	-	-	-	-	-	-	-	-	
synMTS_4_169_atp8	0.094	No mitochondrial presequence	86(MPP)	0.244	4-8,34-38,39-43,46-50,61-65,76-80	15-24-high	-	-	-	-	4-9	-	-	-	-	-	-	-	-	-	
synMTS_4_170_atp8	0.089	No mitochondrial presequence	68(MPP)	0.235	31-35,39-43,42-46	14-25-high	-	-	-	-	-	-	-	-	-	-	-	-	-	-	
synMTS_4_171_atp8	0.135	No mitochondrial presequence	67(MPP)	0.239	50-54,54-58	1-10-high	-	-	-	-	-	-	-	10-15	-	9-14	-	-	-	-	
synMTS_4_172_atp8	0.078	No mitochondrial presequence	63(MPP)	0.254	16-20,43-47,46-50	3-12-low	-	-	-	-	-	-	-	-	-	-	-	-	-	-	
synMTS_4_173_atp8	0.449	Possessing mitochondrial presequence	66(MPP)	0.242	4-8,7-11,15-19,51-55	20-29-high	-	-	-	-	4-9	-	11-16	-	-	10-15	-	-	-	-	
synMTS_4_174_atp8	0.067	No mitochondrial presequence	76(MPP)	0.237	73-77	1-10-high	-	-	-	-	-	-	-	-	-	-	-	-	-	-	
synMTS_4_175_atp8	0.205	No mitochondrial presequence	79(MPP)	0.241	2-6,19-23,27-31,50-54	19-28-high	-	-	-	-	-	-	22-27	-	-	-	-	-	-	-	
synMTS_4_176_atp8	0.089	No mitochondrial presequence	56(MPP)	0.268	23-27,40-44,91-95,96-100	3-13-high	-	-	-	-	-	-	-	-	-	-	-	-	-	-	
synMTS_4_177_atp8	0.155	No mitochondrial presequence	69(MPP)	0.246	1-5,4-8,53-57	4-13-high	-	-	5-10	-	1-6,4-9	-	-	-	-	-	-	-	-	-	
synMTS_4_178_atp8	0.217	No mitochondrial presequence	25(MPP)	0.200	1-5,4-8,22-26,26-30,29-33,78-82	21-30-high	-	-	-	-	1-6	-	-	-	-	8-13	-	25-30	-	-	
synMTS_4_179_atp8	0.051	No mitochondrial presequence	37(MPP)	0.216	3-7,76-80,88-92	15-24-high	-	-	-	-	-	-	-	-	-	-	-	-	-	-	
synMTS_4_180_atp8	0.183	No mitochondrial presequence	65(MPP)	0.231	18-22,41-45,57-61,62-66	14-23-high	-	-	-	-	-	-	-	-	-	-	-	-	-	-	
synMTS_4_181_atp8	0.175	No mitochondrial presequence	39(MPP)	0.231	19-23,23-27,26-30,56-60,74-78,78-82,95-99	19-28-high	-	-	-	-	23-28	-	-	-	-	-	-	-	-	-	
synMTS_4_182_atp8	0.178	No mitochondrial presequence	37(MPP)	0.216	9-13,21-25,58-62,71-75,85-89,89-93	1-11-high	-	-	-	-	-	-	14-19	-	-	13-18	-	-	21-26	-	
synMTS_4_183_atp8	0.115	No mitochondrial presequence	80(MPP)	0.237	64-68	8-17-high	-	-	-	-	-	-	-	-	-	-	-	-	-	-	
synMTS_4_184_atp8	0.096	No mitochondrial presequence	57(MPP)	0.228	93-97	11-20-high	-	-	-	-	-	-	4-9	-	-	3-8	-	-	-	-	
synMTS_4_185_atp8	0.117	No mitochondrial presequence	50(MPP)	0.280	16-20,29-33,44-48,85-89,90-94	12-21-high	-	-	-	-	16-21	-	-	-	-	-	-	-	-	-	
synMTS_4_186_atp8	0.118	No mitochondrial presequence	54(MPP)	0.241	4-8,37-41,40-44,51-55,90-94,95-99	15-24-high	-	9-14	-	-	-	7-12	-	-	-	-	-	3-8	-	-	
synMTS_4_187_atp8	0.166	No mitochondrial presequence	69(MPP)	0.246	26-30,35-39,43-47,47-51	13-22-high	-	20-25	-	-	-	15-20	-	-	-	-	-	-	-	14-19	
synMTS_4_188_atp8	0.166	No mitochondrial presequence	91(MPP)	0.242	13-17,19-23,37-41,42-46,53-57,57-61,65-69,76-80,83-87,88-92	18-28-high	-	-	-	-	-	-	-	-	17-22	-	16-21	-	-	-	
synMTS_4_189_atp8	0.088	No mitochondrial presequence	72(MPP)	0.236	3-7,6-10,21-25	2-11-high	-	-	-	-	-	-	-	-	-	-	-	2-7,20-25	-	-	
synMTS_4_190_atp8	0.174	No mitochondrial presequence	80(MPP)	0.237	3-7,11-15,15-19,52-56,61-65,64-68,74-78,77-81	7-19-high	-	-	-	12-17	-	-	-	-	-	-	-	-	-	-	
synMTS_4_191_atp8	0.108	No mitochondrial presequence	77(MPP)	0.273	19-23,32-36,75-79	5-14-high	-	-	-	-	-	-	-	-	-	-	-	18-23	-	-	
synMTS_4_192_atp8	0.020	No mitochondrial presequence	57(MPP)	0.246	34-38,94-98	15-24-high	-	-	-	-	-	-	-	-	-	-	-	-	-	-	
synMTS_4_193_atp8	0.075	No mitochondrial presequence	35(MPP)	0.229	12-16,31-35,39-43,46-50	4-15-high	-	-	-	-	-	-	-	-	-	-	-	-	-	-	
synMTS_4_194_atp8	0.142	No mitochondrial presequence	86(MPP)	0.256	5-9,31-35,69-73	1-11-high	-	-	-	-	-	25-30	-	-	-	-	-	-	-	-	
synMTS_4_195_atp8	0.255	No mitochondrial presequence	33(MPP)	0.242	2-6,19-23,50-54,53-57,61-65,82-86	16-25-high	-	-	-	-	-	-	-	-	-	-	-	1-6,18-23	-	-	
synMTS_4_196_atp8	0.107	No mitochondrial presequence	81(MPP)	0.235	3-7,24-28,29-33,70-74,78-82	3-12-high	-	-	-	-	3-8	-	6-11	-	-	-	-	-	-	-	
synMTS_4_197_atp8	0.073	No mitochondrial presequence	69(MPP)	0.232	17-21,35-39,39-43,43-47,48-52,59-63,62-66,66-70	11-20-low	-	-	-	-	-	-	-	-	-	-	-	16-21	-	-	
synMTS_4_198_atp8	0.089	No mitochondrial presequence	48(MPP)	0.229	28-32,38-42,52-56,71-75,75-79	12-22-high	-	-	-	-	-	12-17	-	-	-	11-16	-	-	-	-	
synMTS_4_199_atp8	0.094	No mitochondrial presequence	80(MPP)	0.237	70-74	10-21-high	-	-	-	-	-	3-8	-	-	-	2-7	-	-	-	-	
synMTS_4_200_atp8	0.173	No mitochondrial presequence	84(MPP)	0.238	2-6,20-24,60-64	16-25-high	-	-	21-26	-	2-7,20-25	-	-	-	-	-	-	-	-	-	
synMTS_5_001_atp8	0.004	No mitochondrial presequence	49(MPP)	-0.224	95-99	18-29-low	-	-	-	-	-	-	-	-	-	-	-	-	-	-	
synMTS_5_002_atp8	0.002	No mitochondrial presequence	73(MPP)	-0.205		15-27-low	-	-	-	-	-	-	-	-	-	-	-	-	-	-	
synMTS_5_003_atp8	0.000	No mitochondrial presequence	94(MPP)	-0.234		20-29-low	-	-	-	-	-	-	-	-	-	-	-	-	-	-	
synMTS_5_004_atp8	0.001	No mitochondrial presequence	55(MPP)	-0.200	91-95,96-100	7-16-low	-	-	-	-	-	-	-	-	-	-	-	-	-	-	
synMTS_5_005_atp8	0.001	No mitochondrial presequence	32(MPP)	-0.250		14-27-low	-	-	-	-	-	-	-	-	-	-	-	-	-	-	
synMTS_5_006_atp8	0.001	No mitochondrial presequence	15(MPP)	-0.267		17-26-low	-	-	-	-	-	-	-	-	-	-	-	-	-	-	
synMTS_5_007_atp8	0.000	No mitochondrial presequence	86(MPP)	-0.221	83-87	5-14-low	-	-	-	-	-	-	-	-	-	-	-	-	-	-	
synMTS_5_008_atp8	0.017	No mitochondrial presequence	53(MPP)	-0.208	89-93,94-98	21-30-low	-	-	-	-	-	-	-	-	-	-	-	-	-	-	
synMTS_5_009_atp8	0.001	No mitochondrial presequence	90(MPP)	-0.233	83-87,87-91	18-29-low	-	-	-	-	-	-	-	-	-	-	-	-	-	-	
synMTS_5_010_atp8	0.013	No mitochondrial presequence	48(MPP)	-0.188	29-33,83-87,88-92	20-29-low	-	-	-	-	-	-	-	-	-	-	-	-	-	-	
synMTS_5_011_atp8	0.000	No mitochondrial presequence	32(MPP)	-0.250		12-21-low	-	-	-	-	-	-	-	-	-	-	-	-	-	-	
synMTS_5_012_atp8	0.008	No mitochondrial presequence	73(MPP)	-0.205		9-19-low	-	-	-	-	-	-	-	-	-	-	-	-	-	-	
synMTS_5_013_atp8	0.006	No mitochondrial presequence	56(MPP)	-0.250		5-14-low	-	-	-	-	-	-	-	-	-	-	-	-	-	-	
synMTS_5_014_atp8	0.005	No mitochondrial presequence	56(MPP)	-0.179	53-57,92-96	3-12-high	-	-	-	-	-	-	-	-	-	-	-	-	-	-	
synMTS_5_015_atp8	0.002	No mitochondrial presequence	71(MPP)	-0.225	96-100	18-29-low	-	-	-	-	-	-	-	-	-	-	-	-	-	-	
synMTS_5_016_atp8	0.005	No mitochondrial presequence	50(MPP)	-0.200	85-89,90-94	21-30-low	-	-	-	-	-	-	-	-	-	-	-	-	-	-	
synMTS_5_017_atp8	0.009	No mitochondrial presequence	49(MPP)	-0.184	84-88,89-93	7-16-low	-	-	-	-	-	-	-	-	-	-	-	-	-	-	
synMTS_5_018_atp8	0.001	No mitochondrial presequence	66(MPP)	-0.227	47-51	21-30-low	-	-	-	-	-	-	-	-	-	-	-	-	-	-	
synMTS_5_019_atp8	0.001	No mitochondrial presequence	8(MPP), 9(Icp55)	-0.250		9-18-low	-	-	-	-	-	-	-	-	-	-	-	-	-	-	
synMTS_5_020_atp8	0.010	No mitochondrial presequence	49(MPP)	-0.204	84-88,89-93	20-29-low	-	-	-	-	-	-	-	-	-	-	-	-	-	-	
synMTS_5_021_atp8	0.003	No mitochondrial presequence	37(MPP)	-0.270	5-9	1-10-low	-	-	-	-	-	-	-	-	-	-	-	-	-	-	
synMTS_5_022_atp8	0.005	No mitochondrial presequence	33(MPP)	-0.242		18-30-low	-	-	-	-	-	-	-	-	-	-	-	-	-	-	
synMTS_5_023_atp8	0.002	No mitochondrial presequence	17(MPP)	-0.176	87-91	19-28-high	-	-	-	-	-	-	-	-	-	-	-	-	-	-	
synMTS_5_024_atp8	0.002	No mitochondrial presequence	69(MPP)	-0.203	19-23	17-28-low	-	-	-	-	-	-	-	-	-	-	-	-	-	-	
synMTS_5_025_atp8	0.027	No mitochondrial presequence	50(MPP)	-0.220	86-90,91-95	13-22-low	-	-	-	-	-	-	-	-	-	-	-	-	-	-	
synMTS_5_026_atp8	0.005	No mitochondrial presequence	88(MPP)	-0.216	86-90	19-28-low	-	-	-	-	-	-	-	-	-	-	-	-	-	-	
synMTS_5_027_atp8	0.042	No mitochondrial presequence	45(MPP)	-0.222	81-85,86-90	7-17-low	-	-	-	-	-	-	-	-	-	-	-	-	-	-	
synMTS_5_028_atp8	0.008	No mitochondrial presequence	48(MPP)	-0.188	84-88,89-93	9-20-low	-	-	-	-	-	-	-	-	-	-	-	-	-	-	
synMTS_5_029_atp8	0.030	No mitochondrial presequence	53(MPP)	-0.189	29-33,88-92,93-97	4-15-low	-	-	-	-	-	-	-	-	-	-	-	-	-	-	
synMTS_5_030_atp8	0.001	No mitochondrial presequence	76(MPP)	-0.211		20-29-low	-	-	-	-	-	-	-	-	-	-	-	-	-	-	
synMTS_5_031_atp8	0.000	No mitochondrial presequence	93(MPP)	-0.226		12-21-low	-	-	-	-	-	-	-	-	-	-	-	-	-	-	
synMTS_5_032_atp8	0.006	No mitochondrial presequence	6(MPP)	-0.167	95-99	10-21-low	-	-	-	-	-	-	-	-	-	-	-	-	-	-	
synMTS_5_033_atp8	0.000	No mitochondrial presequence	90(MPP)	-0.244	87-91	18-27-low	-	-	-	-	-	-	-	-	-	-	-	-	-	-	
synMTS_5_034_atp8	0.033	No mitochondrial presequence	71(MPP)	-0.239		19-28-high	-	-	-	-	-	-	-	-	-	-	-	-	-	-	
synMTS_5_035_atp8	0.009	No mitochondrial presequence	54(MPP)	-0.185	89-93,94-98	13-22-low	-	-	-	-	-	-	-	-	-	-	-	-	-	-	
synMTS_5_036_atp8	0.002	No mitochondrial presequence	57(MPP), 58(Icp55)	-0.228		10-19-low	-	-	-	-	-	-	-	-	-	-	-	-	-	-	
synMTS_5_037_atp8	0.001	No mitochondrial presequence	83(MPP)	-0.217		15-24-low	-	-	-	-	-	-	-	-	-	-	-	-	-	-	
synMTS_5_038_atp8	0.001	No mitochondrial presequence	52(MPP)	-0.192	49-53,88-92,93-97	3-12-low	-	-	-	-	-	-	-	-	-	-	-	-	-	-	
synMTS_5_039_atp8	0.003	No mitochondrial presequence	57(MPP)	-0.193	92-96	14-23-low	-	-	-	-	-	-	-	-	-	-	-	-	-	-	
synMTS_5_040_atp8	0.000	No mitochondrial presequence	84(MPP)	-0.095	81-85,86-90	6-15-low	-	-	-	-	-	-	-	-	-	-	-	-	-	-	
synMTS_5_041_atp8	0.000	No mitochondrial presequence	57(MPP)	-0.193	54-58,93-97	21-30-low	-	-	-	-	-	-	-	-	-	-	-	-	-	-	
synMTS_5_042_atp8	0.000	No mitochondrial presequence	26(MPP)	-0.231		13-22-low	-	-	-	-	-	-	-	-	-	-	-	-	-	-	
synMTS_5_043_atp8	0.000	No mitochondrial presequence	72(MPP)	-0.222		4-13-low	-	-	-	-	-	-	-	-	-	-	-	-	-	-	
synMTS_5_044_atp8	0.000	No mitochondrial presequence	86(MPP)	-0.221	33-37	4-13-low	-	-	-	-	-	-	-	-	-	-	-	-	-	-	
synMTS_5_045_atp8	0.014	No mitochondrial presequence	44(MPP)	-0.250		17-26-low	-	-	-	-	-	-	-	-	-	-	-	-	-	-	
synMTS_5_046_atp8	0.002	No mitochondrial presequence	36(MPP)	-0.222		18-27-low	-	-	-	-	-	-	-	-	-	-	-	-	-	-	
synMTS_5_047_atp8	0.001	No mitochondrial presequence	20(MPP)	-0.200	18-22	18-27-low	-	-	-	-	-	-	-	-	-	-	-	-	-	-	
synMTS_5_048_atp8	0.000	No mitochondrial presequence	56(MPP)	-0.196	91-95,96-100	8-17-low	-	-	-	-	-	-	-	-	-	-	-	-	-	-	
synMTS_5_049_atp8	0.004	No mitochondrial presequence	46(MPP)	-0.174	81-85,86-90	1-10-low	-	-	-	-	-	-	-	-	-	-	-	-	-	-	
synMTS_5_050_atp8	0.000	No mitochondrial presequence	69(MPP)	-0.232		19-30-low	-	-	-	-	-	-	-	-	-	-	-	-	-	-	
synMTS_5_051_atp8	0.003	No mitochondrial presequence	30(MPP)	-0.267		7-17-low	-	-	-	-	-	-	-	-	-	-	-	-	-	-	
synMTS_5_052_atp8	0.014	No mitochondrial presequence	49(MPP)	-0.184	47-51,85-89,90-94	7-18-low	-	-	-	-	-	-	-	-	-	-	-	-	-	-	
synMTS_5_053_atp8	0.007	No mitochondrial presequence	68(MPP)	-0.221		9-22-low	-	-	-	-	-	-	-	-	-	-	-	-	-	-	
synMTS_5_054_atp8	0.000	No mitochondrial presequence	51(MPP)	-0.196	86-90,91-95	3-12-low	-	-	-	-	-	-	-	-	-	-	-	-	-	-	
synMTS_5_055_atp8	0.007	No mitochondrial presequence	73(MPP)	-0.219		21-30-low	-	-	-	-	-	-	-	-	-	-	-	-	-	-	
synMTS_5_056_atp8	0.001	No mitochondrial presequence	62(MPP)	-0.194	1-5	20-29-low	-	-	-	-	-	-	-	-	-	-	-	-	-	-	
synMTS_5_057_atp8	0.003	No mitochondrial presequence	67(MPP)	-0.209		5-16-low	-	-	-	-	-	-	-	-	-	-	-	-	-	-	
synMTS_5_058_atp8	0.003	No mitochondrial presequence	54(MPP)	-0.185	89-93,94-98	13-22-low	-	-	-	-	-	-	-	-	-	-	-	-	-	-	
synMTS_5_059_atp8	0.003	No mitochondrial presequence	65(MPP)	-0.215	44-48	20-29-low	-	-	-	-	-	-	-	-	-	-	-	-	-	-	
synMTS_5_060_atp8	0.009	No mitochondrial presequence	81(MPP)	-0.198		9-18-low	-	-	-	-	-	-	-	-	-	-	-	-	-	-	
synMTS_5_061_atp8	0.003	No mitochondrial presequence	51(MPP)	-0.196	48-52,86-90,91-95	20-29-low	-	-	-	-	-	-	-	-	-	-	-	-	-	-	
synMTS_5_062_atp8	0.001	No mitochondrial presequence	85(MPP)	-0.094	82-86,87-91	14-23-low	-	-	-	-	-	-	-	-	-	-	-	-	-	-	
synMTS_5_063_atp8	0.001	No mitochondrial presequence	95(MPP)	-0.200	93-97	15-28-low	-	-	-	-	-	-	-	-	-	-	-	-	-	-	
synMTS_5_064_atp8	0.002	No mitochondrial presequence	55(MPP)	-0.273		14-23-low	-	-	-	-	-	-	-	-	-	-	-	-	-	-	
synMTS_5_065_atp8	0.001	No mitochondrial presequence	91(MPP)	-0.209	55-59,88-92	3-12-low	-	-	-	-	-	-	-	-	-	-	-	-	-	-	
synMTS_5_066_atp8	0.001	No mitochondrial presequence	66(MPP)	-0.212	63-67	6-15-low	-	-	-	-	-	-	-	-	-	-	-	-	-	-	
synMTS_5_067_atp8	0.000	No mitochondrial presequence	72(MPP)	-0.208	69-73	19-28-low	-	-	-	-	-	-	-	-	-	-	-	-	-	-	
synMTS_5_068_atp8	0.007	No mitochondrial presequence	54(MPP)	-0.222	90-94,95-99	7-16-low	-	-	-	-	-	-	-	-	-	-	-	-	-	-	
synMTS_5_069_atp8	0.006	No mitochondrial presequence	92(MPP)	-0.109	89-93,94-98	2-11-low	-	-	-	-	-	-	-	-	-	-	-	-	-	-	
synMTS_5_070_atp8	0.000	No mitochondrial presequence	91(MPP)	-0.220	89-93	2-11-low	-	-	-	-	-	-	-	-	-	-	-	-	-	-	
synMTS_5_071_atp8	0.001	No mitochondrial presequence	49(MPP)	-0.204	47-51,85-89,90-94	5-14-low	-	-	-	-	-	-	-	-	-	-	-	-	-	-	
synMTS_5_072_atp8	0.000	No mitochondrial presequence	92(MPP)	-0.228		20-29-low	-	-	-	-	-	-	-	-	-	-	-	-	-	-	
synMTS_5_073_atp8	0.000	No mitochondrial presequence	91(MPP)	-0.220		2-11-low	-	-	-	-	-	-	-	-	-	-	-	-	-	-	
synMTS_5_074_atp8	0.002	No mitochondrial presequence	86(MPP)	-0.221	83-87	2-14-low	-	-	-	-	-	-	-	-	-	-	-	-	-	-	
synMTS_5_075_atp8	0.000	No mitochondrial presequence	89(MPP)	-0.213		16-25-low	-	-	-	-	-	-	-	-	-	-	-	-	-	-	
synMTS_5_076_atp8	0.001	No mitochondrial presequence	94(MPP)	-0.213	69-73,91-95	13-30-low	-	-	-	-	-	-	-	-	-	-	-	-	-	-	
synMTS_5_077_atp8	0.000	No mitochondrial presequence	86(MPP)	-0.244		1-10-low	-	-	-	-	-	-	-	-	-	-	-	-	-	-	
synMTS_5_078_atp8	0.004	No mitochondrial presequence	75(MPP)	-0.200	73-77	3-12-low	-	-	-	-	-	-	-	-	-	-	-	-	-	-	
synMTS_5_079_atp8	0.001	No mitochondrial presequence	85(MPP)	-0.094	44-48,82-86,87-91	16-25-low	-	-	-	-	-	-	-	-	-	-	-	-	-	-	
synMTS_5_080_atp8	0.003	No mitochondrial presequence	88(MPP)	-0.114	22-26,85-89,90-94	20-29-high	-	-	-	-	-	-	-	-	-	-	-	-	-	-	
synMTS_5_081_atp8	0.001	No mitochondrial presequence	86(MPP)	-0.209		3-12-low	-	-	-	-	-	-	-	-	-	-	-	-	-	-	
synMTS_5_082_atp8	0.002	No mitochondrial presequence	49(MPP)	-0.184	46-50,84-88,89-93	18-28-low	-	-	-	-	-	-	-	-	-	-	-	-	-	-	
synMTS_5_083_atp8	0.006	No mitochondrial presequence	75(MPP)	-0.227		15-24-low	-	-	-	-	-	-	-	-	-	-	-	-	-	-	
synMTS_5_084_atp8	0.003	No mitochondrial presequence	76(MPP)	-0.211	10-14	8-17-low	-	-	-	-	-	-	-	-	-	-	-	-	-	-	
synMTS_5_085_atp8	0.011	No mitochondrial presequence	62(MPP)	-0.194	59-63	21-30-low	-	-	-	-	-	-	-	-	-	-	-	-	-	-	
synMTS_5_086_atp8	0.009	No mitochondrial presequence	38(MPP)	-0.263		12-23-low	-	-	-	-	-	-	-	-	-	-	-	-	-	-	
synMTS_5_087_atp8	0.000	No mitochondrial presequence	10(MPP)	-0.200	27-31	11-20-low	-	-	-	-	-	-	-	-	-	-	-	-	-	-	
synMTS_5_088_atp8	0.000	No mitochondrial presequence	86(MPP)	-0.221		19-28-low	-	-	-	-	-	-	-	-	-	-	-	-	-	-	
synMTS_5_089_atp8	0.001	No mitochondrial presequence	88(MPP)	-0.102	85-89,90-94	3-12-low	-	-	-	-	-	-	-	-	-	-	-	-	-	-	
synMTS_5_090_atp8	0.000	No mitochondrial presequence	21(MPP)	-0.238		1-10-low	-	-	-	-	-	-	-	-	-	-	-	-	-	-	
synMTS_5_091_atp8	0.004	No mitochondrial presequence	88(MPP)	-0.091	17-21,85-89,90-94	16-25-low	-	-	-	-	-	-	-	-	-	-	-	-	-	-	
synMTS_5_092_atp8	0.001	No mitochondrial presequence	73(MPP)	-0.219		7-16-low	-	-	-	-	-	-	-	-	-	-	-	-	-	-	
synMTS_5_093_atp8	0.003	No mitochondrial presequence	25(MPP)	-0.240		2-11-low	-	-	-	-	-	-	-	-	-	-	-	-	-	-	
synMTS_5_094_atp8	0.004	No mitochondrial presequence	52(MPP)	-0.192	49-53,88-92,93-97	1-11-low	-	-	-	-	-	-	-	-	-	-	-	-	-	-	
synMTS_5_095_atp8	0.000	No mitochondrial presequence	76(MPP)	-0.184		17-26-low	-	-	-	-	-	-	-	-	-	-	-	-	-	-	
synMTS_5_096_atp8	0.007	No mitochondrial presequence	93(MPP)	-0.226	22-26,90-94	2-11-low	-	-	-	-	-	-	-	-	-	-	-	-	-	-	
synMTS_5_097_atp8	0.002	No mitochondrial presequence	72(MPP)	-0.208	4-8	4-13-low	-	-	-	-	-	-	-	-	-	-	-	-	-	-	
synMTS_5_098_atp8	0.001	No mitochondrial presequence	80(MPP)	-0.212		17-26-low	-	-	-	-	-	-	-	-	-	-	-	-	-	-	
synMTS_5_099_atp8	0.000	No mitochondrial presequence	11(MPP)	-0.182		17-26-low	-	-	-	-	-	-	-	-	-	-	-	-	-	-	
synMTS_5_100_atp8	0.000	No mitochondrial presequence	22(MPP)	-0.227		16-25-low	-	-	-	-	-	-	-	-	-	-	-	-	-	-	
synMTS_5_101_atp8	0.001	No mitochondrial presequence	91(MPP)	-0.242		3-12-low	-	-	-	-	-	-	-	-	-	-	-	-	-	-	
synMTS_5_102_atp8	0.007	No mitochondrial presequence	81(MPP)	-0.222		17-26-low	-	-	-	-	-	-	-	-	-	-	-	-	-	-	
synMTS_5_103_atp8	0.002	No mitochondrial presequence	82(MPP)	-0.085	79-83,84-88	3-12-low	-	-	-	-	-	-	-	-	-	-	-	-	-	-	
synMTS_5_104_atp8	0.001	No mitochondrial presequence	83(MPP)	-0.096	80-84,85-89	17-26-low	-	-	-	-	-	-	-	-	-	-	-	-	-	-	
synMTS_5_105_atp8	0.000	No mitochondrial presequence	37(MPP)	-0.243		8-17-low	-	-	-	-	-	-	-	-	-	-	-	-	-	-	
synMTS_5_106_atp8	0.002	No mitochondrial presequence	60(MPP)	-0.200	57-61,96-100	10-19-low	-	-	-	-	-	-	-	-	-	-	-	-	-	-	
synMTS_5_107_atp8	0.001	No mitochondrial presequence	90(MPP)	-0.222	20-24,87-91	14-23-low	-	-	-	-	-	-	-	-	-	-	-	-	-	-	
synMTS_5_108_atp8	0.000	No mitochondrial presequence	91(MPP)	-0.220		19-28-high	-	-	-	-	-	-	-	-	-	-	-	-	-	-	
synMTS_5_109_atp8	0.003	No mitochondrial presequence	68(MPP)	-0.206	45-49	14-23-low	-	-	-	-	-	-	-	-	-	-	-	-	-	-	
synMTS_5_110_atp8	0.001	No mitochondrial presequence	76(MPP)	-0.211	51-55,69-73,73-77	3-14-low	-	-	-	-	-	-	-	-	-	-	-	-	-	-	
synMTS_5_111_atp8	0.000	No mitochondrial presequence	40(MPP)	-0.275		1-10-low	-	-	-	-	-	-	-	-	-	-	-	-	-	-	
synMTS_5_112_atp8	0.012	No mitochondrial presequence	82(MPP)	-0.195		9-18-low	-	-	-	-	-	-	-	-	-	-	-	-	-	-	
synMTS_5_113_atp8	0.011	No mitochondrial presequence	78(MPP)	-0.231		21-30-low	-	-	-	-	-	-	-	-	-	-	-	-	-	-	
synMTS_5_114_atp8	0.005	No mitochondrial presequence	80(MPP)	-0.188		21-30-low	-	-	-	-	-	-	-	-	-	-	-	-	-	-	
synMTS_5_115_atp8	0.001	No mitochondrial presequence	94(MPP)	-0.117	91-95,96-100	1-10-low	-	-	-	-	-	-	-	-	-	-	-	-	-	-	
synMTS_5_116_atp8	0.000	No mitochondrial presequence	87(MPP)	-0.218	84-88	7-16-low	-	-	-	-	-	-	-	-	-	-	-	-	-	-	
synMTS_5_117_atp8	0.003	No mitochondrial presequence	74(MPP)	-0.216	71-75	12-24-low	-	-	-	-	-	-	-	-	-	-	-	-	-	-	
synMTS_5_118_atp8	0.007	No mitochondrial presequence	40(MPP), 48(Oct1)	-0.250		19-28-low	-	-	-	-	-	-	-	-	-	-	-	-	-	-	
synMTS_5_119_atp8	0.002	No mitochondrial presequence	54(MPP)	-0.185	12-16,51-55,89-93,94-98	12-21-low	-	-	-	-	-	-	-	-	-	-	-	-	-	-	
synMTS_5_120_atp8	0.001	No mitochondrial presequence	58(MPP)	-0.190	94-98	4-13-low	-	-	-	-	-	-	-	-	-	-	-	-	-	-	
synMTS_5_121_atp8	0.000	No mitochondrial presequence	60(MPP)	-0.250		9-18-low	-	-	-	-	-	-	-	-	-	-	-	-	-	-	
synMTS_5_122_atp8	0.003	No mitochondrial presequence	94(MPP)	-0.234		15-24-low	-	-	-	-	-	-	-	-	-	-	-	-	-	-	
synMTS_5_123_atp8	0.002	No mitochondrial presequence	48(MPP)	-0.188	45-49,84-88,89-93	3-12-low	-	-	-	-	-	-	-	-	-	-	-	-	-	-	
synMTS_5_124_atp8	0.005	No mitochondrial presequence	63(MPP)	-0.175		4-13-low	-	-	-	-	-	-	-	-	-	-	-	-	-	-	
synMTS_5_125_atp8	0.000	No mitochondrial presequence	8(MPP)	-0.250		15-25-low	-	-	-	-	-	-	-	-	-	-	-	-	-	-	
synMTS_5_126_atp8	0.000	No mitochondrial presequence	42(MPP)	-0.238		7-16-low	-	-	-	-	-	-	-	-	-	-	-	-	-	-	
synMTS_5_127_atp8	0.001	No mitochondrial presequence	67(MPP)	-0.209		12-21-low	-	-	-	-	-	-	-	-	-	-	-	-	-	-	
synMTS_5_128_atp8	0.003	No mitochondrial presequence	76(MPP)	-0.250	22-26	4-13-low	-	-	-	-	-	-	-	-	-	-	-	-	-	-	
synMTS_5_129_atp8	0.006	No mitochondrial presequence	57(MPP)	-0.193	93-97	15-24-low	-	-	-	-	-	-	-	-	-	-	-	-	-	-	
synMTS_5_130_atp8	0.001	No mitochondrial presequence	79(MPP)	-0.228	69-73	15-25-low	-	-	-	-	-	-	-	-	-	-	-	-	-	-	
synMTS_5_131_atp8	0.006	No mitochondrial presequence	60(MPP)	-0.200	43-47,96-100	9-18-low	-	-	-	-	-	-	-	-	-	-	-	-	-	-	
synMTS_5_132_atp8	0.000	No mitochondrial presequence	57(MPP), 58(Icp55)	-0.246		4-13-low	-	-	-	-	-	-	-	-	-	-	-	-	-	-	
synMTS_5_133_atp8	0.003	No mitochondrial presequence	37(MPP)	-0.243		20-29-low	-	-	-	-	-	-	-	-	-	-	-	-	-	-	
synMTS_5_134_atp8	0.000	No mitochondrial presequence	44(MPP)	-0.250		14-25-low	-	-	-	-	-	-	-	-	-	-	-	-	-	-	
synMTS_5_135_atp8	0.001	No mitochondrial presequence	72(MPP)	-0.222		13-22-low	-	-	-	-	-	-	-	-	-	-	-	-	-	-	
synMTS_5_136_atp8	0.004	No mitochondrial presequence	47(MPP)	-0.191	44-48,83-87,88-92	4-13-low	-	-	-	-	-	-	-	-	-	-	-	-	-	-	
synMTS_5_137_atp8	0.004	No mitochondrial presequence	52(MPP)	-0.192	37-41,88-92,93-97	11-20-low	-	-	-	-	-	-	-	-	-	-	-	-	-	-	
synMTS_5_138_atp8	0.001	No mitochondrial presequence	91(MPP)	-0.231		20-29-low	-	-	-	-	-	-	-	-	-	-	-	-	-	-	
synMTS_5_139_atp8	0.001	No mitochondrial presequence	20(MPP)	-0.250		18-28-low	-	-	-	-	-	-	-	-	-	-	-	-	-	-	
synMTS_5_140_atp8	0.003	No mitochondrial presequence	52(MPP)	-0.192	49-53,87-91,92-96	6-18-low	-	-	-	-	-	-	-	-	-	-	-	-	-	-	
synMTS_5_141_atp8	0.001	No mitochondrial presequence	24(MPP)	-0.250		1-12-low	-	-	-	-	-	-	-	-	-	-	-	-	-	-	
synMTS_5_142_atp8	0.001	No mitochondrial presequence	46(MPP)	-0.196	81-85,86-90	18-28-low	-	-	-	-	-	-	-	-	-	-	-	-	-	-	
synMTS_5_143_atp8	0.001	No mitochondrial presequence	24(MPP)	-0.250		2-11-low	-	-	-	-	-	-	-	-	-	-	-	-	-	-	
synMTS_5_144_atp8	0.002	No mitochondrial presequence	54(MPP)	-0.204	90-94,95-99	9-18-low	-	-	-	-	-	-	-	-	-	-	-	-	-	-	
synMTS_5_145_atp8	0.002	No mitochondrial presequence	56(MPP)	-0.196	26-30,53-57,91-95,96-100	20-29-low	-	-	-	-	-	-	-	-	-	-	-	-	-	-	
synMTS_5_146_atp8	0.002	No mitochondrial presequence	50(MPP)	-0.180	86-90,91-95	13-24-low	-	-	-	-	-	-	-	-	-	-	-	-	-	-	
synMTS_5_147_atp8	0.000	No mitochondrial presequence	25(MPP)	-0.240	8-12	8-17-low	-	-	-	-	-	-	-	-	-	-	-	-	-	-	
synMTS_5_148_atp8	0.003	No mitochondrial presequence	79(MPP)	-0.203	76-80	10-19-high	-	-	-	-	-	-	-	-	-	-	-	-	-	-	
synMTS_5_149_atp8	0.004	No mitochondrial presequence	85(MPP)	-0.082	82-86,87-91	20-29-low	-	-	-	-	-	-	-	-	-	-	-	-	-	-	
synMTS_5_150_atp8	0.008	No mitochondrial presequence	74(MPP)	-0.230		3-12-low	-	-	-	-	-	-	-	-	-	-	-	-	-	-	
synMTS_5_151_atp8	0.000	No mitochondrial presequence	45(MPP)	-0.244		4-13-low	-	-	-	-	-	-	-	-	-	-	-	-	-	-	
synMTS_5_152_atp8	0.001	No mitochondrial presequence	91(MPP)	-0.220	88-92	7-16-low	-	-	-	-	-	-	-	-	-	-	-	-	-	-	
synMTS_5_153_atp8	0.009	No mitochondrial presequence	13(MPP)	-0.231		20-30-low	-	-	-	-	-	-	-	-	-	-	-	-	-	-	
synMTS_5_154_atp8	0.000	No mitochondrial presequence	56(MPP)	-0.214	92-96	15-24-low	-	-	-	-	-	-	-	-	-	-	-	-	-	-	
synMTS_5_155_atp8	0.004	No mitochondrial presequence	58(MPP)	-0.207	55-59,93-97	18-30-low	-	-	-	-	-	-	-	-	-	-	-	-	-	-	
synMTS_5_156_atp8	0.000	No mitochondrial presequence	4(MPP)	-0.250		16-27-low	-	-	-	-	-	-	-	-	-	-	-	-	-	-	
synMTS_5_157_atp8	0.001	No mitochondrial presequence	78(MPP)	-0.077	75-79,80-84	4-13-low	-	-	-	-	-	-	-	-	-	-	-	-	-	-	
synMTS_5_158_atp8	0.003	No mitochondrial presequence	47(MPP)	-0.191	44-48,83-87,88-92	17-26-low	-	-	-	-	-	-	-	-	-	-	-	-	-	-	
synMTS_5_159_atp8	0.003	No mitochondrial presequence	60(MPP)	-0.217	42-46,57-61,96-100	14-23-low	-	-	-	-	-	-	-	-	-	-	-	-	-	-	
synMTS_5_160_atp8	0.006	No mitochondrial presequence	51(MPP)	-0.196	86-90,91-95	6-15-low	-	-	-	-	-	-	-	-	-	-	-	-	-	-	
synMTS_5_161_atp8	0.000	No mitochondrial presequence	11(MPP)	-0.182		1-10-low	-	-	-	-	-	-	-	-	-	-	-	-	-	-	
synMTS_5_162_atp8	0.005	No mitochondrial presequence	72(MPP)	-0.222		20-29-low	-	-	-	-	-	-	-	-	-	-	-	-	-	-	
synMTS_5_163_atp8	0.002	No mitochondrial presequence	57(MPP)	-0.263		18-29-low	-	-	-	-	-	-	-	-	-	-	-	-	-	-	
synMTS_5_164_atp8	0.001	No mitochondrial presequence	65(MPP)	-0.215		5-14-low	-	-	-	-	-	-	-	-	-	-	-	-	-	-	
synMTS_5_165_atp8	0.005	No mitochondrial presequence	46(MPP)	-0.196	43-47,82-86,87-91	6-15-low	-	-	-	-	-	-	-	-	-	-	-	-	-	-	
synMTS_5_166_atp8	0.000	No mitochondrial presequence	82(MPP)	-0.073	79-83,84-88	12-21-low	-	-	-	-	-	-	-	-	-	-	-	-	-	-	
synMTS_5_167_atp8	0.000	No mitochondrial presequence	37(MPP)	-0.216		4-13-low	-	-	-	-	-	-	-	-	-	-	-	-	-	-	
synMTS_5_168_atp8	0.000	No mitochondrial presequence	84(MPP)	-0.226		8-17-low	-	-	-	-	-	-	-	-	-	-	-	-	-	-	
synMTS_5_169_atp8	0.008	No mitochondrial presequence	48(MPP)	-0.188	83-87,88-92	8-21-low	-	-	-	-	-	-	-	-	-	-	-	-	-	-	
synMTS_5_170_atp8	0.011	No mitochondrial presequence	48(MPP)	-0.208	83-87,88-92	12-21-low	-	-	-	-	-	-	-	-	-	-	-	-	-	-	
synMTS_5_171_atp8	0.002	No mitochondrial presequence	14(MPP)	-0.214		11-20-low	-	-	-	-	-	-	-	-	-	-	-	-	-	-	
synMTS_5_172_atp8	0.002	No mitochondrial presequence	81(MPP)	-0.222		3-12-high	-	-	-	-	-	-	-	-	-	-	-	-	-	-	
synMTS_5_173_atp8	0.004	No mitochondrial presequence	78(MPP)	-0.218	75-79	17-27-low	-	-	-	-	-	-	-	-	-	-	-	-	-	-	
synMTS_5_174_atp8	0.002	No mitochondrial presequence	21(MPP), 22(Icp55)	-0.238		17-26-low	-	-	-	-	-	-	-	-	-	-	-	-	-	-	
synMTS_5_175_atp8	0.002	No mitochondrial presequence	43(MPP)	-0.163	40-44,78-82,83-87	1-11-low	-	-	-	-	-	-	-	-	-	-	-	-	-	-	
synMTS_5_176_atp8	0.002	No mitochondrial presequence	19(MPP)	-0.211		10-21-low	-	-	-	-	-	-	-	-	-	-	-	-	-	-	
synMTS_5_177_atp8	0.001	No mitochondrial presequence	78(MPP), 79(Icp55)	-0.231		11-20-low	-	-	-	-	-	-	-	-	-	-	-	-	-	-	
synMTS_5_178_atp8	0.005	No mitochondrial presequence	47(MPP)	-0.213	44-48,82-86,87-91	13-22-low	-	-	-	-	-	-	-	-	-	-	-	-	-	-	
synMTS_5_179_atp8	0.004	No mitochondrial presequence	81(MPP)	-0.210		12-21-low	-	-	-	-	-	-	-	-	-	-	-	-	-	-	
synMTS_5_180_atp8	0.018	No mitochondrial presequence	63(MPP)	-0.190		19-29-low	-	-	-	-	-	-	-	-	-	-	-	-	-	-	
synMTS_5_181_atp8	0.001	No mitochondrial presequence	58(MPP)	-0.259	51-55	2-11-low	-	-	-	-	-	-	-	-	-	-	-	-	-	-	
synMTS_5_182_atp8	0.036	No mitochondrial presequence	45(MPP)	-0.178	17-21,80-84,85-89	19-29-low	-	-	-	-	-	-	-	-	-	-	-	-	-	-	
synMTS_5_183_atp8	0.002	No mitochondrial presequence	74(MPP)	-0.230		15-24-low	-	-	-	-	-	-	-	-	-	-	-	-	-	-	
synMTS_5_184_atp8	0.000	No mitochondrial presequence	64(MPP)	-0.266		2-11-low	-	-	-	-	-	-	-	-	-	-	-	-	-	-	
synMTS_5_185_atp8	0.006	No mitochondrial presequence	60(MPP)	-0.200	7-11,57-61,96-100	14-23-low	-	-	-	-	-	-	-	-	-	-	-	-	-	-	
synMTS_5_186_atp8	0.003	No mitochondrial presequence	81(MPP)	-0.198		5-14-low	-	-	-	-	-	-	-	-	-	-	-	-	-	-	
synMTS_5_187_atp8	0.000	No mitochondrial presequence	51(MPP)	-0.196	87-91,92-96	3-13-low	-	-	-	-	-	-	-	-	-	-	-	-	-	-	
synMTS_5_188_atp8	0.000	No mitochondrial presequence	53(MPP)	-0.245		5-14-low	-	-	-	-	-	-	-	-	-	-	-	-	-	-	
synMTS_5_189_atp8	0.000	No mitochondrial presequence	51(MPP)	-0.216	86-90,91-95	9-18-low	-	-	-	-	-	-	-	-	-	-	-	-	-	-	
synMTS_5_190_atp8	0.000	No mitochondrial presequence	95(MPP)	-0.232		10-20-low	-	-	-	-	-	-	-	-	-	-	-	-	-	-	
synMTS_5_191_atp8	0.008	No mitochondrial presequence	80(MPP)	-0.087	77-81,82-86	8-17-low	-	-	-	-	-	-	-	-	-	-	-	-	-	-	
synMTS_5_192_atp8	0.003	No mitochondrial presequence	55(MPP)	-0.200	52-56,91-95,96-100	9-18-low	-	-	-	-	-	-	-	-	-	-	-	-	-	-	
synMTS_5_193_atp8	0.000	No mitochondrial presequence	42(MPP)	-0.262		1-10-low	-	-	-	-	-	-	-	-	-	-	-	-	-	-	
synMTS_5_194_atp8	0.000	No mitochondrial presequence	25(MPP)	-0.280		20-29-low	-	-	-	-	-	-	-	-	-	-	-	-	-	-	
synMTS_5_195_atp8	0.002	No mitochondrial presequence	70(MPP)	-0.214		6-15-low	-	-	-	-	-	-	-	-	-	-	-	-	-	-	
synMTS_5_196_atp8	0.002	No mitochondrial presequence	83(MPP)	-0.084	42-46,80-84,85-89	4-13-low	-	-	-	-	-	-	-	-	-	-	-	-	-	-	
synMTS_5_197_atp8	0.001	No mitochondrial presequence	77(MPP)	-0.234		9-18-low	-	-	-	-	-	-	-	-	-	-	-	-	-	-	
synMTS_5_198_atp8	0.005	No mitochondrial presequence	10(MPP)	-0.200		6-15-low	-	-	-	-	-	-	-	-	-	-	-	-	-	-	
synMTS_5_199_atp8	0.009	No mitochondrial presequence	94(MPP)	-0.202		2-11-low	-	-	-	-	-	-	-	-	-	-	-	-	-	-	
synMTS_5_200_atp8	0.001	No mitochondrial presequence	9(MPP)	-0.222		18-30-low	-	-	-	-	-	-	-	-	-	-	-	-	-	-	
synMTS_6_001_atp8	0.015	No mitochondrial presequence	50(MPP)	0.020	85-89,90-94	16-25-low	-	-	-	-	-	-	-	-	-	-	-	-	-	-	
synMTS_6_002_atp8	0.001	No mitochondrial presequence	80(MPP)	0.087	31-35,74-78,77-81	20-30-low	-	-	-	-	-	-	-	-	-	-	-	-	-	-	
synMTS_6_003_atp8	0.007	No mitochondrial presequence	45(MPP), 46(Icp55)	-0.044	3-7	2-11-high	-	-	-	-	-	-	-	-	-	-	-	-	-	-	
synMTS_6_004_atp8	0.008	No mitochondrial presequence	61(MPP)	0.033	49-53,96-100	21-30-low	-	-	-	-	-	-	-	-	-	-	-	-	-	-	
synMTS_6_005_atp8	0.000	No mitochondrial presequence	83(MPP)	-0.072	48-52	16-26-low	-	-	-	-	-	-	-	-	-	-	-	-	-	-	
synMTS_6_006_atp8	0.017	No mitochondrial presequence	15(MPP)	-0.133	25-29,91-95	9-18-high	-	-	-	-	-	-	-	-	-	-	-	-	-	-	
synMTS_6_007_atp8	0.000	No mitochondrial presequence	47(MPP)	-0.021		18-27-low	-	-	-	-	-	-	-	-	-	-	-	-	-	-	
synMTS_6_008_atp8	0.014	No mitochondrial presequence	94(MPP)	0.032	56-60	16-25-low	-	-	-	-	-	-	-	-	-	-	-	-	-	-	
synMTS_6_009_atp8	0.052	No mitochondrial presequence	84(MPP)	0.024	81-85,86-90	12-21-low	-	-	-	-	-	-	-	16-21	-	15-20	-	-	-	-	
synMTS_6_010_atp8	0.022	No mitochondrial presequence	95(MPP)	-0.032	11-15,81-85	15-24-high	-	-	-	-	-	-	-	-	14-19	-	-	-	-	-	
synMTS_6_011_atp8	0.029	No mitochondrial presequence	68(MPP)	-0.029	41-45,45-49	3-12-high	-	-	-	-	-	-	-	-	-	-	-	-	-	9-14	
synMTS_6_012_atp8	0.006	No mitochondrial presequence	29(MPP)	-0.103	22-26	21-30-low	-	-	-	-	-	-	-	-	-	-	-	-	-	-	
synMTS_6_013_atp8	0.017	No mitochondrial presequence	73(MPP)	-0.027	70-74	6-16-low	-	-	-	-	-	-	-	-	-	-	-	-	-	-	
synMTS_6_014_atp8	0.020	No mitochondrial presequence	58(MPP)	0.034	7-11,94-98	16-25-high	-	-	-	-	-	-	-	-	-	-	-	-	-	-	
synMTS_6_015_atp8	0.022	No mitochondrial presequence	70(MPP)	0.071		9-18-high	-	-	-	-	-	-	-	-	-	-	-	-	-	-	
synMTS_6_016_atp8	0.054	No mitochondrial presequence	23(MPP)	0.043	4-8,8-12,52-56,77-81	4-13-high	-	-	-	-	-	-	-	-	-	-	-	-	-	-	
synMTS_6_017_atp8	0.002	No mitochondrial presequence	76(MPP)	-0.039	41-45,49-53,52-56,56-60,73-77	6-19-low	-	-	-	-	-	-	-	-	-	-	-	-	-	-	
synMTS_6_018_atp8	0.022	No mitochondrial presequence	87(MPP)	0.034	33-37,48-52,51-55,80-84,84-88	14-23-high	-	-	-	-	-	-	-	-	-	-	-	-	-	-	
synMTS_6_019_atp8	0.001	No mitochondrial presequence	79(MPP)	0.013		3-12-low	-	-	-	-	-	-	-	-	-	-	-	-	-	-	
synMTS_6_020_atp8	0.005	No mitochondrial presequence	87(MPP)	-0.011	43-47,84-88,89-93	2-11-low	-	-	-	-	-	-	-	-	-	-	-	-	-	-	
synMTS_6_021_atp8	0.020	No mitochondrial presequence	40(MPP), 41(Icp55)	0.000	22-26	8-17-low	-	-	-	-	-	-	-	-	-	-	-	-	-	-	
synMTS_6_022_atp8	0.006	No mitochondrial presequence	75(MPP)	0.027	25-29	17-28-low	-	-	-	-	-	-	-	-	-	-	-	-	-	-	
synMTS_6_023_atp8	0.005	No mitochondrial presequence	59(MPP)	-0.119	49-53,95-99	2-11-low	-	-	-	-	-	-	-	-	-	-	-	-	-	-	
synMTS_6_024_atp8	0.020	No mitochondrial presequence	42(MPP)	-0.119	3-7,31-35,78-82,83-87	2-11-low	-	-	-	-	-	-	-	-	-	-	-	2-7	-	-	
synMTS_6_025_atp8	0.003	No mitochondrial presequence	16(MPP)	-0.062	2-6,36-40,55-59,75-79,81-85	2-14-low	-	-	-	-	-	-	-	-	-	-	-	-	-	-	
synMTS_6_026_atp8	0.064	No mitochondrial presequence	66(MPP)	0.000	2-6,53-57,58-62	2-12-high	-	-	-	-	-	10-15	-	-	-	-	-	-	-	9-14	
synMTS_6_027_atp8	0.005	No mitochondrial presequence	78(MPP)	0.038	34-38	14-23-low	-	-	-	-	-	-	-	-	-	-	-	-	-	-	
synMTS_6_028_atp8	0.066	No mitochondrial presequence	57(MPP)	0.088	14-18,93-97	16-25-low	-	-	-	-	-	-	-	-	-	-	-	-	-	-	
synMTS_6_029_atp8	0.008	No mitochondrial presequence	83(MPP)	-0.084	80-84	8-17-low	-	-	-	-	-	-	-	-	-	-	-	-	-	-	
synMTS_6_030_atp8	0.011	No mitochondrial presequence	7(MPP)	-0.143	27-31,44-48,52-56	21-30-high	-	-	-	-	-	-	-	-	-	-	-	-	-	-	
synMTS_6_031_atp8	0.006	No mitochondrial presequence	84(MPP)	0.071	13-17	20-29-high	-	-	-	-	-	-	-	-	-	-	-	12-17	-	-	
synMTS_6_032_atp8	0.032	No mitochondrial presequence	81(MPP)	0.037	3-7,39-43,78-82,83-87	21-30-low	-	-	-	-	3-8	-	-	-	-	-	-	-	-	-	
synMTS_6_033_atp8	0.012	No mitochondrial presequence	60(MPP)	0.050	7-11,57-61,96-100	3-14-low	-	-	-	-	-	-	-	-	-	-	-	-	-	-	
synMTS_6_034_atp8	0.027	No mitochondrial presequence	84(MPP)	-0.071	67-71	19-28-high	-	-	-	-	-	-	-	20-25	-	-	-	-	-	19-24	
synMTS_6_035_atp8	0.026	No mitochondrial presequence	62(MPP)	-0.016	26-30	7-16-low	-	-	-	-	-	-	-	-	-	-	-	-	-	-	
synMTS_6_036_atp8	0.004	No mitochondrial presequence	59(MPP), 60(Icp55)	-0.085	14-18,47-51,57-61,61-65,95-99	16-25-low	-	-	-	-	-	-	-	-	-	-	-	-	-	-	
synMTS_6_037_atp8	0.002	No mitochondrial presequence	41(MPP)	0.073		18-27-low	-	-	-	-	-	-	-	-	-	-	-	-	-	-	
synMTS_6_038_atp8	0.001	No mitochondrial presequence	44(MPP)	-0.023	13-17,26-30,33-37,36-40,79-83,84-88	16-25-low	-	-	-	-	-	-	-	-	-	-	-	-	-	-	
synMTS_6_039_atp8	0.003	No mitochondrial presequence	86(MPP)	0.000		6-15-low	-	-	-	-	-	-	-	-	-	-	-	-	-	-	
synMTS_6_040_atp8	0.009	No mitochondrial presequence	14(MPP), 15(Icp55)	-0.071	3-7	17-28-low	-	-	-	-	-	-	-	-	-	-	-	-	-	-	
synMTS_6_041_atp8	0.004	No mitochondrial presequence	91(MPP)	0.044	39-43	3-12-low	-	-	-	-	-	-	-	-	-	-	-	-	-	-	
synMTS_6_042_atp8	0.035	No mitochondrial presequence	6(MPP)	-0.167	72-76,89-93	8-17-low	-	-	-	-	-	-	11-16	-	-	18-23	-	-	-	10-15	
synMTS_6_043_atp8	0.006	No mitochondrial presequence	56(MPP)	-0.054	38-42	21-30-low	-	-	-	-	-	-	-	-	-	-	-	-	-	-	
synMTS_6_044_atp8	0.008	No mitochondrial presequence	8(MPP)	-0.250	39-43,60-64,85-89	13-22-high	-	-	-	-	-	-	-	-	-	-	-	-	-	-	
synMTS_6_045_atp8	0.003	No mitochondrial presequence	61(MPP)	-0.033	96-100	9-18-low	-	-	-	-	-	-	-	-	-	-	-	-	-	-	
synMTS_6_046_atp8	0.003	No mitochondrial presequence	95(MPP)	0.011	51-55,59-63,66-70,93-97	6-15-low	-	-	-	-	-	-	-	-	-	-	-	-	-	-	
synMTS_6_047_atp8	0.020	No mitochondrial presequence	83(MPP)	0.000	15-19,80-84,85-89	6-15-low	-	-	-	-	-	-	-	-	-	-	-	-	-	-	
synMTS_6_048_atp8	0.005	No mitochondrial presequence	65(MPP)	-0.031	18-22,23-27	3-14-low	-	-	-	-	-	-	-	-	-	-	-	-	-	-	
synMTS_6_049_atp8	0.036	No mitochondrial presequence	28(MPP)	0.036	8-12,11-15,86-90	4-13-high	-	-	-	-	8-13	-	-	-	-	-	-	-	-	-	
synMTS_6_050_atp8	0.078	No mitochondrial presequence	83(MPP)	0.108	8-12,20-24,29-33,45-49,49-53,57-61	2-11-high	-	-	-	-	-	-	24-29	-	-	23-28	-	-	-	-	
synMTS_6_051_atp8	0.024	No mitochondrial presequence	91(MPP)	0.033	22-26,49-53,88-92,93-97	17-26-low	-	-	-	-	-	-	-	-	-	-	-	-	-	-	
synMTS_6_052_atp8	0.040	No mitochondrial presequence	92(MPP)	0.087	51-55,86-90,89-93	10-19-low	-	-	-	-	-	-	-	-	-	-	-	-	-	-	
synMTS_6_053_atp8	0.001	No mitochondrial presequence	48(MPP)	-0.125	86-90,94-98	1-10-low	-	-	-	-	-	-	-	-	-	-	-	-	-	-	
synMTS_6_054_atp8	0.112	No mitochondrial presequence	90(MPP)	0.067	41-45,87-91,92-96	3-12-high	-	-	-	-	-	-	-	-	-	21-26	-	-	-	-	
synMTS_6_055_atp8	0.007	No mitochondrial presequence	8(MPP)	0.125	76-80,79-83	10-19-low	-	-	-	-	-	-	-	-	-	-	-	-	-	-	
synMTS_6_056_atp8	0.048	No mitochondrial presequence	83(MPP)	0.072	80-84,85-89	7-16-high	-	-	-	-	-	-	-	-	-	-	-	-	-	-	
synMTS_6_057_atp8	0.001	No mitochondrial presequence	30(MPP)	-0.067	10-14,24-28	17-26-low	-	-	-	-	-	-	-	-	-	-	-	-	-	-	
synMTS_6_058_atp8	0.001	No mitochondrial presequence	34(MPP)	-0.147		19-28-low	-	-	-	-	-	-	-	-	-	-	-	-	-	-	
synMTS_6_059_atp8	0.005	No mitochondrial presequence	6(MPP)	-0.167	63-67,80-84	2-11-low	-	-	-	-	-	-	-	-	-	-	-	-	-	-	
synMTS_6_060_atp8	0.020	No mitochondrial presequence	73(MPP)	0.027	43-47,47-51	11-20-low	-	-	-	-	-	-	-	-	-	-	-	-	-	-	
synMTS_6_061_atp8	0.042	No mitochondrial presequence	84(MPP)	0.036	23-27,50-54,67-71,81-85	3-14-low	-	-	-	-	-	-	-	-	-	-	-	-	-	-	
synMTS_6_062_atp8	0.027	No mitochondrial presequence	93(MPP)	0.022	61-65,91-95	19-28-low	-	-	-	-	-	-	-	-	-	-	-	-	-	-	
synMTS_6_063_atp8	0.037	No mitochondrial presequence	9(MPP)	0.111	25-29	18-27-low	-	-	-	-	-	-	-	-	-	-	-	-	-	-	
synMTS_6_064_atp8	0.010	No mitochondrial presequence	66(MPP)	0.045	36-40,41-45	11-22-low	-	-	-	-	-	-	-	-	-	-	-	-	-	-	
synMTS_6_065_atp8	0.012	No mitochondrial presequence	88(MPP)	0.057	85-89,90-94	4-13-low	-	-	-	-	-	-	-	-	-	-	-	-	-	-	
synMTS_6_066_atp8	0.059	No mitochondrial presequence	88(MPP)	0.023	10-14,47-51,85-89,90-94	5-14-high	-	-	-	-	-	-	-	-	-	-	-	9-14	-	-	
synMTS_6_067_atp8	0.014	No mitochondrial presequence	77(MPP)	0.000	27-31,74-78	7-16-low	-	-	-	-	-	-	-	-	-	-	-	-	-	-	
synMTS_6_068_atp8	0.000	No mitochondrial presequence	9(MPP)	-0.222	33-37	2-11-low	-	-	-	-	-	-	-	-	-	-	-	-	-	-	
synMTS_6_069_atp8	0.016	No mitochondrial presequence	84(MPP)	-0.012	15-19,81-85,86-90	17-26-low	-	-	-	-	-	-	-	-	-	-	-	-	-	-	
synMTS_6_070_atp8	0.072	No mitochondrial presequence	89(MPP)	0.067		19-30-high	-	-	-	-	-	-	-	-	-	-	-	-	-	-	
synMTS_6_071_atp8	0.014	No mitochondrial presequence	7(MPP)	0.143	58-62,74-78,78-82,94-98	8-19-low	-	-	-	-	-	-	-	-	-	-	-	-	-	-	
synMTS_6_072_atp8	0.042	No mitochondrial presequence	62(MPP)	-0.081	24-28	13-22-high	-	-	-	-	-	-	-	-	22-27	-	-	-	-	-	
synMTS_6_073_atp8	0.011	No mitochondrial presequence	59(MPP)	0.000	95-99	17-28-low	-	-	-	-	-	-	-	-	-	-	-	-	-	-	
synMTS_6_074_atp8	0.002	No mitochondrial presequence	64(MPP)	0.031	35-39	21-30-low	-	-	-	-	-	-	-	-	-	-	-	-	-	-	
synMTS_6_075_atp8	0.018	No mitochondrial presequence	79(MPP)	0.000	33-37,37-41,76-80,81-85	3-14-low	-	-	-	-	-	-	-	-	-	-	-	-	-	-	
synMTS_6_076_atp8	0.004	No mitochondrial presequence	21(MPP)	0.095	17-21,92-96	12-21-low	-	-	-	-	-	-	-	-	-	-	-	16-21	-	-	
synMTS_6_077_atp8	0.047	No mitochondrial presequence	67(MPP)	0.015	16-20,36-40,64-68	1-10-high	-	-	-	-	-	-	-	-	-	-	-	-	-	-	
synMTS_6_078_atp8	0.020	No mitochondrial presequence	14(MPP)	0.000	20-24,31-35,78-82	19-28-high	-	-	-	-	-	24-29	-	-	-	23-28	-	-	-	-	
synMTS_6_079_atp8	0.014	No mitochondrial presequence	32(MPP)	-0.031	20-24,71-75,79-83	18-27-low	-	-	-	-	-	-	-	-	-	-	-	-	-	-	
synMTS_6_080_atp8	0.000	No mitochondrial presequence	79(MPP)	-0.063	62-66,77-81	2-11-high	-	-	-	-	-	-	-	-	-	-	-	-	-	-	
synMTS_6_081_atp8	0.078	No mitochondrial presequence	62(MPP)	0.016	51-55	15-24-high	-	-	-	-	-	-	-	-	-	-	-	-	-	-	
synMTS_6_082_atp8	0.002	No mitochondrial presequence	76(MPP)	-0.026	13-17,41-45,69-73,73-77	6-15-low	-	-	-	-	-	-	-	-	-	-	-	-	-	-	
synMTS_6_083_atp8	0.001	No mitochondrial presequence	51(MPP), 59(Oct1)	0.000	32-36,73-77	10-19-low	-	12-17	-	-	-	-	-	-	-	-	-	-	-	-	
synMTS_6_084_atp8	0.000	No mitochondrial presequence	74(MPP)	-0.014	48-52	2-15-low	-	-	-	-	-	-	-	-	-	-	-	-	-	-	
synMTS_6_085_atp8	0.030	No mitochondrial presequence	93(MPP)	0.043	4-8,69-73,90-94	3-12-high	-	-	20-25	-	-	-	-	-	-	-	-	-	-	-	
synMTS_6_086_atp8	0.003	No mitochondrial presequence	61(MPP)	-0.049	2-6,96-100	1-10-high	-	-	-	-	-	-	-	-	-	-	-	-	-	-	
synMTS_6_087_atp8	0.020	No mitochondrial presequence	61(MPP)	-0.066	6-10,15-19,59-63	2-12-low	-	-	-	-	-	-	-	-	-	-	-	-	-	-	
synMTS_6_088_atp8	0.021	No mitochondrial presequence	47(MPP)	0.106	14-18,83-87,88-92	13-22-low	-	-	-	-	-	-	-	-	-	-	-	-	-	-	
synMTS_6_089_atp8	0.005	No mitochondrial presequence	87(MPP)	-0.069	48-52,69-73	10-19-low	-	-	-	-	-	-	-	-	-	-	-	-	-	-	
synMTS_6_090_atp8	0.032	No mitochondrial presequence	27(MPP)	0.074	16-20,73-77	4-13-high	-	-	-	-	-	-	-	-	-	-	-	-	-	-	
synMTS_6_091_atp8	0.001	No mitochondrial presequence	93(MPP)	-0.075		9-18-low	-	-	-	-	-	-	-	-	-	-	-	-	-	-	
synMTS_6_092_atp8	0.026	No mitochondrial presequence	10(MPP)	0.100	9-13,16-20,35-39,80-84	11-20-high	-	-	-	-	-	-	-	-	-	-	-	-	-	-	
synMTS_6_093_atp8	0.015	No mitochondrial presequence	16(MPP)	0.188	12-16,24-28,65-69,90-94	9-18-low	-	-	-	-	-	-	-	-	-	-	-	11-16	-	-	
synMTS_6_094_atp8	0.004	No mitochondrial presequence	83(MPP)	0.000	8-12,32-36,36-40,39-43,54-58,75-79	19-28-low	-	-	-	-	-	-	-	-	-	-	-	-	-	-	
synMTS_6_095_atp8	0.002	No mitochondrial presequence	69(MPP)	0.072	47-51,61-65	21-30-low	-	-	-	-	-	-	-	-	-	-	-	-	-	-	
synMTS_6_096_atp8	0.001	No mitochondrial presequence	8(MPP), 9(Icp55)	0.250		1-10-high	-	-	-	-	-	-	-	-	-	-	-	-	-	-	
synMTS_6_097_atp8	0.020	No mitochondrial presequence	74(MPP)	0.068	22-26,34-38,71-75	4-14-low	-	-	-	-	-	-	-	-	7-12	-	-	-	-	-	
synMTS_6_098_atp8	0.028	No mitochondrial presequence	82(MPP)	0.000	13-17,20-24,34-38,38-42,79-83	13-22-high	-	-	-	-	-	-	-	-	-	-	-	-	-	-	
synMTS_6_099_atp8	0.003	No mitochondrial presequence	70(MPP)	-0.086	4-8	18-27-high	-	-	-	-	-	-	-	-	-	-	-	-	-	-	
synMTS_6_100_atp8	0.023	No mitochondrial presequence	40(MPP), 41(Icp55)	-0.025	33-37,47-51,65-69	5-14-low	-	-	-	-	-	-	-	-	-	-	-	-	-	-	
synMTS_6_101_atp8	0.009	No mitochondrial presequence	13(MPP)	-0.231	27-31,64-68	20-29-high	-	-	-	-	-	-	-	-	-	-	-	-	-	-	
synMTS_6_102_atp8	0.010	No mitochondrial presequence	84(MPP)	-0.083	81-85	8-17-low	-	-	-	-	-	-	-	-	-	-	-	-	-	-	
synMTS_6_103_atp8	0.194	No mitochondrial presequence	60(MPP)	0.217	7-11,96-100	20-29-high	-	-	-	-	-	-	-	-	-	-	-	-	-	-	
synMTS_6_104_atp8	0.012	No mitochondrial presequence	92(MPP)	-0.022	34-38,46-50,75-79,85-89	20-29-low	-	-	-	-	-	-	-	-	-	-	-	-	-	-	
synMTS_6_105_atp8	0.000	No mitochondrial presequence	74(MPP)	0.000	33-37,66-70	21-30-low	-	-	-	-	-	-	-	-	-	-	-	-	-	-	
synMTS_6_106_atp8	0.020	No mitochondrial presequence	88(MPP)	0.023	78-82,85-89	4-13-low	-	-	-	-	-	-	-	-	-	-	-	-	-	-	
synMTS_6_107_atp8	0.049	No mitochondrial presequence	67(MPP)	0.000	22-26,26-30,57-61	8-17-low	-	-	-	-	-	-	-	-	-	-	-	25-30	-	-	
synMTS_6_108_atp8	0.003	No mitochondrial presequence	65(MPP)	-0.015	36-40,41-45,44-48,54-58	20-30-low	-	-	-	-	-	-	-	-	-	-	-	-	-	-	
synMTS_6_109_atp8	0.004	No mitochondrial presequence	79(MPP)	0.000		15-26-low	-	-	-	-	-	-	-	-	-	-	-	-	-	-	
synMTS_6_110_atp8	0.004	No mitochondrial presequence	11(MPP), 12(Icp55)	-0.182	31-35,50-54,96-100	15-25-low	-	-	-	-	-	-	-	-	-	-	-	-	-	-	
synMTS_6_111_atp8	0.005	No mitochondrial presequence	15(MPP)	-0.067	26-30,36-40	16-25-low	-	-	-	-	-	-	-	-	-	-	-	-	-	-	
synMTS_6_112_atp8	0.009	No mitochondrial presequence	15(MPP)	0.067	9-13,54-58,60-64,93-97	5-14-high	-	-	-	-	-	-	4-9	-	-	3-8	-	-	-	-	
synMTS_6_113_atp8	0.015	No mitochondrial presequence	57(MPP), 58(Icp55)	0.000	4-8,19-23,86-90	1-10-low	-	-	-	-	-	-	-	-	-	-	-	-	-	-	
synMTS_6_114_atp8	0.039	No mitochondrial presequence	93(MPP)	-0.011	67-71	21-30-high	-	-	-	-	-	17-22	-	-	-	16-21	-	-	-	-	
synMTS_6_115_atp8	0.004	No mitochondrial presequence	19(MPP)	0.000	35-39	12-21-low	-	-	-	-	-	-	-	-	-	-	-	-	-	-	
synMTS_6_116_atp8	0.006	No mitochondrial presequence	15(MPP)	-0.200	62-66	19-28-low	-	-	-	-	-	-	-	-	-	-	-	-	-	-	
synMTS_6_117_atp8	0.003	No mitochondrial presequence	56(MPP)	0.018	9-13,48-52,92-96	1-12-low	-	-	-	-	-	-	-	-	-	-	-	-	-	-	
synMTS_6_118_atp8	0.001	No mitochondrial presequence	30(MPP)	-0.033	48-52	5-14-low	-	-	-	-	-	-	-	-	-	-	-	-	-	-	
synMTS_6_119_atp8	0.045	No mitochondrial presequence	51(MPP)	0.020	15-19,87-91,92-96	7-19-high	-	-	-	-	-	-	-	-	-	-	-	-	-	-	
synMTS_6_120_atp8	0.017	No mitochondrial presequence	49(MPP)	0.061	11-15,22-26,32-36	11-22-high	-	-	-	-	-	-	-	-	-	-	-	-	-	-	
synMTS_6_121_atp8	0.016	No mitochondrial presequence	78(MPP)	-0.077	11-15,39-43,47-51,66-70	9-18-high	-	-	-	-	-	-	-	-	-	-	-	-	-	-	
synMTS_6_122_atp8	0.016	No mitochondrial presequence	95(MPP)	-0.074	58-62	16-25-low	-	-	-	-	-	-	-	-	-	-	-	-	-	-	
synMTS_6_123_atp8	0.007	No mitochondrial presequence	93(MPP)	0.022	90-94,95-99	21-30-high	-	-	-	-	-	-	-	-	-	-	-	-	-	-	
synMTS_6_124_atp8	0.005	No mitochondrial presequence	87(MPP)	-0.034		1-10-high	-	-	-	-	-	-	-	-	-	-	-	-	-	-	
synMTS_6_125_atp8	0.001	No mitochondrial presequence	4(MPP)	-0.250	19-23,52-56,55-59	17-26-low	-	-	-	-	-	-	-	-	-	-	-	-	-	-	
synMTS_6_126_atp8	0.001	No mitochondrial presequence	37(MPP)	-0.027	60-64	4-13-low	-	-	-	-	-	-	-	-	-	-	-	-	-	-	
synMTS_6_127_atp8	0.019	No mitochondrial presequence	46(MPP)	-0.065	15-19,31-35,82-86,87-91	10-19-low	-	-	-	-	-	-	-	-	-	-	-	-	-	-	
synMTS_6_128_atp8	0.001	No mitochondrial presequence	88(MPP)	-0.011		11-20-high	-	-	-	-	-	-	-	-	-	-	-	-	-	-	
synMTS_6_129_atp8	0.043	No mitochondrial presequence	87(MPP)	0.115	16-20,30-34,34-38,84-88,89-93	21-30-low	-	-	-	-	-	-	-	-	-	-	-	-	-	-	
synMTS_6_130_atp8	0.020	No mitochondrial presequence	79(MPP)	0.038	59-63	18-27-high	-	-	-	-	-	-	-	-	-	-	-	-	-	-	
synMTS_6_131_atp8	0.003	No mitochondrial presequence	22(MPP)	-0.045	8-12,56-60,60-64,69-73	12-21-low	-	-	-	-	-	-	-	-	-	-	-	-	-	-	
synMTS_6_132_atp8	0.010	No mitochondrial presequence	62(MPP)	0.065	30-34,34-38	7-16-low	-	-	-	-	-	-	-	-	-	-	-	-	-	-	
synMTS_6_133_atp8	0.027	No mitochondrial presequence	36(MPP)	0.083	45-49,92-96,95-99	7-16-high	-	-	-	-	-	-	-	-	-	-	-	-	-	-	
synMTS_6_134_atp8	0.015	No mitochondrial presequence	42(MPP)	0.000	26-30,35-39,39-43,78-82,83-87	21-30-high	-	-	-	-	-	-	-	-	-	-	-	-	-	-	
synMTS_6_135_atp8	0.005	No mitochondrial presequence	67(MPP)	-0.015	41-45,56-60	14-23-low	-	-	-	-	-	-	-	-	-	-	-	-	-	-	
synMTS_6_136_atp8	0.027	No mitochondrial presequence	45(MPP)	0.000	9-13,14-18,42-46,81-85,86-90	13-22-high	-	-	-	-	-	-	-	-	-	-	-	-	-	-	
synMTS_6_137_atp8	0.001	No mitochondrial presequence	43(MPP)	-0.023	15-19,40-44,79-83,84-88	18-27-low	-	-	-	-	-	-	-	-	-	-	-	-	-	-	
synMTS_6_138_atp8	0.034	No mitochondrial presequence	53(MPP)	0.113	1-5	19-29-low	-	-	-	-	-	-	-	-	-	-	-	-	-	-	
synMTS_6_139_atp8	0.023	No mitochondrial presequence	51(MPP)	0.020	3-7,87-91,92-96	8-17-low	-	-	-	-	-	13-18	-	-	-	12-17	-	-	-	-	
synMTS_6_140_atp8	0.014	No mitochondrial presequence	29(MPP), 30(Icp55)	0.000	49-53,54-58,67-71	10-19-high	-	-	-	-	-	-	-	-	-	-	-	-	-	-	
synMTS_6_141_atp8	0.002	No mitochondrial presequence	6(MPP)	0.167	27-31,31-35,51-55,91-95	17-30-low	-	-	-	-	-	-	-	-	-	-	-	-	-	-	
synMTS_6_142_atp8	0.001	No mitochondrial presequence	84(MPP)	0.024	36-40	19-28-low	-	-	-	-	-	-	-	-	-	-	-	-	-	-	
synMTS_6_143_atp8	0.000	No mitochondrial presequence	16(MPP)	-0.125	52-56	1-10-low	-	-	-	-	-	-	-	-	-	-	-	-	-	-	
synMTS_6_144_atp8	0.032	No mitochondrial presequence	23(MPP)	-0.130	21-25,24-28,45-49,56-60,79-83	18-27-high	-	-	25-30	-	24-29	-	-	-	-	-	-	-	-	-	
synMTS_6_145_atp8	0.014	No mitochondrial presequence	72(MPP)	-0.139	69-73	17-26-low	-	-	-	-	-	-	18-23	-	-	-	-	-	-	17-22	
synMTS_6_146_atp8	0.001	No mitochondrial presequence	90(MPP)	0.033	40-44,71-75,77-81,80-84,88-92	7-16-low	-	-	-	-	-	-	-	-	-	-	-	-	-	-	
synMTS_6_147_atp8	0.012	No mitochondrial presequence	10(MPP), 11(Icp55)	0.200	4-8,7-11,24-28,95-99	2-11-high	-	-	-	-	4-9	-	-	-	-	-	-	-	-	-	
synMTS_6_148_atp8	0.005	No mitochondrial presequence	87(MPP)	-0.034	12-16,20-24,36-40,54-58,74-78,85-89	16-27-low	-	-	-	-	-	-	-	-	-	-	-	-	-	-	
synMTS_6_149_atp8	0.024	No mitochondrial presequence	94(MPP)	-0.032	14-18,39-43,91-95,96-100	14-23-low	-	-	-	3-8	-	-	-	-	-	-	-	-	-	-	
synMTS_6_150_atp8	0.012	No mitochondrial presequence	90(MPP)	0.011		15-24-low	-	-	-	-	-	-	-	-	-	-	-	-	-	-	
synMTS_6_151_atp8	0.007	No mitochondrial presequence	56(MPP)	0.036	53-57,92-96	13-22-low	-	-	-	-	-	-	-	-	-	-	-	-	-	-	
synMTS_6_152_atp8	0.014	No mitochondrial presequence	15(MPP)	-0.067		1-10-low	-	-	-	-	-	-	-	4-9	16-21	-	-	-	-	-	
synMTS_6_153_atp8	0.002	No mitochondrial presequence	84(MPP)	0.036	31-35,45-49	15-24-high	-	-	-	-	-	-	-	-	-	-	-	-	-	-	
synMTS_6_154_atp8	0.044	No mitochondrial presequence	50(MPP)	0.080	27-31,36-40,47-51,86-90,91-95	3-12-low	-	-	-	-	-	-	-	-	-	-	-	-	-	-	
synMTS_6_155_atp8	0.008	No mitochondrial presequence	91(MPP)	-0.011	31-35,50-54,88-92,93-97	3-12-low	-	-	-	-	-	-	-	-	-	-	-	-	-	-	
synMTS_6_156_atp8	0.017	No mitochondrial presequence	63(MPP)	0.032	25-29,29-33	2-11-low	-	-	-	-	-	-	21-26	-	-	-	-	-	-	20-25	
synMTS_6_157_atp8	0.091	No mitochondrial presequence	86(MPP)	0.023	83-87,88-92	13-22-high	-	-	-	-	-	-	-	15-20	-	-	-	-	-	14-19	
synMTS_6_158_atp8	0.045	No mitochondrial presequence	6(MPP)	-0.167	31-35	6-16-low	-	8-13	-	-	-	6-11	-	-	-	5-10	-	-	-	-	
synMTS_6_159_atp8	0.001	No mitochondrial presequence	94(MPP)	-0.043	39-43,74-78,91-95	5-14-low	-	-	-	-	-	-	-	-	-	-	-	-	-	-	
synMTS_6_160_atp8	0.012	No mitochondrial presequence	24(MPP), 25(Icp55)	0.125	25-29,46-50	21-30-high	-	19-24	-	-	25-30	-	-	-	-	-	-	-	-	-	
synMTS_6_161_atp8	0.020	No mitochondrial presequence	81(MPP)	0.037	20-24,39-43,74-78	20-29-high	-	-	-	-	-	23-28	-	-	18-23	-	17-22	-	-	-	
synMTS_6_162_atp8	0.035	No mitochondrial presequence	79(MPP)	-0.051	2-6,76-80,81-85	20-29-low	-	-	-	-	-	-	-	-	-	-	-	-	-	-	
synMTS_6_163_atp8	0.013	No mitochondrial presequence	84(MPP)	-0.071	12-16	21-30-low	-	-	-	-	12-17	-	-	-	-	-	-	-	-	-	
synMTS_6_164_atp8	0.039	No mitochondrial presequence	8(MPP), 9(Icp55)	0.250	6-10,9-13	9-18-high	-	-	-	-	-	-	-	-	-	-	-	-	-	-	
synMTS_6_165_atp8	0.007	No mitochondrial presequence	87(MPP)	0.000	20-24,26-30,30-34,48-52,51-55,84-88	10-19-high	-	-	-	-	-	-	-	-	-	-	-	-	-	-	
synMTS_6_166_atp8	0.018	No mitochondrial presequence	85(MPP)	0.047	43-47,82-86,87-91	20-29-low	-	-	-	-	-	-	-	-	-	-	-	-	-	-	
synMTS_6_167_atp8	0.006	No mitochondrial presequence	85(MPP)	-0.012	34-38,82-86,87-91	20-29-low	-	-	-	-	-	-	-	-	-	-	-	-	-	-	
synMTS_6_168_atp8	0.011	No mitochondrial presequence	11(MPP)	0.091	2-6,28-32,51-55,89-93	13-22-low	-	-	-	-	-	-	-	-	-	-	-	-	-	-	
synMTS_6_169_atp8	0.023	No mitochondrial presequence	16(MPP)	-0.125	17-21,74-78,83-87	14-23-low	-	-	-	-	-	-	-	-	-	-	-	-	-	-	
synMTS_6_170_atp8	0.049	No mitochondrial presequence	68(MPP)	-0.059	11-15	7-16-low	-	-	-	-	-	-	-	-	-	-	-	-	-	-	
synMTS_6_171_atp8	0.072	No mitochondrial presequence	59(MPP)	0.085	9-13,95-99	8-17-high	-	-	-	-	-	-	-	-	-	-	-	-	-	-	
synMTS_6_172_atp8	0.013	No mitochondrial presequence	55(MPP)	0.073	8-12,25-29,29-33,38-42,79-83	6-15-high	-	-	-	-	-	-	-	-	-	-	-	7-12	-	-	
synMTS_6_173_atp8	0.002	No mitochondrial presequence	15(MPP)	-0.267	33-37,41-45,60-64,96-100	21-30-low	-	-	-	-	-	-	21-26	-	-	20-25	-	-	-	-	
synMTS_6_174_atp8	0.008	No mitochondrial presequence	28(MPP)	-0.071	22-26,26-30,61-65	21-30-high	-	-	-	-	-	-	-	-	1-6	-	-	-	-	-	
synMTS_6_175_atp8	0.101	No mitochondrial presequence	85(MPP)	0.082	5-9,82-86,87-91	1-11-high	-	-	-	-	-	-	-	-	-	-	-	-	5-10	-	
synMTS_6_176_atp8	0.001	No mitochondrial presequence	10(MPP)	-0.200	19-23,43-47,79-83,87-91,96-100	18-27-high	-	-	-	-	-	-	-	-	-	-	-	-	-	-	
synMTS_6_177_atp8	0.033	No mitochondrial presequence	91(MPP)	0.033	88-92,93-97	17-26-low	-	-	-	-	-	-	-	-	-	-	-	-	-	-	
synMTS_6_178_atp8	0.021	No mitochondrial presequence	90(MPP)	-0.044	76-80	18-27-low	-	25-30	-	-	-	23-28	-	-	-	22-27	-	-	-	-	
synMTS_6_179_atp8	0.048	No mitochondrial presequence	19(MPP)	0.211	16-20	16-27-high	-	-	-	-	-	-	-	-	-	-	-	-	-	-	
synMTS_6_180_atp8	0.059	No mitochondrial presequence	59(MPP)	0.119	3-7,6-10,19-23,22-26,95-99	19-28-high	-	-	-	-	-	-	-	-	-	-	-	-	-	-	
synMTS_6_181_atp8	0.007	No mitochondrial presequence	57(MPP)	-0.035	93-97	21-30-low	-	-	-	-	-	-	-	-	-	-	-	-	-	-	
synMTS_6_182_atp8	0.015	No mitochondrial presequence	90(MPP)	0.022		8-17-low	-	-	-	-	-	-	-	-	-	-	-	-	-	-	
synMTS_6_183_atp8	0.052	No mitochondrial presequence	56(MPP)	-0.018	5-9,92-96	18-27-high	-	-	-	-	-	-	-	-	-	-	-	-	-	-	
synMTS_6_184_atp8	0.017	No mitochondrial presequence	69(MPP)	-0.043	6-10,32-36,66-70	15-24-low	-	-	-	-	-	-	-	-	-	-	-	-	-	-	
synMTS_6_185_atp8	0.060	No mitochondrial presequence	76(MPP)	0.092	16-20,26-30,55-59	15-24-high	-	-	-	-	-	-	-	-	-	-	-	-	-	-	
synMTS_6_186_atp8	0.034	No mitochondrial presequence	91(MPP)	0.011	22-26,45-49,88-92,93-97	21-30-low	-	-	-	-	-	-	-	-	-	-	-	-	-	-	
synMTS_6_187_atp8	0.001	No mitochondrial presequence	11(MPP)	0.000	94-98	10-19-low	-	-	-	-	-	-	-	-	-	-	-	-	-	-	
synMTS_6_188_atp8	0.007	No mitochondrial presequence	19(MPP)	-0.158	10-14,68-72	10-20-low	-	-	-	-	-	-	-	-	8-13	-	-	-	-	-	
synMTS_6_189_atp8	0.011	No mitochondrial presequence	75(MPP)	-0.147	2-6,67-71,73-77	18-29-low	-	-	-	-	-	-	-	-	-	-	-	-	-	-	
synMTS_6_190_atp8	0.055	No mitochondrial presequence	83(MPP)	0.048	2-6,52-56,65-69	18-28-high	-	-	-	-	-	-	-	-	-	-	-	-	-	-	
synMTS_6_191_atp8	0.007	No mitochondrial presequence	43(MPP)	-0.047	16-20,57-61	12-21-high	-	-	-	-	-	-	-	-	-	-	-	-	-	-	
synMTS_6_192_atp8	0.008	No mitochondrial presequence	69(MPP)	-0.014	56-60,61-65,67-71	12-21-high	-	-	-	-	-	-	-	-	-	-	-	-	-	-	
synMTS_6_193_atp8	0.005	No mitochondrial presequence	18(MPP), 19(Icp55)	0.111	23-27	17-26-high	-	-	-	-	-	-	-	-	-	-	-	-	-	-	
synMTS_6_194_atp8	0.012	No mitochondrial presequence	85(MPP)	-0.012	59-63,77-81	6-15-low	-	-	-	-	-	-	-	-	-	-	-	-	-	-	
synMTS_6_195_atp8	0.005	No mitochondrial presequence	62(MPP)	-0.016	12-16	21-30-low	-	-	-	-	12-17	-	-	-	-	-	-	-	-	-	
synMTS_6_196_atp8	0.031	No mitochondrial presequence	74(MPP)	0.054	22-26,32-36,36-40,41-45,51-55,56-60	19-28-high	-	-	-	-	-	-	-	-	-	-	-	-	-	-	
synMTS_6_197_atp8	0.001	No mitochondrial presequence	94(MPP), 95(Icp55)	0.000	12-16,46-50,58-62,83-87	9-18-low	-	-	-	-	-	-	-	-	-	-	-	-	-	-	
synMTS_6_198_atp8	0.003	No mitochondrial presequence	93(MPP)	0.000	20-24,44-48,48-52,51-55	16-25-low	-	-	-	-	-	-	-	-	-	-	-	-	-	-	
synMTS_6_199_atp8	0.003	No mitochondrial presequence	95(MPP)	-0.074	16-20,26-30	3-14-low	-	-	-	-	-	-	-	-	-	-	-	-	-	-	
synMTS_6_200_atp8	0.032	No mitochondrial presequence	18(MPP)	0.000	62-66,65-69	21-30-low	-	4-9	-	-	-	2-7	-	-	-	1-6	-	-	-	-	
synMTS_7_001_atp8	0.062	No mitochondrial presequence	88(MPP)	0.239	25-29,59-63,85-89	9-18-high	-	-	-	-	-	-	-	-	-	-	-	24-29	-	-	
synMTS_7_002_atp8	0.170	No mitochondrial presequence	26(MPP)	0.231	20-24	4-15-high	-	-	21-26	-	20-25	-	-	4-9	-	3-8	-	-	-	-	
synMTS_7_003_atp8	0.110	No mitochondrial presequence	70(MPP)	0.271	19-23,67-71	16-25-high	-	-	-	-	-	-	-	-	-	-	-	18-23	19-24	-	
synMTS_7_004_atp8	0.127	No mitochondrial presequence	74(MPP)	0.270	10-14,29-33,38-42,43-47,48-52,63-67	19-28-high	-	-	-	-	-	-	24-29	-	-	23-28	-	-	-	-	
synMTS_7_005_atp8	0.094	No mitochondrial presequence	71(MPP)	0.254	4-8,25-29	21-30-high	-	-	-	22-27	4-9	-	-	-	-	-	-	-	-	-	
synMTS_7_006_atp8	0.609	Possessing mitochondrial presequence	77(MPP)	0.247	17-21,24-28,29-33,47-51,52-56	19-28-high	-	-	-	18-23	-	-	-	-	-	-	-	-	-	-	
synMTS_7_007_atp8	0.092	No mitochondrial presequence	95(MPP)	0.242	27-31,37-41,42-46,69-73,83-87,87-91,92-96	13-22-high	-	-	-	-	-	-	-	-	-	-	-	-	-	-	
synMTS_7_008_atp8	0.071	No mitochondrial presequence	92(MPP)	0.250	22-26,29-33,38-42,51-55,55-59,58-62,62-66	21-30-high	-	-	-	-	-	-	-	-	-	-	-	-	-	-	
synMTS_7_009_atp8	0.153	No mitochondrial presequence	76(MPP)	0.237	17-21,38-42	13-22-high	-	-	-	-	17-22	-	-	-	-	-	-	-	-	-	
synMTS_7_010_atp8	0.117	No mitochondrial presequence	49(MPP)	0.265	2-6,85-89,90-94	4-13-high	-	-	-	-	-	-	-	-	-	-	-	1-6	-	-	
synMTS_7_011_atp8	0.087	No mitochondrial presequence	48(MPP)	0.271	12-16,84-88,89-93	14-23-high	-	-	-	-	-	-	-	-	-	-	-	-	-	-	
synMTS_7_012_atp8	0.148	No mitochondrial presequence	64(MPP)	0.234	10-14,15-19,19-23,26-30,29-33,52-56	19-28-high	-	-	20-25	-	19-24	-	-	-	-	-	-	-	-	-	
synMTS_7_013_atp8	0.060	No mitochondrial presequence	83(MPP)	0.241	55-59,71-75	5-14-high	-	-	-	-	-	-	-	-	-	-	-	-	-	-	
synMTS_7_014_atp8	0.199	No mitochondrial presequence	70(MPP)	0.286	19-23,39-43,47-51,50-54,53-57,68-72	15-25-high	-	-	-	-	19-24	-	-	-	-	-	-	-	-	-	
synMTS_7_015_atp8	0.119	No mitochondrial presequence	72(MPP)	0.264	2-6	4-13-high	-	-	-	-	2-7	-	-	-	-	-	-	-	-	-	
synMTS_7_016_atp8	0.221	No mitochondrial presequence	89(MPP)	0.180	21-25,32-36,86-90,91-95	21-30-high	-	-	-	-	-	-	-	-	-	-	-	-	-	-	
synMTS_7_017_atp8	0.109	No mitochondrial presequence	62(MPP)	0.258	20-24,23-27,45-49,50-54	19-28-high	-	-	-	-	23-28	-	-	-	-	-	-	-	-	-	
synMTS_7_018_atp8	0.199	No mitochondrial presequence	74(MPP)	0.257	17-21,45-49,65-69,68-72	13-23-high	-	-	-	-	-	-	-	-	-	-	-	-	-	-	
synMTS_7_019_atp8	0.097	No mitochondrial presequence	91(MPP)	0.253	2-6,31-35,51-55,55-59,60-64	15-24-high	-	-	-	-	2-7	-	-	-	-	-	-	-	-	-	
synMTS_7_020_atp8	0.089	No mitochondrial presequence	29(MPP)	0.207	43-47,81-85	6-15-high	-	-	-	-	-	-	10-15,25-30	-	-	-	-	-	-	24-29	
synMTS_7_021_atp8	0.202	No mitochondrial presequence	65(MPP)	0.262	9-13,12-16,16-20	11-20-high	-	-	-	-	9-14	-	-	-	-	-	-	15-20	-	-	
synMTS_7_022_atp8	0.106	No mitochondrial presequence	53(MPP)	0.302	25-29,37-41,51-55,89-93,94-98	4-13-high	-	-	-	-	-	9-14	-	-	1-6	-	-	-	-	-	
synMTS_7_023_atp8	0.055	No mitochondrial presequence	51(MPP)	0.275	31-35,44-48,62-66,65-69,93-97,96-100	12-21-high	-	-	-	-	-	-	-	-	-	-	-	-	-	-	
synMTS_7_024_atp8	0.182	No mitochondrial presequence	54(MPP)	0.241	7-11,21-25,36-40,89-93,94-98	5-14-high	-	-	-	-	-	-	16-21	-	-	-	-	-	-	15-20	
synMTS_7_025_atp8	0.166	No mitochondrial presequence	59(MPP)	0.271	27-31,30-34,94-98	5-14-high	-	9-14	-	-	-	7-12	-	-	-	6-11	-	-	-	-	
synMTS_7_026_atp8	0.033	No mitochondrial presequence	95(MPP)	0.263	36-40,58-62,73-77	3-13-high	-	-	-	-	-	-	-	-	-	-	-	-	-	-	
synMTS_7_027_atp8	0.247	No mitochondrial presequence	66(MPP)	0.242	3-7,10-14,20-24,25-29,29-33,32-36	5-14-high	-	-	-	-	3-8	-	-	6-11	-	-	-	-	-	-	
synMTS_7_028_atp8	0.259	No mitochondrial presequence	80(MPP)	0.263	2-6,9-13,39-43,66-70	4-13-high	-	-	-	-	2-7	-	-	5-10	-	-	-	-	-	-	
synMTS_7_029_atp8	0.193	No mitochondrial presequence	51(MPP), 52(Icp55)	0.255	9-13,25-29,55-59,63-67,68-72,87-91	8-17-high	-	-	-	-	25-30	-	-	-	-	-	-	-	-	-	
synMTS_7_030_atp8	0.152	No mitochondrial presequence	73(MPP)	0.260	12-16,16-20,20-24,33-37,88-92,96-100	14-23-high	-	-	-	-	-	-	-	-	-	-	-	-	-	-	
synMTS_7_031_atp8	0.220	No mitochondrial presequence	93(MPP)	0.258	11-15,28-32,36-40,72-76,81-85	1-10-high	-	-	-	-	-	-	-	-	-	-	-	-	-	-	
synMTS_7_032_atp8	0.167	No mitochondrial presequence	86(MPP)	0.244	10-14,14-18,18-22,50-54,69-73	8-17-high	-	24-29	-	-	-	22-27	-	-	-	21-26	-	-	-	-	
synMTS_7_033_atp8	0.296	No mitochondrial presequence	33(MPP)	0.273	17-21,20-24,39-43,54-58,64-68	20-29-high	-	-	21-26	-	20-25	-	-	-	-	-	-	-	-	-	
synMTS_7_034_atp8	0.186	No mitochondrial presequence	95(MPP)	0.253	7-11,10-14,34-38	19-28-high	-	-	-	-	7-12	-	20-25	-	-	-	-	-	-	-	
synMTS_7_035_atp8	0.338	No mitochondrial presequence	49(MPP)	0.245	2-6,20-24,34-38,46-50,84-88,89-93	18-27-high	-	-	-	-	-	-	-	-	-	-	-	1-6	20-25	-	
synMTS_7_036_atp8	0.205	No mitochondrial presequence	82(MPP), 83(Icp55)	0.268	4-8,9-13,38-42,42-46,45-49,53-57,63-67,67-71,79-83,83-87,94-98	9-19-high	-	-	-	-	-	13-18	-	-	-	12-17	-	-	-	-	
synMTS_7_037_atp8	0.053	No mitochondrial presequence	63(MPP)	0.286	4-8,32-36,38-42,50-54	4-13-high	-	16-21	-	-	-	-	-	-	-	-	-	-	-	-	
synMTS_7_038_atp8	0.034	No mitochondrial presequence	13(MPP), 14(Icp55)	0.231	10-14,58-62,65-69	20-29-low	-	-	-	-	-	-	-	-	-	-	-	-	-	-	
synMTS_7_039_atp8	0.125	No mitochondrial presequence	89(MPP)	0.270	3-7,8-12,29-33,56-60	8-17-high	-	-	-	-	-	11-16	-	-	6-11	-	-	-	-	-	
synMTS_7_040_atp8	0.089	No mitochondrial presequence	49(MPP)	0.265	16-20,21-25,84-88,89-93	5-14-high	-	-	-	-	-	-	-	-	14-19	-	-	-	-	-	
synMTS_7_041_atp8	0.121	No mitochondrial presequence	87(MPP)	0.253	4-8,10-14,71-75	1-10-high	-	-	-	-	-	-	-	-	-	-	-	-	10-15	-	
synMTS_7_042_atp8	0.119	No mitochondrial presequence	90(MPP)	0.167	42-46,45-49,87-91,92-96	16-27-high	-	-	-	-	-	-	-	-	-	-	-	-	-	-	
synMTS_7_043_atp8	0.314	No mitochondrial presequence	45(MPP)	0.244	12-16,37-41,80-84,85-89	10-19-high	-	-	-	-	-	15-20	-	23-28	-	-	-	11-16	-	22-27	
synMTS_7_044_atp8	0.115	No mitochondrial presequence	95(MPP)	0.147	33-37,92-96	1-10-low	-	-	-	-	-	13-18	-	-	-	-	-	-	-	12-17	
synMTS_7_045_atp8	0.150	No mitochondrial presequence	84(MPP)	0.238	34-38,67-71,72-76,76-80	14-23-high	-	-	-	-	-	14-19	-	-	-	-	-	-	-	13-18	
synMTS_7_046_atp8	0.206	No mitochondrial presequence	77(MPP)	0.247	20-24,29-33	1-10-high	-	-	-	17-22	-	-	4-9	-	-	-	-	-	-	3-8	
synMTS_7_047_atp8	0.040	No mitochondrial presequence	42(MPP)	0.262	19-23,30-34	12-23-low	-	-	-	-	19-24	-	-	-	-	-	-	-	-	-	
synMTS_7_048_atp8	0.125	No mitochondrial presequence	63(MPP)	0.238	24-28,37-41,56-60	21-30-high	-	-	-	21-26	-	-	-	-	-	-	-	-	-	-	
synMTS_7_049_atp8	0.053	No mitochondrial presequence	31(MPP)	0.258	35-39,39-43,43-47,46-50,77-81,85-89	13-22-low	-	9-14	-	11-16	-	-	-	-	-	-	-	-	-	-	
synMTS_7_050_atp8	0.128	No mitochondrial presequence	64(MPP)	0.266	4-8,8-12,17-21,20-24,23-27,27-31,31-35,51-55,55-59,58-62,69-73	3-12-high	-	-	-	-	20-25	13-18	-	-	-	12-17	-	7-12	-	-	
synMTS_7_051_atp8	0.096	No mitochondrial presequence	89(MPP)	0.247	16-20,78-82	14-23-high	-	-	-	-	-	3-8	-	-	-	-	-	-	-	-	
synMTS_7_052_atp8	0.130	No mitochondrial presequence	88(MPP)	0.239	41-45,51-55,65-69	5-14-high	-	-	-	-	-	-	-	-	-	-	-	-	-	-	
synMTS_7_053_atp8	0.091	No mitochondrial presequence	31(MPP)	0.226	8-12,12-16,37-41,64-68,82-86	8-17-high	-	-	-	-	-	-	-	-	-	-	-	-	-	-	
synMTS_7_054_atp8	0.078	No mitochondrial presequence	93(MPP)	0.258	59-63	13-22-high	-	-	-	-	-	-	-	-	5-10	-	-	-	-	-	
synMTS_7_055_atp8	0.091	No mitochondrial presequence	27(MPP)	0.222	11-15,16-20,21-25,43-47,47-51,78-82	17-26-high	-	-	22-27	-	21-26	-	-	-	-	-	-	-	-	-	
synMTS_7_056_atp8	0.041	No mitochondrial presequence	76(MPP)	0.263	22-26,27-31,37-41,63-67	19-30-high	-	-	-	-	-	-	-	-	-	-	-	-	-	-	
synMTS_7_057_atp8	0.217	No mitochondrial presequence	37(MPP)	0.270	40-44,49-53,61-65,64-68,73-77,88-92	9-18-high	-	24-29	-	-	-	-	-	-	-	-	-	-	-	-	
synMTS_7_058_atp8	0.162	No mitochondrial presequence	59(MPP)	0.254	4-8,43-47,95-99	6-19-high	-	-	-	-	4-9	-	-	-	-	-	-	-	-	-	
synMTS_7_059_atp8	0.012	No mitochondrial presequence	59(MPP)	0.254	30-34,95-99	13-22-high	-	-	-	-	-	-	-	-	-	-	-	-	-	-	
synMTS_7_060_atp8	0.085	No mitochondrial presequence	39(MPP)	0.256	14-18,17-21,61-65,68-72	10-21-high	-	-	-	-	14-19	-	9-14	-	-	-	-	-	-	-	
synMTS_7_061_atp8	0.036	No mitochondrial presequence	80(MPP)	0.113	77-81,82-86	17-26-high	-	-	-	-	-	-	-	-	-	-	-	-	-	-	
synMTS_7_062_atp8	0.224	No mitochondrial presequence	44(MPP)	0.250	6-10,25-29,80-84,85-89	4-14-high	-	-	-	-	6-11	-	9-14	-	-	-	-	-	-	-	
synMTS_7_063_atp8	0.170	No mitochondrial presequence	53(MPP)	0.226	8-12,88-92,93-97	2-12-high	-	-	-	-	-	-	-	-	11-16	-	-	7-12	-	-	
synMTS_7_064_atp8	0.095	No mitochondrial presequence	65(MPP)	0.246	7-11,43-47,52-56,55-59	4-13-high	-	-	-	-	-	-	-	-	-	-	-	-	-	-	
synMTS_7_065_atp8	0.073	No mitochondrial presequence	49(MPP)	0.265	4-8,38-42,84-88,89-93	19-28-high	-	-	-	1-6	-	-	-	-	-	-	-	-	-	-	
synMTS_7_066_atp8	0.062	No mitochondrial presequence	44(MPP)	0.250	2-6,6-10,33-37,67-71	2-12-high	-	-	-	-	-	-	-	-	-	-	-	-	-	-	
synMTS_7_067_atp8	0.151	No mitochondrial presequence	70(MPP)	0.243	67-71	16-25-high	-	-	-	-	-	-	-	-	-	-	-	-	-	-	
synMTS_7_068_atp8	0.244	No mitochondrial presequence	61(MPP)	0.262	3-7,19-23,24-28	2-11-high	-	8-13	-	-	-	6-11	-	-	1-6	-	-	23-28	24-29	-	
synMTS_7_069_atp8	0.217	No mitochondrial presequence	48(MPP), 49(Icp55)	0.292	22-26,36-40,39-43,89-93	8-17-high	-	-	-	-	22-27	-	-	-	-	-	-	-	-	-	
synMTS_7_070_atp8	0.091	No mitochondrial presequence	87(MPP)	0.161	26-30,84-88,89-93	12-21-high	-	-	-	-	-	-	-	-	-	-	-	-	-	-	
synMTS_7_071_atp8	0.367	No mitochondrial presequence	90(MPP)	0.267	2-6,51-55,67-71,71-75,82-86	2-12-high	-	-	-	-	-	22-27	-	-	-	-	-	-	-	21-26	
synMTS_7_072_atp8	0.168	No mitochondrial presequence	95(MPP)	0.263	26-30,39-43,49-53,80-84,84-88,92-96	1-12-low	-	-	-	-	-	-	-	-	-	-	-	-	-	-	
synMTS_7_073_atp8	0.359	No mitochondrial presequence	30(MPP)	0.200	4-8,17-21,39-43,56-60,88-92	13-23-high	-	-	-	-	4-9	-	13-18	-	20-25	12-17	-	-	-	-	
synMTS_7_074_atp8	0.149	No mitochondrial presequence	77(MPP)	0.247	7-11,11-15,35-39,42-46,59-63,64-68,69-73	7-16-high	-	-	-	-	-	-	-	21-26	-	-	-	-	-	-	
synMTS_7_075_atp8	0.111	No mitochondrial presequence	93(MPP)	0.161	19-23,90-94,95-99	14-23-low	-	-	-	-	-	-	-	-	-	-	-	-	-	-	
synMTS_7_076_atp8	0.271	No mitochondrial presequence	42(MPP), 43(Icp55)	0.214	7-11,22-26,50-54,84-88,89-93	2-11-high	-	-	-	-	-	-	2-7,12-17	-	-	1-6,11-16	-	-	-	-	
synMTS_7_077_atp8	0.183	No mitochondrial presequence	60(MPP)	0.267	28-32,45-49,48-52,52-56,96-100	18-27-high	-	-	-	-	-	-	-	2-7	-	1-6	-	-	-	-	
synMTS_7_078_atp8	0.346	No mitochondrial presequence	59(MPP)	0.271	3-7,10-14,35-39,42-46,90-94,93-97	2-14-high	-	-	-	-	-	-	-	-	-	-	-	2-7	3-8	-	
synMTS_7_079_atp8	0.083	No mitochondrial presequence	84(MPP)	0.143	21-25,42-46,81-85,86-90	17-26-high	-	-	-	-	21-26	-	-	-	-	-	-	-	-	-	
synMTS_7_080_atp8	0.156	No mitochondrial presequence	86(MPP)	0.256	14-18,22-26,25-29,30-34,42-46,47-51,55-59,60-64,65-69,69-73	11-20-high	-	-	-	-	-	-	-	-	-	-	-	13-18	-	-	
synMTS_7_081_atp8	0.095	No mitochondrial presequence	69(MPP)	0.246	6-10,15-19,33-37	2-11-high	-	-	-	-	-	-	-	-	-	-	-	-	-	-	
synMTS_7_082_atp8	0.047	No mitochondrial presequence	68(MPP)	0.265	37-41,43-47,47-51,64-68,69-73,72-76,80-84,92-96,95-99	15-24-high	-	-	-	-	-	-	-	-	-	-	-	-	-	-	
synMTS_7_083_atp8	0.097	No mitochondrial presequence	85(MPP)	0.259	2-6,5-9,58-62,62-66,66-70,69-73	1-11-high	-	-	-	-	-	-	-	-	-	-	-	-	-	-	
synMTS_7_084_atp8	0.117	No mitochondrial presequence	91(MPP)	0.264	7-11,18-22,65-69,88-92	9-18-high	-	-	8-13	15-20	7-12	-	-	-	-	-	-	-	-	-	
synMTS_7_085_atp8	0.030	No mitochondrial presequence	53(MPP)	0.245	14-18,31-35,64-68	8-17-high	-	-	-	-	-	-	-	-	-	-	-	-	-	-	
synMTS_7_086_atp8	0.081	No mitochondrial presequence	79(MPP)	0.241	51-55,72-76,76-80	20-29-high	-	-	-	-	-	-	-	-	-	18-23	-	-	-	-	
synMTS_7_087_atp8	0.342	No mitochondrial presequence	56(MPP)	0.250	18-22,92-96	13-22-high	-	-	-	-	-	-	22-27	-	-	21-26	-	-	-	25-30	
synMTS_7_088_atp8	0.107	No mitochondrial presequence	71(MPP)	0.239	3-7,30-34,58-62,63-67,68-72	15-24-high	-	-	-	-	-	-	-	-	-	-	-	-	-	-	
synMTS_7_089_atp8	0.256	No mitochondrial presequence	59(MPP)	0.254	29-33,94-98	14-23-high	-	-	-	-	-	-	3-8	-	-	2-7	-	-	-	-	
synMTS_7_090_atp8	0.059	No mitochondrial presequence	42(MPP)	0.262	45-49	5-15-high	-	-	-	-	-	-	-	-	-	-	-	-	-	-	
synMTS_7_091_atp8	0.060	No mitochondrial presequence	37(MPP)	0.270	2-6,34-38,49-53,53-57,56-60	1-11-high	-	-	-	-	2-7	-	-	-	-	-	-	-	-	-	
synMTS_7_092_atp8	0.055	No mitochondrial presequence	87(MPP)	0.241	14-18,58-62,62-66,71-75,84-88	16-25-high	-	-	-	-	-	-	-	-	-	-	-	-	-	-	
synMTS_7_093_atp8	0.082	No mitochondrial presequence	79(MPP)	0.266	7-11,11-15,15-19,61-65	4-15-high	-	-	-	-	15-20	-	-	-	-	-	-	6-11	-	-	
synMTS_7_094_atp8	0.043	No mitochondrial presequence	92(MPP)	0.228	19-23,24-28,71-75,75-79,80-84,84-88	10-19-high	-	-	-	-	-	-	-	-	-	-	-	-	-	-	
synMTS_7_095_atp8	0.221	No mitochondrial presequence	54(MPP)	0.241	44-48,73-77	18-27-high	-	-	-	-	-	-	-	-	-	-	-	-	-	-	
synMTS_7_096_atp8	0.129	No mitochondrial presequence	49(MPP)	0.245	20-24,40-44,45-49,58-62,79-83	1-10-high	-	-	-	-	-	-	24-29	-	-	23-28	-	-	-	-	
synMTS_7_097_atp8	0.404	Possessing mitochondrial presequence	95(MPP)	0.263	11-15,35-39,82-86,85-89,92-96	7-16-high	-	-	-	-	-	-	-	-	6-11	-	-	-	-	-	
synMTS_7_098_atp8	0.305	No mitochondrial presequence	34(MPP)	0.265	24-28,28-32,31-35,34-38,55-59,64-68,68-72,74-78	1-10-high	-	-	-	-	-	-	-	-	-	-	-	-	-	-	
synMTS_7_099_atp8	0.156	No mitochondrial presequence	74(MPP)	0.257	26-30,30-34,39-43,71-75	21-30-high	-	-	-	-	-	4-9	-	-	-	3-8	-	-	-	-	
synMTS_7_100_atp8	0.317	No mitochondrial presequence	75(MPP)	0.240	19-23,54-58,64-68,68-72,72-76	19-29-high	-	-	-	-	-	2-7	-	-	-	1-6	-	-	-	-	
synMTS_7_101_atp8	0.082	No mitochondrial presequence	95(MPP)	0.179	22-26,26-30,38-42,92-96	21-30-high	-	-	-	-	-	-	-	-	-	-	-	-	-	-	
synMTS_7_102_atp8	0.069	No mitochondrial presequence	17(MPP)	0.235	23-27,28-32,32-36,53-57,77-81,90-94,95-99	4-13-high	-	-	3-8	-	-	-	-	-	-	-	-	-	-	-	
synMTS_7_103_atp8	0.060	No mitochondrial presequence	48(MPP)	0.229	12-16,32-36,35-39,40-44,84-88,89-93	9-20-high	-	7-12	-	-	-	-	-	-	-	-	-	-	-	-	
synMTS_7_104_atp8	0.034	No mitochondrial presequence	67(MPP)	0.254	8-12,36-40,57-61,60-64	1-12-high	-	-	-	-	-	-	-	-	-	-	-	-	-	-	
synMTS_7_105_atp8	0.157	No mitochondrial presequence	31(MPP)	0.226	1-5,4-8,14-18,40-44,43-47,60-64	1-10-high	-	-	-	-	4-9	-	-	-	-	-	-	-	-	-	
synMTS_7_106_atp8	0.097	No mitochondrial presequence	39(MPP)	0.256	54-58	10-19-high	-	-	18-23	-	-	-	9-14	-	-	8-13	-	-	-	-	
synMTS_7_107_atp8	0.121	No mitochondrial presequence	17(MPP)	0.235	10-14,14-18,24-28,54-58,69-73,93-97	10-19-high	-	-	-	-	14-19	-	-	-	-	-	-	-	-	-	
synMTS_7_108_atp8	0.208	No mitochondrial presequence	61(MPP)	0.246	17-21,48-52	3-12-high	-	-	-	-	-	3-8	-	-	-	-	-	-	-	2-7	
synMTS_7_109_atp8	0.265	No mitochondrial presequence	57(MPP)	0.263	18-22,92-96	1-10-high	-	-	-	-	-	-	-	-	-	-	-	-	-	-	
synMTS_7_110_atp8	0.116	No mitochondrial presequence	56(MPP)	0.250	7-11,12-16,53-57,92-96	12-21-high	-	-	-	-	-	-	-	-	-	-	-	-	-	-	
synMTS_7_111_atp8	0.119	No mitochondrial presequence	83(MPP)	0.157	27-31,80-84,85-89	7-16-high	-	-	-	-	-	-	-	-	-	-	-	-	-	-	
synMTS_7_112_atp8	0.135	No mitochondrial presequence	86(MPP)	0.233	4-8,8-12,20-24,43-47,51-55,83-87	2-11-high	-	14-19	-	-	-	-	-	-	-	-	-	-	-	-	
synMTS_7_113_atp8	0.202	No mitochondrial presequence	45(MPP)	0.222	3-7,17-21,80-84,85-89	15-24-high	-	-	-	-	-	-	12-17	-	-	-	-	-	-	-	
synMTS_7_114_atp8	0.108	No mitochondrial presequence	84(MPP)	0.143	22-26,39-43,81-85,86-90	18-27-high	-	-	-	-	-	-	-	-	-	-	-	-	-	-	
synMTS_7_115_atp8	0.052	No mitochondrial presequence	85(MPP)	0.153	39-43,44-48,82-86,87-91	19-28-low	-	-	-	-	-	-	-	-	-	-	-	-	-	-	
synMTS_7_116_atp8	0.204	No mitochondrial presequence	84(MPP)	0.250	62-66,66-70,81-85	19-28-high	-	-	-	-	-	-	-	-	-	-	-	-	-	-	
synMTS_7_117_atp8	0.380	No mitochondrial presequence	77(MPP)	0.260	8-12,53-57,63-67	10-19-high	-	-	24-29	-	8-13	-	-	-	-	-	-	-	-	-	
synMTS_7_118_atp8	0.080	No mitochondrial presequence	62(MPP)	0.258	21-25,44-48	7-16-high	-	-	-	-	21-26	-	-	-	-	-	-	-	-	-	
synMTS_7_119_atp8	0.074	No mitochondrial presequence	79(MPP)	0.241	51-55,76-80	3-13-high	-	-	-	-	-	-	-	-	-	-	-	-	-	-	
synMTS_7_120_atp8	0.116	No mitochondrial presequence	60(MPP)	0.233	4-8,7-11,57-61,96-100	3-12-high	-	-	15-20	-	4-9	-	-	-	-	-	-	-	-	-	
synMTS_7_121_atp8	0.011	No mitochondrial presequence	54(MPP), 62(Oct1)	0.259	52-56	13-22-high	-	-	-	-	-	-	-	-	-	-	-	-	-	-	
synMTS_7_122_atp8	0.336	No mitochondrial presequence	77(MPP)	0.260	11-15,58-62,68-72	9-18-high	-	-	-	-	-	-	-	-	-	-	-	-	-	-	
synMTS_7_123_atp8	0.101	No mitochondrial presequence	87(MPP)	0.241	18-22	12-22-high	-	-	-	-	-	-	-	-	-	-	-	-	-	-	
synMTS_7_124_atp8	0.337	No mitochondrial presequence	47(MPP)	0.255	7-11,14-18,30-34,82-86,87-91	5-14-high	-	-	-	-	7-12	23-28	10-15	-	-	22-27	-	-	-	-	
synMTS_7_125_atp8	0.088	No mitochondrial presequence	67(MPP)	0.254	3-7,6-10,36-40	3-12-high	-	-	-	-	3-8	-	-	-	-	-	-	-	-	-	
synMTS_7_126_atp8	0.190	No mitochondrial presequence	62(MPP)	0.274	16-20,26-30,41-45,45-49,60-64	11-20-high	-	6-11	-	-	-	-	-	-	24-29	-	-	-	-	-	
synMTS_7_127_atp8	0.243	No mitochondrial presequence	52(MPP)	0.250	14-18,24-28,27-31,49-53,88-92,93-97	1-10-high	-	-	3-8	-	24-29	-	-	-	-	-	-	-	-	-	
synMTS_7_128_atp8	0.240	No mitochondrial presequence	94(MPP)	0.160	29-33,32-36,48-52,91-95,96-100	10-21-high	-	-	-	-	-	-	-	-	-	-	-	-	-	-	
synMTS_7_129_atp8	0.105	No mitochondrial presequence	67(MPP)	0.224	56-60	21-30-high	-	-	-	-	-	-	12-17,17-22	22-27	-	16-21,21-26	-	-	-	11-16	
synMTS_7_130_atp8	0.153	No mitochondrial presequence	46(MPP)	0.261	6-10,9-13,69-73,94-98	6-15-high	-	-	-	-	6-11	-	-	-	-	-	-	-	-	-	
synMTS_7_131_atp8	0.062	No mitochondrial presequence	43(MPP)	0.256	17-21,44-48,94-98	15-24-high	-	-	-	14-19	-	-	-	-	-	-	-	-	-	-	
synMTS_7_132_atp8	0.106	No mitochondrial presequence	87(MPP)	0.253	23-27,52-56,60-64,79-83	20-29-high	-	-	-	-	-	-	-	-	-	-	-	-	-	-	
synMTS_7_133_atp8	0.130	No mitochondrial presequence	68(MPP)	0.265	51-55	4-13-high	-	-	-	3-8	-	-	-	-	-	-	-	-	-	-	
synMTS_7_134_atp8	0.109	No mitochondrial presequence	78(MPP), 79(Icp55)	0.256	41-45,75-79,95-99	12-23-high	-	-	-	-	-	12-17	-	-	-	11-16	-	-	-	-	
synMTS_7_135_atp8	0.083	No mitochondrial presequence	25(MPP), 26(Icp55)	0.240	26-30,44-48,52-56,55-59,60-64,80-84,94-98	16-25-high	-	-	-	-	-	-	-	-	-	-	-	25-30	-	-	
synMTS_7_136_atp8	0.037	No mitochondrial presequence	88(MPP)	0.239	5-9,45-49,48-52,80-84	4-13-high	-	-	-	16-21	-	-	-	-	-	-	-	-	-	-	
synMTS_7_137_atp8	0.120	No mitochondrial presequence	50(MPP), 51(Icp55)	0.260	36-40,76-80,79-83,82-86	19-30-high	-	-	-	-	-	-	-	-	-	-	-	-	-	-	
synMTS_7_138_atp8	0.021	No mitochondrial presequence	22(MPP)	0.227	32-36,40-44,60-64,63-67,67-71	5-14-high	-	-	-	-	-	-	-	-	-	-	-	-	-	-	
synMTS_7_139_atp8	0.055	No mitochondrial presequence	47(MPP)	0.277	22-26,35-39,55-59,59-63,63-67,89-93	20-29-high	-	-	-	-	-	-	-	-	-	-	-	21-26	-	-	
synMTS_7_140_atp8	0.207	No mitochondrial presequence	54(MPP)	0.259	11-15,15-19,20-24,41-45,51-55,89-93,94-98	10-19-high	-	-	-	-	-	-	-	-	-	-	-	-	-	-	
synMTS_7_141_atp8	0.158	No mitochondrial presequence	43(MPP)	0.256	6-10,11-15,16-20,26-30	16-25-high	-	-	-	-	16-21	-	-	-	-	-	-	-	-	-	
synMTS_7_142_atp8	0.137	No mitochondrial presequence	67(MPP)	0.254	44-48	19-28-high	-	-	-	-	-	-	-	-	-	-	-	-	-	-	
synMTS_7_143_atp8	0.069	No mitochondrial presequence	68(MPP)	0.265	28-32,41-45,50-54,65-69	16-25-high	-	-	-	-	-	-	-	-	-	-	-	-	-	-	
synMTS_7_144_atp8	0.190	No mitochondrial presequence	36(MPP)	0.250	9-13,13-17,52-56,68-72	1-12-high	-	-	-	-	-	-	-	-	-	-	-	12-17	13-18	-	
synMTS_7_145_atp8	0.143	No mitochondrial presequence	22(MPP), 23(Icp55)	0.227	6-10,11-15,53-57	15-25-high	-	-	-	-	-	-	-	-	-	-	-	-	-	-	
synMTS_7_146_atp8	0.182	No mitochondrial presequence	86(MPP)	0.244	24-28,33-37,47-51,50-54,62-66,67-71	19-28-high	-	-	-	-	-	-	-	-	-	-	-	23-28	-	-	
synMTS_7_147_atp8	0.150	No mitochondrial presequence	81(MPP)	0.259	12-16,15-19,18-22,40-44,70-74	11-20-high	-	-	-	-	15-20	-	-	-	-	-	-	11-16	-	-	
synMTS_7_148_atp8	0.103	No mitochondrial presequence	62(MPP)	0.242	11-15,15-19,18-22,21-25,29-33,34-38,49-53,53-57	11-20-high	-	-	-	-	18-23,21-26	-	-	-	-	-	-	-	-	-	
synMTS_7_149_atp8	0.049	No mitochondrial presequence	67(MPP)	0.284	10-14,24-28,37-41,44-48,47-51,56-60,60-64	19-28-high	-	-	-	-	-	-	-	-	-	-	-	-	-	-	
synMTS_7_150_atp8	0.219	No mitochondrial presequence	46(MPP)	0.283	5-9,22-26,38-42,81-85,86-90	5-14-high	-	-	6-11	-	5-10	-	-	-	-	-	-	-	-	-	
synMTS_7_151_atp8	0.146	No mitochondrial presequence	64(MPP)	0.266	9-13,39-43,43-47,58-62	9-18-high	-	-	-	-	-	-	-	12-17	-	-	-	-	-	-	
synMTS_7_152_atp8	0.115	No mitochondrial presequence	74(MPP)	0.284	7-11,13-17,34-38,47-51,57-61,60-64,63-67,66-70	21-30-low	-	-	-	-	7-12	-	-	-	-	-	-	-	13-18	-	
synMTS_7_153_atp8	0.059	No mitochondrial presequence	92(MPP)	0.250	47-51,69-73	12-23-low	-	-	-	-	-	-	-	-	-	-	-	-	-	-	
synMTS_7_154_atp8	0.061	No mitochondrial presequence	91(MPP)	0.242	36-40	1-12-low	-	19-24	-	-	-	-	-	-	-	-	-	-	-	-	
synMTS_7_155_atp8	0.160	No mitochondrial presequence	62(MPP)	0.258	16-20,25-29,28-32	12-21-high	-	-	-	-	16-21	19-24	-	-	-	-	-	-	-	-	
synMTS_7_156_atp8	0.123	No mitochondrial presequence	50(MPP)	0.240	30-34,85-89,90-94	4-13-high	-	24-29	-	-	-	13-18	-	-	-	-	-	-	-	-	
synMTS_7_157_atp8	0.180	No mitochondrial presequence	79(MPP)	0.278	3-7,34-38,54-58,57-61,69-73,77-81	13-22-high	-	10-15	-	-	-	-	-	-	-	-	-	-	-	-	
synMTS_7_158_atp8	0.060	No mitochondrial presequence	83(MPP)	0.253	49-53,59-63,68-72,73-77,76-80	12-21-high	-	-	-	-	-	-	-	-	-	-	-	-	-	-	
synMTS_7_159_atp8	0.062	No mitochondrial presequence	51(MPP)	0.275	33-37,47-51,78-82	9-18-high	-	-	-	-	-	16-21	-	-	-	-	-	-	-	15-20	
synMTS_7_160_atp8	0.059	No mitochondrial presequence	59(MPP)	0.254	34-38,40-44,52-56,56-60,95-99	2-11-high	-	-	-	-	-	-	-	-	-	-	-	-	-	-	
synMTS_7_161_atp8	0.073	No mitochondrial presequence	60(MPP)	0.250	13-17,43-47,67-71,84-88	10-19-high	-	-	-	-	-	-	-	-	-	-	-	12-17	-	-	
synMTS_7_162_atp8	0.101	No mitochondrial presequence	72(MPP)	0.278	15-19,36-40,40-44,56-60,66-70,69-73	15-25-high	-	-	-	-	-	-	-	-	18-23	-	-	-	-	-	
synMTS_7_163_atp8	0.069	No mitochondrial presequence	65(MPP)	0.246	27-31,30-34	17-26-high	-	-	-	-	-	21-26	-	-	-	-	-	-	-	-	
synMTS_7_164_atp8	0.058	No mitochondrial presequence	56(MPP)	0.232	11-15,19-23,39-43,42-46,57-61,72-76,76-80	7-16-high	-	-	-	5-10	-	-	-	-	-	-	-	-	-	-	
synMTS_7_165_atp8	0.159	No mitochondrial presequence	83(MPP)	0.241	17-21,22-26,45-49,49-53,53-57	15-24-high	-	-	-	-	-	-	-	-	-	-	25-30	21-26	-	-	
synMTS_7_166_atp8	0.088	No mitochondrial presequence	64(MPP)	0.266	35-39,39-43,42-46	17-26-high	-	-	-	-	-	-	14-19	-	-	-	-	-	-	17-22	
synMTS_7_167_atp8	0.071	No mitochondrial presequence	17(MPP)	0.235	6-10,23-27,44-48,49-53,54-58,69-73,94-98	18-27-high	-	-	-	-	-	-	-	-	-	-	-	-	-	-	
synMTS_7_168_atp8	0.032	No mitochondrial presequence	62(MPP)	0.242		21-30-high	-	11-16	-	-	-	-	-	-	-	-	-	-	-	-	
synMTS_7_169_atp8	0.136	No mitochondrial presequence	50(MPP)	0.240	12-16,29-33,47-51,60-64	13-22-high	-	-	-	-	12-17	-	-	-	-	-	-	-	-	-	
synMTS_7_170_atp8	0.203	No mitochondrial presequence	77(MPP)	0.247	14-18,56-60	19-28-high	-	-	-	-	-	-	18-23	-	-	17-22	-	-	-	-	
synMTS_7_171_atp8	0.075	No mitochondrial presequence	91(MPP)	0.242	4-8,77-81	4-13-high	-	-	-	-	4-9	-	-	-	-	-	-	-	-	-	
synMTS_7_172_atp8	0.027	No mitochondrial presequence	52(MPP)	0.231	20-24,35-39,49-53,87-91,92-96	19-28-low	-	-	-	-	-	-	-	-	-	-	-	-	-	-	
synMTS_7_173_atp8	0.325	No mitochondrial presequence	45(MPP)	0.267	2-6,14-18,80-84,85-89	1-13-high	-	-	-	-	2-7	-	-	-	12-17	-	-	-	-	-	
synMTS_7_174_atp8	0.073	No mitochondrial presequence	57(MPP)	0.246	38-42,64-68	14-23-high	-	-	19-24	-	-	-	-	-	-	-	-	-	-	-	
synMTS_7_175_atp8	0.085	No mitochondrial presequence	71(MPP)	0.268	2-6,19-23,57-61,60-64,68-72,75-79,78-82,83-87	16-25-high	-	-	-	-	-	-	-	-	-	-	-	-	-	-	
synMTS_7_176_atp8	0.064	No mitochondrial presequence	29(MPP)	0.241	2-6,5-9,35-39,89-93,93-97	10-19-high	-	-	-	-	2-7	-	-	-	-	9-14	-	-	-	-	
synMTS_7_177_atp8	0.111	No mitochondrial presequence	58(MPP)	0.259	18-22,94-98	20-29-high	-	-	-	-	-	-	-	-	-	-	1-6	-	-	-	
synMTS_7_178_atp8	0.394	Possessing mitochondrial presequence	36(MPP)	0.250	12-16,65-69	6-16-high	-	-	-	-	-	-	-	8-13	-	7-12	-	-	-	-	
synMTS_7_179_atp8	0.132	No mitochondrial presequence	85(MPP)	0.259		15-24-high	-	-	-	-	-	-	-	-	-	-	-	-	-	-	
synMTS_7_180_atp8	0.119	No mitochondrial presequence	52(MPP)	0.250	7-11,15-19,44-48,73-77,86-90,96-100	11-20-high	-	-	-	4-9	-	-	-	-	-	-	-	-	-	-	
synMTS_7_181_atp8	0.103	No mitochondrial presequence	71(MPP)	0.268	34-38,43-47	11-21-high	-	-	-	-	-	11-16	-	-	-	10-15	-	-	-	-	
synMTS_7_182_atp8	0.034	No mitochondrial presequence	89(MPP)	0.247	4-8,37-41,45-49,65-69	6-15-high	-	-	-	-	-	-	-	-	-	-	-	-	-	-	
synMTS_7_183_atp8	0.171	No mitochondrial presequence	12(MPP)	0.167	4-8,39-43	4-13-high	-	-	-	-	-	-	-	-	-	-	-	-	-	-	
synMTS_7_184_atp8	0.130	No mitochondrial presequence	37(MPP), 45(Oct1)	0.243	31-35,51-55,60-64,80-84	16-25-high	-	-	-	-	-	-	-	-	2-7	-	1-6	-	-	-	
synMTS_7_185_atp8	0.209	No mitochondrial presequence	57(MPP)	0.246	3-7,10-14,14-18,92-96	6-19-high	-	-	-	-	-	-	-	-	-	-	-	13-18	10-15	-	
synMTS_7_186_atp8	0.219	No mitochondrial presequence	89(MPP)	0.258	7-11,23-27,32-36,36-40,77-81,81-85	3-12-high	-	-	-	-	-	-	-	-	-	2-7	-	-	-	-	
synMTS_7_187_atp8	0.234	No mitochondrial presequence	84(MPP)	0.143	43-47,81-85,86-90	3-12-high	-	-	-	-	-	-	-	-	-	-	-	-	-	-	
synMTS_7_188_atp8	0.357	No mitochondrial presequence	92(MPP)	0.261	11-15,25-29,33-37,74-78	10-19-high	-	-	-	-	-	-	-	-	-	-	-	-	25-30	-	
synMTS_7_189_atp8	0.239	No mitochondrial presequence	64(MPP)	0.250	3-7,22-26,61-65	21-30-high	-	-	-	-	-	-	-	-	-	-	-	-	22-27	-	
synMTS_7_190_atp8	0.164	No mitochondrial presequence	77(MPP)	0.247	3-7,7-11	3-12-high	-	-	-	4-9	-	-	-	-	-	-	-	-	-	-	
synMTS_7_191_atp8	0.078	No mitochondrial presequence	52(MPP)	0.250	14-18,45-49,70-74	18-27-high	-	-	23-28	-	-	-	-	-	-	-	-	-	-	-	
synMTS_7_192_atp8	0.096	No mitochondrial presequence	58(MPP)	0.259	41-45,93-97	13-22-high	-	-	-	-	-	-	-	-	-	-	-	-	-	-	
synMTS_7_193_atp8	0.083	No mitochondrial presequence	55(MPP)	0.255	12-16,25-29,47-51,52-56,91-95,96-100	11-20-high	-	-	-	-	-	-	-	-	-	-	-	-	-	-	
synMTS_7_194_atp8	0.081	No mitochondrial presequence	49(MPP), 50(Icp55)	0.265	34-38,37-41,41-45,44-48,55-59	3-13-high	-	-	-	-	-	-	-	3-8	-	2-7	-	-	-	-	
synMTS_7_195_atp8	0.069	No mitochondrial presequence	70(MPP)	0.243	51-55,59-63,67-71	20-29-high	-	-	-	-	-	-	-	-	-	-	-	-	-	-	
synMTS_7_196_atp8	0.060	No mitochondrial presequence	91(MPP)	0.143	88-92,93-97	14-23-high	-	-	-	-	-	-	-	-	-	-	-	-	-	-	
synMTS_7_197_atp8	0.112	No mitochondrial presequence	52(MPP)	0.231	7-11,35-39,88-92,93-97	6-15-high	-	-	-	-	-	-	11-16	-	-	10-15	-	-	-	-	
synMTS_7_198_atp8	0.184	No mitochondrial presequence	60(MPP)	0.250	2-6,65-69,70-74,96-100	1-10-high	-	12-17,22-27	-	-	-	-	-	-	-	-	-	1-6	-	-	
synMTS_7_199_atp8	0.159	No mitochondrial presequence	62(MPP)	0.242	7-11,45-49,54-58	7-16-high	-	-	-	-	-	-	-	-	-	-	-	-	7-12	-	
synMTS_7_200_atp8	0.223	No mitochondrial presequence	90(MPP)	0.267	2-6,28-32,38-42,44-48,88-92	2-11-high	-	-	-	-	2-7	-	-	-	13-18	-	12-17	-	-	-	
synMTS_8_001_atp8	0.001	No mitochondrial presequence	7(MPP), 8(Icp55)	-0.286		11-20-low	-	-	-	-	-	-	-	-	-	-	-	-	-	-	
synMTS_8_002_atp8	0.001	No mitochondrial presequence	69(MPP)	-0.174	4-8,67-71	14-23-low	-	-	-	-	-	-	-	-	-	-	-	-	-	-	
synMTS_8_003_atp8	0.012	No mitochondrial presequence	64(MPP)	-0.188	44-48,61-65	9-18-low	-	-	-	-	-	-	-	-	-	-	-	-	-	-	
synMTS_8_004_atp8	0.001	No mitochondrial presequence	50(MPP)	-0.180	86-90,91-95	20-29-low	-	-	-	-	-	-	-	-	-	-	-	-	-	-	
synMTS_8_005_atp8	0.002	No mitochondrial presequence	49(MPP)	-0.184	84-88,89-93	14-23-low	-	-	-	-	-	-	-	-	-	-	-	-	-	-	
synMTS_8_006_atp8	0.007	No mitochondrial presequence	69(MPP)	-0.188		16-25-low	-	-	-	-	-	-	-	-	-	-	-	-	-	-	
synMTS_8_007_atp8	0.000	No mitochondrial presequence	95(MPP)	-0.211		19-28-low	-	-	-	-	-	-	-	-	-	-	-	-	-	-	
synMTS_8_008_atp8	0.008	No mitochondrial presequence	79(MPP)	-0.190	47-51	20-29-low	-	-	-	-	-	-	-	-	-	-	-	-	-	-	
synMTS_8_009_atp8	0.002	No mitochondrial presequence	90(MPP)	-0.222		10-19-low	-	-	-	-	-	-	-	-	-	-	-	-	-	-	
synMTS_8_010_atp8	0.000	No mitochondrial presequence	17(MPP)	-0.235		13-22-low	-	-	-	-	-	-	-	-	-	-	-	-	-	-	
synMTS_8_011_atp8	0.002	No mitochondrial presequence	12(MPP)	-0.250		14-23-low	-	-	-	-	-	-	-	-	-	-	-	-	-	-	
synMTS_8_012_atp8	0.006	No mitochondrial presequence	90(MPP)	-0.089	15-19,49-53,87-91,92-96	11-22-low	-	-	-	-	-	-	-	-	-	-	-	-	-	-	
synMTS_8_013_atp8	0.000	No mitochondrial presequence	80(MPP)	-0.200		3-12-low	-	-	-	-	-	-	-	-	-	-	-	-	-	-	
synMTS_8_014_atp8	0.001	No mitochondrial presequence	93(MPP)	-0.215	5-9	4-13-low	-	-	-	-	-	-	-	-	-	-	-	-	-	-	
synMTS_8_015_atp8	0.001	No mitochondrial presequence	80(MPP)	-0.212		13-22-low	-	-	-	-	-	-	-	-	-	-	-	-	-	-	
synMTS_8_016_atp8	0.003	No mitochondrial presequence	22(MPP)	-0.227		20-30-low	-	-	-	-	-	-	-	-	-	-	-	-	-	-	
synMTS_8_017_atp8	0.001	No mitochondrial presequence	73(MPP)	-0.192		9-18-low	-	-	-	-	-	-	-	-	-	-	-	-	-	-	
synMTS_8_018_atp8	0.007	No mitochondrial presequence	68(MPP)	-0.176		9-18-low	-	-	-	-	-	-	-	-	-	-	-	-	-	-	
synMTS_8_019_atp8	0.006	No mitochondrial presequence	61(MPP)	-0.180		2-11-low	-	-	-	-	-	-	-	-	-	-	-	-	-	-	
synMTS_8_020_atp8	0.001	No mitochondrial presequence	37(MPP)	-0.189		12-21-low	-	-	-	-	-	-	-	-	-	-	-	-	-	-	
synMTS_8_021_atp8	0.000	No mitochondrial presequence	12(MPP)	-0.250		10-19-low	-	-	-	-	-	-	-	-	-	-	-	-	-	-	
synMTS_8_022_atp8	0.003	No mitochondrial presequence	91(MPP)	-0.209		6-15-low	-	-	-	-	-	-	-	-	-	-	-	-	-	-	
synMTS_8_023_atp8	0.000	No mitochondrial presequence	91(MPP)	-0.220	88-92	20-29-low	-	-	-	-	-	-	-	-	-	-	-	-	-	-	
synMTS_8_024_atp8	0.003	No mitochondrial presequence	70(MPP)	-0.200		7-16-low	-	-	-	-	-	-	-	-	-	-	-	-	-	-	
synMTS_8_025_atp8	0.004	No mitochondrial presequence	12(MPP)	-0.167		7-16-low	-	-	-	-	-	-	-	-	-	-	-	-	-	-	
synMTS_8_026_atp8	0.003	No mitochondrial presequence	14(MPP)	-0.214		7-16-low	-	-	-	-	-	-	-	-	-	-	-	-	-	-	
synMTS_8_027_atp8	0.006	No mitochondrial presequence	67(MPP)	-0.194		4-13-low	-	-	-	-	-	-	-	-	-	-	-	-	-	-	
synMTS_8_028_atp8	0.001	No mitochondrial presequence	83(MPP)	-0.072	80-84,85-89	3-15-low	-	-	-	-	-	-	-	-	-	-	-	-	-	-	
synMTS_8_029_atp8	0.001	No mitochondrial presequence	74(MPP)	-0.203		9-18-low	-	-	-	-	-	-	-	-	-	-	-	-	-	-	
synMTS_8_030_atp8	0.005	No mitochondrial presequence	73(MPP)	-0.205	70-74	18-27-low	-	-	-	-	-	-	-	-	-	-	-	-	-	-	
synMTS_8_031_atp8	0.008	No mitochondrial presequence	79(MPP)	-0.190	76-80	5-16-low	-	-	-	-	-	-	-	-	-	-	-	-	-	-	
synMTS_8_032_atp8	0.003	No mitochondrial presequence	48(MPP)	-0.167	12-16,45-49,84-88,89-93	8-19-low	-	-	-	-	-	-	-	-	-	-	-	-	-	-	
synMTS_8_033_atp8	0.001	No mitochondrial presequence	7(MPP)	-0.143		19-28-low	-	-	-	-	-	-	-	-	-	-	-	-	-	-	
synMTS_8_034_atp8	0.011	No mitochondrial presequence	70(MPP)	-0.200	67-71	10-19-low	-	-	-	-	-	-	-	-	-	-	-	-	-	-	
synMTS_8_035_atp8	0.001	No mitochondrial presequence	12(MPP)	-0.250		10-19-low	-	-	-	-	-	-	-	-	-	-	-	-	-	-	
synMTS_8_036_atp8	0.002	No mitochondrial presequence	68(MPP)	-0.221	21-25	2-12-low	-	-	-	-	-	-	-	-	-	-	-	-	-	-	
synMTS_8_037_atp8	0.002	No mitochondrial presequence	15(MPP), 16(Icp55)	-0.200	54-58	9-18-low	-	-	-	-	-	-	-	-	-	-	-	-	-	-	
synMTS_8_038_atp8	0.004	No mitochondrial presequence	57(MPP)	-0.175	92-96	19-28-low	-	-	-	-	-	-	-	-	-	-	-	-	-	-	
synMTS_8_039_atp8	0.013	No mitochondrial presequence	84(MPP)	-0.071	81-85,86-90	5-14-low	-	-	-	-	-	-	-	-	-	-	-	-	-	-	
synMTS_8_040_atp8	0.001	No mitochondrial presequence	8(MPP)	-0.250	94-98	15-24-low	-	-	-	-	-	-	-	-	-	-	-	-	-	-	
synMTS_8_041_atp8	0.004	No mitochondrial presequence	76(MPP)	-0.197		21-30-high	-	-	-	-	-	-	-	-	-	-	-	-	-	-	
synMTS_8_042_atp8	0.000	No mitochondrial presequence	65(MPP)	-0.185	62-66	4-13-low	-	-	-	-	-	-	-	-	-	-	-	-	-	-	
synMTS_8_043_atp8	0.000	No mitochondrial presequence	10(MPP)	-0.200		20-30-low	-	-	-	-	-	-	-	-	-	-	-	-	-	-	
synMTS_8_044_atp8	0.002	No mitochondrial presequence	83(MPP)	-0.072	80-84,85-89	1-10-low	-	-	-	-	-	-	-	-	-	-	-	-	-	-	
synMTS_8_045_atp8	0.001	No mitochondrial presequence	80(MPP)	-0.200	77-81	4-15-low	-	-	-	-	-	-	-	-	-	-	-	-	-	-	
synMTS_8_046_atp8	0.001	No mitochondrial presequence	95(MPP)	-0.179	93-97	12-21-low	-	-	-	-	-	-	-	-	-	-	-	-	-	-	
synMTS_8_047_atp8	0.002	No mitochondrial presequence	62(MPP)	-0.210	60-64	21-30-low	-	-	-	-	-	-	-	-	-	-	-	-	-	-	
synMTS_8_048_atp8	0.004	No mitochondrial presequence	61(MPP)	-0.180	21-25,58-62	8-17-low	-	-	-	-	-	-	-	-	-	-	-	-	-	-	
synMTS_8_049_atp8	0.002	No mitochondrial presequence	25(MPP)	-0.280	59-63	19-28-low	-	-	-	-	-	-	-	-	-	-	-	-	-	-	
synMTS_8_050_atp8	0.002	No mitochondrial presequence	87(MPP)	-0.080	84-88,89-93	5-16-low	-	-	-	-	-	-	-	-	-	-	-	-	-	-	
synMTS_8_051_atp8	0.000	No mitochondrial presequence	58(MPP), 59(Icp55)	-0.224		19-28-low	-	-	-	-	-	-	-	-	-	-	-	-	-	-	
synMTS_8_052_atp8	0.002	No mitochondrial presequence	72(MPP)	-0.208		14-23-low	-	-	-	-	-	-	-	-	-	-	-	-	-	-	
synMTS_8_053_atp8	0.003	No mitochondrial presequence	14(MPP)	-0.214		9-18-low	-	-	-	-	-	-	-	-	-	-	-	-	-	-	
synMTS_8_054_atp8	0.002	No mitochondrial presequence	72(MPP)	-0.194		3-12-low	-	-	-	-	-	-	-	-	-	-	-	-	-	-	
synMTS_8_055_atp8	0.000	No mitochondrial presequence	46(MPP)	-0.217	57-61	19-28-low	-	-	-	-	-	-	-	-	-	-	-	-	-	-	
synMTS_8_056_atp8	0.000	No mitochondrial presequence	63(MPP)	-0.206	60-64	9-18-low	-	-	-	-	-	-	-	-	-	-	-	-	-	-	
synMTS_8_057_atp8	0.001	No mitochondrial presequence	71(MPP)	-0.197		1-10-high	-	-	-	-	-	-	-	-	-	-	-	-	-	-	
synMTS_8_058_atp8	0.001	No mitochondrial presequence	80(MPP)	-0.200		21-30-low	-	-	-	-	-	-	-	-	-	-	-	-	-	-	
synMTS_8_059_atp8	0.001	No mitochondrial presequence	50(MPP)	-0.180	86-90,91-95	7-16-low	-	-	-	-	-	-	-	-	-	-	-	-	-	-	
synMTS_8_060_atp8	0.004	No mitochondrial presequence	29(MPP)	-0.276		15-24-low	-	-	-	-	-	-	-	-	-	-	-	-	-	-	
synMTS_8_061_atp8	0.001	No mitochondrial presequence	90(MPP)	-0.222		8-17-low	-	-	-	-	-	-	-	-	-	-	-	-	-	-	
synMTS_8_062_atp8	0.000	No mitochondrial presequence	10(MPP), 11(Icp55)	-0.200		14-27-low	-	-	-	-	-	-	-	-	-	-	-	-	-	-	
synMTS_8_063_atp8	0.000	No mitochondrial presequence	43(MPP)	-0.209		17-26-low	-	-	-	-	-	-	-	-	-	-	-	-	-	-	
synMTS_8_064_atp8	0.000	No mitochondrial presequence	22(MPP)	-0.227		3-12-low	-	-	-	-	-	-	-	-	-	-	-	-	-	-	
synMTS_8_065_atp8	0.010	No mitochondrial presequence	58(MPP)	-0.172	93-97	13-22-low	-	-	-	-	-	-	-	-	-	-	-	-	-	-	
synMTS_8_066_atp8	0.001	No mitochondrial presequence	37(MPP)	-0.243		13-22-low	-	-	-	-	-	-	-	-	-	-	-	-	-	-	
synMTS_8_067_atp8	0.011	No mitochondrial presequence	24(MPP)	-0.208		3-12-low	-	-	-	-	-	-	-	-	-	-	-	-	-	-	
synMTS_8_068_atp8	0.001	No mitochondrial presequence	95(MPP)	-0.189		7-16-low	-	-	-	-	-	-	-	-	-	-	-	-	-	-	
synMTS_8_069_atp8	0.001	No mitochondrial presequence	80(MPP)	-0.225	29-33	8-17-low	-	-	-	-	-	-	-	-	-	-	-	-	-	-	
synMTS_8_070_atp8	0.002	No mitochondrial presequence	71(MPP)	-0.183		9-22-low	-	-	-	-	-	-	-	-	-	-	-	-	-	-	
synMTS_8_071_atp8	0.004	No mitochondrial presequence	47(MPP)	-0.170	83-87,88-92	10-19-low	-	-	-	-	-	-	-	-	-	-	-	-	-	-	
synMTS_8_072_atp8	0.000	No mitochondrial presequence	20(MPP)	-0.250		5-14-low	-	-	-	-	-	-	-	-	-	-	-	-	-	-	
synMTS_8_073_atp8	0.006	No mitochondrial presequence	20(MPP)	-0.200		4-14-low	-	-	-	-	-	-	-	-	-	-	-	-	-	-	
synMTS_8_074_atp8	0.001	No mitochondrial presequence	15(MPP), 16(Icp55)	-0.200		11-20-low	-	-	-	-	-	-	-	-	-	-	-	-	-	-	
synMTS_8_075_atp8	0.006	No mitochondrial presequence	83(MPP)	-0.072	80-84,85-89	2-11-low	-	-	-	-	-	-	-	-	-	-	-	-	-	-	
synMTS_8_076_atp8	0.000	No mitochondrial presequence	81(MPP)	-0.210		10-19-low	-	-	-	-	-	-	-	-	-	-	-	-	-	-	
synMTS_8_077_atp8	0.001	No mitochondrial presequence	17(MPP)	-0.235		11-22-low	-	-	-	-	-	-	-	-	-	-	-	-	-	-	
synMTS_8_078_atp8	0.001	No mitochondrial presequence	39(MPP)	-0.231		13-22-low	-	-	-	-	-	-	-	-	-	-	-	-	-	-	
synMTS_8_079_atp8	0.003	No mitochondrial presequence	20(MPP), 21(Icp55)	-0.250		6-15-low	-	-	-	-	-	-	-	-	-	-	-	-	-	-	
synMTS_8_080_atp8	0.000	No mitochondrial presequence	86(MPP)	-0.233		19-28-low	-	-	-	-	-	-	-	-	-	-	-	-	-	-	
synMTS_8_081_atp8	0.006	No mitochondrial presequence	65(MPP)	-0.185		3-12-low	-	-	-	-	-	-	-	-	-	-	-	-	-	-	
synMTS_8_082_atp8	0.022	No mitochondrial presequence	74(MPP)	-0.203	67-71,71-75	6-15-low	-	-	-	-	-	-	-	-	-	-	-	-	-	-	
synMTS_8_083_atp8	0.001	No mitochondrial presequence	90(MPP)	-0.211		2-11-low	-	-	-	-	-	-	-	-	-	-	-	-	-	-	
synMTS_8_084_atp8	0.001	No mitochondrial presequence	66(MPP)	-0.182	63-67	21-30-low	-	-	-	-	-	-	-	-	-	-	-	-	-	-	
synMTS_8_085_atp8	0.006	No mitochondrial presequence	95(MPP)	-0.200		11-20-low	-	-	-	-	-	-	-	-	-	-	-	-	-	-	
synMTS_8_086_atp8	0.007	No mitochondrial presequence	53(MPP)	-0.170	88-92,93-97	4-13-low	-	-	-	-	-	-	-	-	-	-	-	-	-	-	
synMTS_8_087_atp8	0.001	No mitochondrial presequence	7(MPP)	-0.143		19-28-low	-	-	-	-	-	-	-	-	-	-	-	-	-	-	
synMTS_8_088_atp8	0.000	No mitochondrial presequence	72(MPP)	-0.194		20-29-low	-	-	-	-	-	-	-	-	-	-	-	-	-	-	
synMTS_8_089_atp8	0.006	No mitochondrial presequence	16(MPP)	-0.188		13-22-low	-	-	-	-	-	-	-	-	-	-	-	-	-	-	
synMTS_8_090_atp8	0.007	No mitochondrial presequence	50(MPP)	-0.180	47-51,86-90,91-95	5-14-low	-	-	-	-	-	-	-	-	-	-	-	-	-	-	
synMTS_8_091_atp8	0.011	No mitochondrial presequence	21(MPP)	-0.238		2-11-low	-	-	-	-	-	-	-	-	-	-	-	-	-	-	
synMTS_8_092_atp8	0.002	No mitochondrial presequence	50(MPP)	-0.160	86-90,91-95	1-10-low	-	-	-	-	-	-	-	-	-	-	-	-	-	-	
synMTS_8_093_atp8	0.000	No mitochondrial presequence	79(MPP)	-0.203	77-81	14-29-low	-	-	-	-	-	-	-	-	-	-	-	-	-	-	
synMTS_8_094_atp8	0.012	No mitochondrial presequence	47(MPP)	-0.170	10-14,82-86,87-91	20-29-low	-	-	-	-	-	-	-	-	-	-	-	-	-	-	
synMTS_8_095_atp8	0.001	No mitochondrial presequence	28(MPP), 29(Icp55)	-0.250		8-17-low	-	-	-	-	-	-	-	-	-	-	-	-	-	-	
synMTS_8_096_atp8	0.007	No mitochondrial presequence	63(MPP)	-0.190	60-64	3-12-low	-	-	-	-	-	-	-	-	-	-	-	-	-	-	
synMTS_8_097_atp8	0.000	No mitochondrial presequence	49(MPP)	-0.184	46-50,85-89,90-94	18-27-low	-	-	-	-	-	-	-	-	-	-	-	-	-	-	
synMTS_8_098_atp8	0.002	No mitochondrial presequence	60(MPP)	-0.183	95-99	9-18-low	-	-	-	-	-	-	-	-	-	-	-	-	-	-	
synMTS_8_099_atp8	0.002	No mitochondrial presequence	66(MPP)	-0.197	63-67	3-12-low	-	-	-	-	-	-	-	-	-	-	-	-	-	-	
synMTS_8_100_atp8	0.003	No mitochondrial presequence	17(MPP)	-0.235		18-27-low	-	-	-	-	-	-	-	-	-	-	-	-	-	-	
synMTS_8_101_atp8	0.001	No mitochondrial presequence	81(MPP)	-0.198	78-82	13-22-low	-	-	-	-	-	-	-	-	-	-	-	-	-	-	
synMTS_8_102_atp8	0.021	No mitochondrial presequence	22(MPP)	-0.227		2-11-low	-	-	-	-	-	-	-	-	-	-	-	-	-	-	
synMTS_8_103_atp8	0.031	No mitochondrial presequence	44(MPP)	-0.159	80-84,85-89	9-18-low	-	-	-	-	-	-	-	-	-	-	-	-	-	-	
synMTS_8_104_atp8	0.001	No mitochondrial presequence	48(MPP)	-0.188	45-49,84-88,89-93	8-17-low	-	-	-	-	-	-	-	-	-	-	-	-	-	-	
synMTS_8_105_atp8	0.001	No mitochondrial presequence	84(MPP)	-0.179		13-22-low	-	-	-	-	-	-	-	-	-	-	-	-	-	-	
synMTS_8_106_atp8	0.000	No mitochondrial presequence	30(MPP)	-0.233		1-10-low	-	-	-	-	-	-	-	-	-	-	-	-	-	-	
synMTS_8_107_atp8	0.019	No mitochondrial presequence	93(MPP)	-0.194		6-17-low	-	-	-	-	-	-	-	-	-	-	-	-	-	-	
synMTS_8_108_atp8	0.000	No mitochondrial presequence	48(MPP)	-0.167	83-87,88-92	1-10-low	-	-	-	-	-	-	-	-	-	-	-	-	-	-	
synMTS_8_109_atp8	0.003	No mitochondrial presequence	77(MPP)	-0.195	74-78	14-25-low	-	-	-	-	-	-	-	-	-	-	-	-	-	-	
synMTS_8_110_atp8	0.002	No mitochondrial presequence	88(MPP)	-0.068	85-89,90-94	8-17-low	-	-	-	-	-	-	-	-	-	-	-	-	-	-	
synMTS_8_111_atp8	0.001	No mitochondrial presequence	67(MPP)	-0.194	65-69	20-29-low	-	-	-	-	-	-	-	-	-	-	-	-	-	-	
synMTS_8_112_atp8	0.000	No mitochondrial presequence	6(MPP)	-0.167		21-30-low	-	-	-	-	-	-	-	-	-	-	-	-	-	-	
synMTS_8_113_atp8	0.003	No mitochondrial presequence	58(MPP)	-0.155	56-60,94-98	6-15-low	-	-	-	-	-	-	-	-	-	-	-	-	-	-	
synMTS_8_114_atp8	0.026	No mitochondrial presequence	66(MPP)	-0.197	40-44	10-19-low	-	-	-	-	-	-	-	-	-	-	-	-	-	-	
synMTS_8_115_atp8	0.000	No mitochondrial presequence	76(MPP)	-0.197		8-17-low	-	-	-	-	-	-	-	-	-	-	-	-	-	-	
synMTS_8_116_atp8	0.001	No mitochondrial presequence	32(MPP)	-0.219		11-20-low	-	-	-	-	-	-	-	-	-	-	-	-	-	-	
synMTS_8_117_atp8	0.000	No mitochondrial presequence	59(MPP)	-0.203	56-60,95-99	18-27-low	-	-	-	-	-	-	-	-	-	-	-	-	-	-	
synMTS_8_118_atp8	0.000	No mitochondrial presequence	55(MPP)	-0.218	30-34	11-20-low	-	-	-	-	-	-	-	-	-	-	-	-	-	-	
synMTS_8_119_atp8	0.002	No mitochondrial presequence	45(MPP)	-0.156	81-85,86-90	2-11-low	-	-	-	-	-	-	-	-	-	-	-	-	-	-	
synMTS_8_120_atp8	0.002	No mitochondrial presequence	63(MPP)	-0.206		10-19-low	-	-	-	-	-	-	-	-	-	-	-	-	-	-	
synMTS_8_121_atp8	0.000	No mitochondrial presequence	92(MPP)	-0.196	89-93	4-13-low	-	-	-	-	-	-	-	-	-	-	-	-	-	-	
synMTS_8_122_atp8	0.001	No mitochondrial presequence	51(MPP)	-0.216		21-30-high	-	-	-	-	-	-	-	-	-	-	-	-	-	-	
synMTS_8_123_atp8	0.002	No mitochondrial presequence	72(MPP)	-0.208		16-25-low	-	-	-	-	-	-	-	-	-	-	-	-	-	-	
synMTS_8_124_atp8	0.002	No mitochondrial presequence	64(MPP)	-0.188	61-65	2-11-low	-	-	-	-	-	-	-	-	-	-	-	-	-	-	
synMTS_8_125_atp8	0.000	No mitochondrial presequence	64(MPP)	-0.203		17-26-low	-	-	-	-	-	-	-	-	-	-	-	-	-	-	
synMTS_8_126_atp8	0.004	No mitochondrial presequence	22(MPP)	-0.227		7-19-low	-	-	-	-	-	-	-	-	-	-	-	-	-	-	
synMTS_8_127_atp8	0.001	No mitochondrial presequence	64(MPP)	-0.219		1-10-low	-	-	-	-	-	-	-	-	-	-	-	-	-	-	
synMTS_8_128_atp8	0.001	No mitochondrial presequence	73(MPP)	-0.178		19-28-low	-	-	-	-	-	-	-	-	-	-	-	-	-	-	
synMTS_8_129_atp8	0.000	No mitochondrial presequence	68(MPP)	-0.176	40-44	4-16-low	-	-	-	-	-	-	-	-	-	-	-	-	-	-	
synMTS_8_130_atp8	0.001	No mitochondrial presequence	30(MPP)	-0.200		18-27-high	-	-	-	-	-	-	-	-	-	-	-	-	-	-	
synMTS_8_131_atp8	0.001	No mitochondrial presequence	10(MPP)	-0.200		17-26-low	-	-	-	-	-	-	-	-	-	-	-	-	-	-	
synMTS_8_132_atp8	0.000	No mitochondrial presequence	86(MPP)	-0.209	42-46	21-30-low	-	-	-	-	-	-	-	-	-	-	-	-	-	-	
synMTS_8_133_atp8	0.014	No mitochondrial presequence	56(MPP)	-0.161	92-96	6-15-low	-	-	-	-	-	-	-	-	-	-	-	-	-	-	
synMTS_8_134_atp8	0.000	No mitochondrial presequence	77(MPP)	-0.208	74-78	18-27-low	-	-	-	-	-	-	-	-	-	-	-	-	-	-	
synMTS_8_135_atp8	0.001	No mitochondrial presequence	25(MPP), 26(Icp55)	-0.200		12-21-low	-	-	-	-	-	-	-	-	-	-	-	-	-	-	
synMTS_8_136_atp8	0.003	No mitochondrial presequence	72(MPP)	-0.194	69-73	17-26-low	-	-	-	-	-	-	-	-	-	-	-	-	-	-	
synMTS_8_137_atp8	0.000	No mitochondrial presequence	7(MPP)	-0.143		21-30-low	-	-	-	-	-	-	-	-	-	-	-	-	-	-	
synMTS_8_138_atp8	0.000	No mitochondrial presequence	75(MPP)	-0.200		8-17-low	-	-	-	-	-	-	-	-	-	-	-	-	-	-	
synMTS_8_139_atp8	0.001	No mitochondrial presequence	81(MPP)	-0.185	75-79,78-82	1-12-low	-	-	-	-	-	-	-	-	-	-	-	-	-	-	
synMTS_8_140_atp8	0.000	No mitochondrial presequence	76(MPP)	-0.211	73-77	2-11-low	-	-	-	-	-	-	-	-	-	-	-	-	-	-	
synMTS_8_141_atp8	0.004	No mitochondrial presequence	87(MPP)	-0.195		6-15-low	-	-	-	-	-	-	-	-	-	-	-	-	-	-	
synMTS_8_142_atp8	0.009	No mitochondrial presequence	26(MPP)	-0.231		16-25-low	-	-	-	-	-	-	-	-	-	-	-	-	-	-	
synMTS_8_143_atp8	0.000	No mitochondrial presequence	75(MPP)	-0.187		14-25-low	-	-	-	-	-	-	-	-	-	-	-	-	-	-	
synMTS_8_144_atp8	0.002	No mitochondrial presequence	71(MPP)	-0.211		6-15-low	-	-	-	-	-	-	-	-	-	-	-	-	-	-	
synMTS_8_145_atp8	0.003	No mitochondrial presequence	82(MPP)	-0.207	79-83	3-12-low	-	-	-	-	-	-	-	-	-	-	-	-	-	-	
synMTS_8_146_atp8	0.000	No mitochondrial presequence	46(MPP), 47(Icp55)	-0.217		1-10-low	-	-	-	-	-	-	-	-	-	-	-	-	-	-	
synMTS_8_147_atp8	0.000	No mitochondrial presequence	12(MPP)	-0.250	93-97	18-27-low	-	-	-	-	-	-	-	-	-	-	-	-	-	-	
synMTS_8_148_atp8	0.001	No mitochondrial presequence	79(MPP)	-0.215		19-29-low	-	-	-	-	-	-	-	-	-	-	-	-	-	-	
synMTS_8_149_atp8	0.000	No mitochondrial presequence	70(MPP)	-0.186		2-11-low	-	-	-	-	-	-	-	-	-	-	-	-	-	-	
synMTS_8_150_atp8	0.000	No mitochondrial presequence	18(MPP)	-0.278		4-13-low	-	-	-	-	-	-	-	-	-	-	-	-	-	-	
synMTS_8_151_atp8	0.002	No mitochondrial presequence	14(MPP)	-0.214		10-19-low	-	-	-	-	-	-	-	-	-	-	-	-	-	-	
synMTS_8_152_atp8	0.000	No mitochondrial presequence	72(MPP)	-0.194		21-30-low	-	-	-	-	-	-	-	-	-	-	-	-	-	-	
synMTS_8_153_atp8	0.001	No mitochondrial presequence	18(MPP), 19(Icp55)	-0.222		8-19-low	-	-	-	-	-	-	-	-	-	-	-	-	-	-	
synMTS_8_154_atp8	0.001	No mitochondrial presequence	24(MPP)	-0.250	42-46	20-29-low	-	-	-	-	-	-	-	-	-	-	-	-	-	-	
synMTS_8_155_atp8	0.000	No mitochondrial presequence	67(MPP)	-0.224	64-68	3-12-low	-	-	-	-	-	-	-	-	-	-	-	-	-	-	
synMTS_8_156_atp8	0.003	No mitochondrial presequence	60(MPP)	-0.183	95-99	8-17-low	-	-	-	-	-	-	-	-	-	-	-	-	-	-	
synMTS_8_157_atp8	0.001	No mitochondrial presequence	77(MPP)	-0.195		14-25-low	-	-	-	-	-	-	-	-	-	-	-	-	-	-	
synMTS_8_158_atp8	0.019	No mitochondrial presequence	46(MPP)	-0.152	44-48,82-86,87-91	6-17-low	-	-	-	-	-	-	-	-	-	-	-	-	-	-	
synMTS_8_159_atp8	0.004	No mitochondrial presequence	33(MPP)	-0.242		20-30-low	-	-	-	-	-	-	-	-	-	-	-	-	-	-	
synMTS_8_160_atp8	0.001	No mitochondrial presequence	95(MPP)	-0.200		16-25-low	-	-	-	-	-	-	-	-	-	-	-	-	-	-	
synMTS_8_161_atp8	0.001	No mitochondrial presequence	79(MPP)	-0.203		21-30-low	-	-	-	-	-	-	-	-	-	-	-	-	-	-	
synMTS_8_162_atp8	0.006	No mitochondrial presequence	87(MPP)	-0.092	84-88,89-93	8-17-low	-	-	-	-	-	-	-	-	-	-	-	-	-	-	
synMTS_8_163_atp8	0.000	No mitochondrial presequence	52(MPP)	-0.212		10-19-low	-	-	-	-	-	-	-	-	-	-	-	-	-	-	
synMTS_8_164_atp8	0.009	No mitochondrial presequence	82(MPP)	-0.207	79-83	19-28-low	-	-	-	-	-	-	-	-	-	-	-	-	-	-	
synMTS_8_165_atp8	0.000	No mitochondrial presequence	8(MPP)	-0.250		14-23-low	-	-	-	-	-	-	-	-	-	-	-	-	-	-	
synMTS_8_166_atp8	0.000	No mitochondrial presequence	61(MPP)	-0.197	96-100	15-24-low	-	-	-	-	-	-	-	-	-	-	-	-	-	-	
synMTS_8_167_atp8	0.007	No mitochondrial presequence	26(MPP)	-0.231		7-16-low	-	-	-	-	-	-	-	-	-	-	-	-	-	-	
synMTS_8_168_atp8	0.000	No mitochondrial presequence	15(MPP)	-0.200		10-20-low	-	-	-	-	-	-	-	-	-	-	-	-	-	-	
synMTS_8_169_atp8	0.002	No mitochondrial presequence	29(MPP)	-0.241	24-28	13-22-low	-	-	-	-	-	-	-	-	-	-	-	-	-	-	
synMTS_8_170_atp8	0.002	No mitochondrial presequence	87(MPP)	-0.080	84-88,89-93	12-21-low	-	-	-	-	-	-	-	-	-	-	-	-	-	-	
synMTS_8_171_atp8	0.002	No mitochondrial presequence	63(MPP)	-0.190		1-10-low	-	-	-	-	-	-	-	-	-	-	-	-	-	-	
synMTS_8_172_atp8	0.002	No mitochondrial presequence	64(MPP)	-0.203	61-65	20-29-low	-	-	-	-	-	-	-	-	-	-	-	-	-	-	
synMTS_8_173_atp8	0.005	No mitochondrial presequence	65(MPP)	-0.215		16-25-low	-	-	-	-	-	-	-	-	-	-	-	-	-	-	
synMTS_8_174_atp8	0.000	No mitochondrial presequence	93(MPP)	-0.215		11-20-low	-	-	-	-	-	-	-	-	-	-	-	-	-	-	
synMTS_8_175_atp8	0.000	No mitochondrial presequence	88(MPP)	-0.205		7-17-low	-	-	-	-	-	-	-	-	-	-	-	-	-	-	
synMTS_8_176_atp8	0.010	No mitochondrial presequence	48(MPP)	-0.167	45-49,83-87,88-92	7-17-low	-	-	-	-	-	-	-	-	-	-	-	-	-	-	
synMTS_8_177_atp8	0.000	No mitochondrial presequence	19(MPP)	-0.263	52-56,87-91	6-15-low	-	-	-	-	-	-	-	-	-	-	-	-	-	-	
synMTS_8_178_atp8	0.010	No mitochondrial presequence	55(MPP)	-0.182	42-46,90-94,95-99	14-23-low	-	-	-	-	-	-	-	-	-	-	-	-	-	-	
synMTS_8_179_atp8	0.004	No mitochondrial presequence	62(MPP)	-0.194	59-63	17-26-low	-	-	-	-	-	-	-	-	-	-	-	-	-	-	
synMTS_8_180_atp8	0.018	No mitochondrial presequence	71(MPP)	-0.169	69-73	13-22-low	-	-	-	-	-	-	-	-	-	-	-	-	-	-	
synMTS_8_181_atp8	0.006	No mitochondrial presequence	85(MPP)	-0.224	9-13,82-86	1-13-low	-	-	-	-	-	-	-	-	-	-	-	-	-	-	
synMTS_8_182_atp8	0.004	No mitochondrial presequence	89(MPP)	-0.213	86-90	9-18-low	-	-	-	-	-	-	-	-	-	-	-	-	-	-	
synMTS_8_183_atp8	0.011	No mitochondrial presequence	71(MPP)	-0.169		20-30-low	-	-	-	-	-	-	-	-	-	-	-	-	-	-	
synMTS_8_184_atp8	0.001	No mitochondrial presequence	50(MPP)	-0.180	47-51,86-90,91-95	2-11-low	-	-	-	-	-	-	-	-	-	-	-	-	-	-	
synMTS_8_185_atp8	0.034	No mitochondrial presequence	71(MPP)	-0.183		12-21-low	-	-	-	-	-	-	-	-	-	-	-	-	-	-	
synMTS_8_186_atp8	0.008	No mitochondrial presequence	59(MPP)	-0.203	94-98	11-20-low	-	-	-	-	-	-	-	-	-	-	-	-	-	-	
synMTS_8_187_atp8	0.012	No mitochondrial presequence	67(MPP)	-0.179	49-53	13-22-low	-	-	-	-	-	-	-	-	-	-	-	-	-	-	
synMTS_8_188_atp8	0.003	No mitochondrial presequence	69(MPP)	-0.188		21-30-low	-	-	-	-	-	-	-	-	-	-	-	-	-	-	
synMTS_8_189_atp8	0.004	No mitochondrial presequence	91(MPP)	-0.209		9-18-low	-	-	-	-	-	-	-	-	-	-	-	-	-	-	
synMTS_8_190_atp8	0.001	No mitochondrial presequence	20(MPP)	-0.250		17-26-low	-	-	-	-	-	-	-	-	-	-	-	-	-	-	
synMTS_8_191_atp8	0.000	No mitochondrial presequence	67(MPP)	-0.194		8-17-low	-	-	-	-	-	-	-	-	-	-	-	-	-	-	
synMTS_8_192_atp8	0.001	No mitochondrial presequence	10(MPP)	-0.100		9-18-low	-	-	-	-	-	-	-	-	-	-	-	-	-	-	
synMTS_8_193_atp8	0.016	No mitochondrial presequence	65(MPP)	-0.215		5-16-low	-	-	-	-	-	-	-	-	-	-	-	-	-	-	
synMTS_8_194_atp8	0.004	No mitochondrial presequence	76(MPP)	-0.224		17-26-low	-	-	-	-	-	-	-	-	-	-	-	-	-	-	
synMTS_8_195_atp8	0.000	No mitochondrial presequence	15(MPP)	-0.267		21-30-low	-	-	-	-	-	-	-	-	-	-	-	-	-	-	
synMTS_8_196_atp8	0.004	No mitochondrial presequence	10(MPP)	-0.200		17-26-low	-	-	-	-	-	-	-	-	-	-	-	-	-	-	
synMTS_8_197_atp8	0.003	No mitochondrial presequence	67(MPP)	-0.194		1-11-low	-	-	-	-	-	-	-	-	-	-	-	-	-	-	
synMTS_8_198_atp8	0.002	No mitochondrial presequence	71(MPP)	-0.197	68-72	19-29-low	-	-	-	-	-	-	-	-	-	-	-	-	-	-	
synMTS_8_199_atp8	0.010	No mitochondrial presequence	61(MPP)	-0.180	96-100	1-12-low	-	-	-	-	-	-	-	-	-	-	-	-	-	-	
synMTS_8_200_atp8	0.000	No mitochondrial presequence	30(MPP), 31(Icp55)	-0.233		6-15-low	-	-	-	-	-	-	-	-	-	-	-	-	-	-	
synMTS_9_001_atp8	0.001	No mitochondrial presequence	52(MPP), 53(Icp55)	0.038	12-16,65-69	4-16-low	-	-	-	-	-	-	-	-	-	16-21	-	-	-	-	
synMTS_9_002_atp8	0.015	No mitochondrial presequence	13(MPP)	0.154	4-8,13-17,21-25,47-51,75-79,83-87,86-90	13-24-high	-	-	-	-	4-9	-	-	-	-	-	-	-	-	-	
synMTS_9_003_atp8	0.017	No mitochondrial presequence	58(MPP)	0.052	94-98	18-27-low	-	-	-	-	-	-	-	-	-	-	-	-	-	-	
synMTS_9_004_atp8	0.006	No mitochondrial presequence	63(MPP)	-0.048	60-64	15-26-high	-	-	-	-	-	-	-	-	-	-	-	-	-	-	
synMTS_9_005_atp8	0.027	No mitochondrial presequence	88(MPP)	0.000	4-8,15-19,46-50,86-90	3-13-low	-	-	-	-	-	-	-	-	-	-	-	3-8	-	-	
synMTS_9_006_atp8	0.048	No mitochondrial presequence	90(MPP)	0.078	8-12,11-15,19-23,54-58,57-61,87-91	15-24-high	-	-	-	-	-	-	-	-	-	-	-	18-23	-	-	
synMTS_9_007_atp8	0.091	No mitochondrial presequence	55(MPP)	0.145	56-60	21-30-low	-	-	-	-	-	-	-	24-29	-	-	-	-	-	-	
synMTS_9_008_atp8	0.081	No mitochondrial presequence	95(MPP)	0.095	63-67,92-96	17-26-high	-	-	-	-	-	-	-	16-21	-	15-20	-	-	-	-	
synMTS_9_009_atp8	0.054	No mitochondrial presequence	86(MPP)	0.058	16-20,45-49,83-87,88-92	16-25-high	-	-	-	-	-	-	-	-	-	-	-	-	-	-	
synMTS_9_010_atp8	0.039	No mitochondrial presequence	94(MPP)	0.064	9-13,18-22,29-33,53-57,91-95,96-100	16-25-high	-	-	-	-	-	23-28	-	-	-	22-27	-	-	-	-	
synMTS_9_011_atp8	0.008	No mitochondrial presequence	59(MPP)	0.017	95-99	9-20-low	-	-	-	-	-	-	-	-	-	-	-	-	-	-	
synMTS_9_012_atp8	0.014	No mitochondrial presequence	4(MPP)	-0.250	12-16,58-62,85-89,93-97	11-20-high	-	-	-	-	-	-	-	-	-	-	-	-	-	-	
synMTS_9_013_atp8	0.032	No mitochondrial presequence	79(MPP)	0.025	23-27,76-80,81-85	12-21-high	-	-	-	-	-	-	-	-	-	-	-	-	-	-	
synMTS_9_014_atp8	0.019	No mitochondrial presequence	66(MPP)	0.076	8-12,48-52	8-20-low	-	-	-	-	-	-	-	-	-	-	-	-	-	-	
synMTS_9_015_atp8	0.028	No mitochondrial presequence	92(MPP)	0.011	44-48,47-51,58-62	4-15-high	-	-	-	-	-	23-28	-	-	-	-	-	-	-	-	
synMTS_9_016_atp8	0.014	No mitochondrial presequence	83(MPP)	0.000	41-45,80-84,85-89	18-27-low	-	-	-	-	-	-	-	-	-	-	-	-	-	-	
synMTS_9_017_atp8	0.018	No mitochondrial presequence	85(MPP)	0.035	82-86,87-91	12-21-low	-	-	-	-	-	-	-	-	-	-	-	-	-	-	
synMTS_9_018_atp8	0.129	No mitochondrial presequence	76(MPP)	0.092	4-8,12-16,35-39,39-43,73-77	8-17-high	-	-	25-30	-	-	-	-	-	2-7	-	1-6	-	-	-	
synMTS_9_019_atp8	0.023	No mitochondrial presequence	91(MPP)	0.044	10-14,34-38,50-54	10-19-high	-	-	11-16	-	10-15	-	-	-	-	-	-	-	-	-	
synMTS_9_020_atp8	0.001	No mitochondrial presequence	24(MPP)	-0.167	71-75	5-14-low	-	-	-	-	-	-	-	-	-	-	-	-	-	-	
synMTS_9_021_atp8	0.018	No mitochondrial presequence	23(MPP)	0.043	13-17,62-66,69-73	17-26-high	-	-	-	-	-	-	-	-	16-21	-	-	-	-	-	
synMTS_9_022_atp8	0.009	No mitochondrial presequence	24(MPP)	0.167		10-21-high	-	-	-	-	-	-	-	-	-	-	-	-	-	-	
synMTS_9_023_atp8	0.052	No mitochondrial presequence	81(MPP)	0.136	6-10,9-13,30-34,44-48,67-71	6-15-high	-	-	-	-	9-14	-	-	-	-	-	-	-	-	-	
synMTS_9_024_atp8	0.098	No mitochondrial presequence	93(MPP)	0.011	16-20,90-94,95-99	21-30-high	-	-	-	-	-	-	21-26	25-30	-	20-25	-	-	-	24-29	
synMTS_9_025_atp8	0.041	No mitochondrial presequence	28(MPP)	0.000	64-68,69-73,89-93	19-28-high	-	-	-	-	-	24-29	-	-	-	-	-	-	-	23-28	
synMTS_9_026_atp8	0.014	No mitochondrial presequence	59(MPP)	0.017	61-65,73-77,84-88	7-16-high	-	-	-	-	-	-	-	-	-	-	-	-	-	-	
synMTS_9_027_atp8	0.116	No mitochondrial presequence	54(MPP)	0.111	5-9,18-22,21-25,38-42,90-94,95-99	18-29-high	-	-	-	-	18-23	-	9-14	-	-	8-13	-	-	-	-	
synMTS_9_028_atp8	0.087	No mitochondrial presequence	89(MPP)	0.045	48-52,86-90,91-95	18-27-low	-	-	-	-	-	-	-	-	-	-	-	-	-	-	
synMTS_9_029_atp8	0.003	No mitochondrial presequence	5(MPP)	-0.200	11-15,15-19,82-86,89-93	9-19-high	-	-	-	-	-	-	-	-	-	-	-	-	-	-	
synMTS_9_030_atp8	0.005	No mitochondrial presequence	65(MPP)	0.046	34-38,44-48,57-61,63-67	7-16-low	-	-	-	-	-	-	-	-	-	-	-	-	-	-	
synMTS_9_031_atp8	0.007	No mitochondrial presequence	76(MPP)	-0.013	25-29,60-64	5-14-low	-	-	-	-	-	-	-	-	-	-	-	-	-	-	
synMTS_9_032_atp8	0.007	No mitochondrial presequence	6(MPP)	-0.167	69-73,85-89,92-96	14-23-low	-	-	-	-	-	-	-	-	-	-	-	-	-	-	
synMTS_9_033_atp8	0.009	No mitochondrial presequence	89(MPP)	0.000	9-13,86-90,91-95	4-13-high	-	-	-	-	-	-	-	-	-	-	-	-	-	-	
synMTS_9_034_atp8	0.001	No mitochondrial presequence	24(MPP)	0.000	80-84	16-25-low	-	-	-	-	-	-	-	-	-	-	-	-	-	-	
synMTS_9_035_atp8	0.026	No mitochondrial presequence	8(MPP)	0.125	43-47,46-50,53-57	9-18-low	-	-	-	-	-	-	-	-	-	-	-	-	-	-	
synMTS_9_036_atp8	0.004	No mitochondrial presequence	39(MPP)	0.026	8-12,75-79,80-84	7-16-low	-	-	-	-	-	-	-	-	-	-	-	-	-	-	
synMTS_9_037_atp8	0.026	No mitochondrial presequence	83(MPP)	0.036	2-6,32-36,47-51,51-55	2-13-high	-	-	-	-	-	-	-	-	-	-	-	1-6	-	-	
synMTS_9_038_atp8	0.058	No mitochondrial presequence	76(MPP)	0.013	30-34,73-77	1-10-low	-	-	-	-	-	-	-	-	-	-	-	-	-	-	
synMTS_9_039_atp8	0.005	No mitochondrial presequence	88(MPP)	-0.023	31-35,86-90	16-26-low	-	-	-	-	-	-	-	-	-	-	-	-	-	-	
synMTS_9_040_atp8	0.009	No mitochondrial presequence	95(MPP)	0.032	30-34,67-71,93-97	11-20-low	-	-	-	-	-	-	-	-	-	-	-	-	-	-	
synMTS_9_041_atp8	0.057	No mitochondrial presequence	84(MPP)	0.071	3-7,17-21,34-38,43-47,81-85,86-90	13-22-low	-	-	-	-	-	-	-	-	1-6	-	-	-	-	-	
synMTS_9_042_atp8	0.019	No mitochondrial presequence	68(MPP)	0.044	22-26,61-65	20-30-high	-	-	-	-	-	-	-	-	-	-	-	-	-	-	
synMTS_9_043_atp8	0.001	No mitochondrial presequence	11(MPP)	0.000		20-29-low	-	-	-	-	-	-	-	-	-	-	-	-	-	-	
synMTS_9_044_atp8	0.001	No mitochondrial presequence	81(MPP)	-0.037	35-39,70-74	14-23-low	-	-	-	-	-	-	-	-	-	-	-	-	-	-	
synMTS_9_045_atp8	0.008	No mitochondrial presequence	8(MPP)	0.250	5-9,55-59,59-63	1-10-high	-	-	-	-	-	-	-	-	-	-	-	-	-	-	
synMTS_9_046_atp8	0.055	No mitochondrial presequence	29(MPP), 30(Icp55)	0.103	14-18,22-26,37-41,93-97	10-19-high	-	-	-	-	-	-	-	10-15	-	-	-	-	14-19	-	
synMTS_9_047_atp8	0.056	No mitochondrial presequence	76(MPP)	0.066	14-18,29-33,38-42,74-78	9-18-high	-	-	-	-	-	-	-	-	-	-	17-22	13-18	-	-	
synMTS_9_048_atp8	0.018	No mitochondrial presequence	34(MPP), 35(Icp55)	0.029	32-36,57-61,77-81,81-85	4-13-high	-	-	-	-	-	-	-	-	-	-	-	-	-	-	
synMTS_9_049_atp8	0.001	No mitochondrial presequence	68(MPP)	0.044	46-50	3-13-low	-	-	-	-	-	-	-	-	-	-	-	-	-	-	
synMTS_9_050_atp8	0.012	No mitochondrial presequence	78(MPP)	0.000	75-79	21-30-low	-	-	-	-	-	-	-	-	-	-	-	-	-	-	
synMTS_9_051_atp8	0.092	No mitochondrial presequence	57(MPP)	0.140	27-31,92-96	14-25-low	-	10-15	-	-	-	14-19	-	-	-	-	-	-	-	-	
synMTS_9_052_atp8	0.001	No mitochondrial presequence	21(MPP)	-0.238	32-36,56-60,61-65	13-22-low	-	-	-	-	-	-	-	-	-	-	-	-	-	-	
synMTS_9_053_atp8	0.011	No mitochondrial presequence	40(MPP), 41(Icp55)	0.100	4-8,33-37,54-58,73-77	1-12-high	-	-	-	-	-	-	-	-	-	-	-	-	-	-	
synMTS_9_054_atp8	0.000	No mitochondrial presequence	10(MPP)	-0.200	45-49,65-69,71-75	14-23-low	-	-	-	-	-	-	-	-	-	-	-	-	-	-	
synMTS_9_055_atp8	0.010	No mitochondrial presequence	85(MPP)	0.035	38-42,82-86,87-91	3-13-high	-	-	-	-	-	-	-	-	-	-	-	-	-	-	
synMTS_9_056_atp8	0.060	No mitochondrial presequence	67(MPP)	0.104	22-26,64-68	16-26-high	-	-	-	-	-	-	-	-	-	-	-	21-26	-	-	
synMTS_9_057_atp8	0.047	No mitochondrial presequence	45(MPP)	0.044	3-7,19-23,80-84,85-89	17-26-high	-	-	-	-	-	-	-	-	-	22-27	-	-	-	-	
synMTS_9_058_atp8	0.005	No mitochondrial presequence	17(MPP), 18(Icp55)	-0.176	36-40	7-16-low	-	-	-	-	-	-	-	-	-	-	-	-	-	-	
synMTS_9_059_atp8	0.005	No mitochondrial presequence	66(MPP)	0.030	17-21,63-67	9-18-low	-	-	-	-	-	-	-	-	-	-	-	-	-	-	
synMTS_9_060_atp8	0.027	No mitochondrial presequence	5(MPP)	-0.200	19-23,69-73	13-24-low	-	-	-	-	-	-	-	-	-	-	-	-	-	-	
synMTS_9_061_atp8	0.003	No mitochondrial presequence	29(MPP)	-0.034	93-97	4-13-low	-	-	-	-	-	-	-	-	-	-	-	-	-	-	
synMTS_9_062_atp8	0.011	No mitochondrial presequence	82(MPP)	0.024	79-83,84-88	15-24-low	-	-	-	-	-	-	-	-	-	-	-	-	-	-	
synMTS_9_063_atp8	0.016	No mitochondrial presequence	5(MPP)	-0.200	9-13	6-15-high	-	-	-	-	-	-	-	-	-	-	-	-	-	-	
synMTS_9_064_atp8	0.009	No mitochondrial presequence	91(MPP)	0.000	62-66,85-89	14-23-low	-	-	-	-	-	-	-	-	-	-	-	-	-	-	
synMTS_9_065_atp8	0.023	No mitochondrial presequence	93(MPP)	-0.011	90-94,95-99	7-16-low	-	-	-	-	-	-	-	-	-	-	-	-	-	-	
synMTS_9_066_atp8	0.007	No mitochondrial presequence	66(MPP)	-0.030	34-38	2-12-low	-	-	-	-	-	-	-	-	-	-	-	-	-	-	
synMTS_9_067_atp8	0.002	No mitochondrial presequence	70(MPP)	0.014	9-13,68-72	2-11-low	-	-	-	-	-	-	-	-	-	-	-	-	-	-	
synMTS_9_068_atp8	0.011	No mitochondrial presequence	84(MPP)	0.036		19-28-low	-	-	-	-	-	-	-	-	-	-	-	-	-	-	
synMTS_9_069_atp8	0.012	No mitochondrial presequence	76(MPP)	0.039		3-12-high	-	-	-	-	-	-	-	-	-	-	-	-	-	-	
synMTS_9_070_atp8	0.026	No mitochondrial presequence	41(MPP)	0.049	2-6,18-22,38-42,53-57,57-61,87-91	20-29-high	-	-	-	-	-	5-10	-	-	-	-	-	-	-	-	
synMTS_9_071_atp8	0.007	No mitochondrial presequence	63(MPP)	0.016	60-64	11-20-high	-	-	-	-	-	-	-	-	-	-	-	-	-	-	
synMTS_9_072_atp8	0.176	No mitochondrial presequence	69(MPP)	0.087	2-6,6-10,21-25,66-70	2-11-high	-	-	-	-	6-11	-	-	-	-	-	-	-	-	-	
synMTS_9_073_atp8	0.119	No mitochondrial presequence	65(MPP)	0.138	26-30,39-43,49-53	4-15-low	-	-	-	-	-	4-9	-	-	-	3-8	-	25-30	-	-	
synMTS_9_074_atp8	0.010	No mitochondrial presequence	89(MPP)	0.011	38-42,42-46,47-51	15-24-low	-	-	-	-	-	-	-	-	-	-	-	-	-	-	
synMTS_9_075_atp8	0.041	No mitochondrial presequence	32(MPP)	0.031		19-28-low	-	-	-	-	-	-	-	-	-	-	-	-	-	-	
synMTS_9_076_atp8	0.121	No mitochondrial presequence	49(MPP)	0.184	13-17,16-20,21-25,46-50,85-89,90-94	11-20-high	-	-	-	-	-	-	-	-	-	-	-	-	-	-	
synMTS_9_077_atp8	0.012	No mitochondrial presequence	44(MPP)	-0.068	80-84,85-89	20-29-low	-	-	-	-	-	-	-	-	-	-	-	-	-	-	
synMTS_9_078_atp8	0.014	No mitochondrial presequence	61(MPP)	-0.066	58-62,96-100	1-10-low	-	-	-	-	-	-	-	-	17-22	-	16-21	-	-	-	
synMTS_9_079_atp8	0.018	No mitochondrial presequence	66(MPP)	0.045	39-43	13-22-high	-	-	-	-	-	-	-	-	-	-	-	-	-	-	
synMTS_9_080_atp8	0.008	No mitochondrial presequence	82(MPP)	-0.049	11-15,57-61,80-84	15-24-low	-	-	-	-	-	-	-	-	-	-	-	-	-	-	
synMTS_9_081_atp8	0.006	No mitochondrial presequence	73(MPP)	0.014	71-75	13-22-low	-	-	-	-	-	-	-	-	-	-	-	-	-	-	
synMTS_9_082_atp8	0.031	No mitochondrial presequence	21(MPP)	-0.143	65-69,73-77,76-80	2-11-low	-	-	-	-	-	17-22	-	-	-	-	-	-	-	16-21	
synMTS_9_083_atp8	0.019	No mitochondrial presequence	61(MPP)	-0.016	20-24	17-26-high	-	-	-	-	-	-	-	-	-	-	-	-	-	-	
synMTS_9_084_atp8	0.013	No mitochondrial presequence	79(MPP)	0.025	37-41,76-80,81-85	16-25-low	-	-	-	-	-	-	-	-	-	-	-	-	-	-	
synMTS_9_085_atp8	0.148	No mitochondrial presequence	72(MPP)	0.000	3-7,6-10,44-48,51-55,60-64,69-73	6-15-high	-	-	-	-	3-8,6-11	-	9-14	-	-	-	-	-	-	-	
synMTS_9_086_atp8	0.007	No mitochondrial presequence	20(MPP)	0.000	89-93	12-21-low	-	-	-	-	-	-	-	-	-	-	-	-	-	-	
synMTS_9_087_atp8	0.003	No mitochondrial presequence	83(MPP)	-0.084	43-47	5-16-low	-	-	-	-	-	-	-	-	-	-	-	-	-	-	
synMTS_9_088_atp8	0.026	No mitochondrial presequence	15(MPP)	0.133		8-17-high	-	-	-	-	-	-	-	-	-	-	-	-	-	-	
synMTS_9_089_atp8	0.038	No mitochondrial presequence	45(MPP)	0.044	16-20,20-24,29-33,42-46,81-85,86-90	16-25-high	-	-	-	-	-	-	-	-	-	-	-	-	-	-	
synMTS_9_090_atp8	0.133	No mitochondrial presequence	57(MPP)	0.105	49-53,93-97	19-28-high	-	-	-	-	-	-	-	-	-	-	-	-	-	-	
synMTS_9_091_atp8	0.005	No mitochondrial presequence	79(MPP)	-0.013	8-12,76-80	10-19-low	-	-	-	-	-	-	-	-	-	-	-	-	-	-	
synMTS_9_092_atp8	0.012	No mitochondrial presequence	68(MPP)	0.059	15-19	2-11-low	-	-	-	-	-	-	-	-	-	-	-	-	-	-	
synMTS_9_093_atp8	0.004	No mitochondrial presequence	95(MPP)	0.011	66-70,85-89,92-96	15-24-low	-	-	-	-	-	-	-	-	-	-	-	-	-	-	
synMTS_9_094_atp8	0.125	No mitochondrial presequence	11(MPP)	0.000	3-7,39-43,55-59,59-63	20-29-high	-	-	-	-	-	-	25-30	-	-	-	-	2-7	-	24-29	
synMTS_9_095_atp8	0.015	No mitochondrial presequence	65(MPP)	0.031	7-11,42-46	13-23-low	-	-	-	-	-	-	-	-	-	-	-	-	-	-	
synMTS_9_096_atp8	0.039	No mitochondrial presequence	93(MPP)	0.086	24-28,27-31,90-94,95-99	21-30-high	-	-	-	-	-	-	-	-	-	-	-	23-28	-	-	
synMTS_9_097_atp8	0.020	No mitochondrial presequence	86(MPP)	0.000	9-13,83-87,88-92	1-11-low	-	-	-	-	-	-	-	-	-	-	-	-	-	-	
synMTS_9_098_atp8	0.185	No mitochondrial presequence	52(MPP)	0.231	50-54,88-92,93-97	16-27-high	-	-	-	-	-	-	2-7	-	-	1-6	-	-	-	-	
synMTS_9_099_atp8	0.029	No mitochondrial presequence	5(MPP)	-0.200	66-70,96-100	7-17-low	-	-	-	-	-	-	-	18-23	-	17-22	-	-	-	-	
synMTS_9_100_atp8	0.200	No mitochondrial presequence	44(MPP)	0.205	4-8,8-12,28-32,38-42,80-84,85-89	5-14-high	-	-	-	-	-	-	-	-	-	-	-	-	-	-	
synMTS_9_101_atp8	0.014	No mitochondrial presequence	93(MPP)	0.032	90-94,95-99	1-10-high	-	-	-	-	-	-	-	-	-	-	-	-	-	-	
synMTS_9_102_atp8	0.003	No mitochondrial presequence	46(MPP)	0.022	43-47,82-86,87-91	17-26-low	-	-	-	-	-	-	-	-	-	-	-	-	-	-	
synMTS_9_103_atp8	0.030	No mitochondrial presequence	65(MPP)	0.123	63-67	13-22-low	-	-	-	-	-	-	-	-	-	-	-	-	-	-	
synMTS_9_104_atp8	0.071	No mitochondrial presequence	16(MPP)	0.062	7-11,55-59,87-91	3-12-high	-	-	-	-	7-12	-	-	-	-	-	-	-	-	-	
synMTS_9_105_atp8	0.004	No mitochondrial presequence	5(MPP)	0.000	9-13,15-19,82-86	5-14-high	-	-	-	-	-	-	-	-	-	-	-	-	-	-	
synMTS_9_106_atp8	0.090	No mitochondrial presequence	85(MPP)	0.059	30-34	12-21-high	-	9-14	-	-	-	-	13-18	-	-	-	-	-	-	-	
synMTS_9_107_atp8	0.004	No mitochondrial presequence	60(MPP)	0.183	30-34,52-56,95-99	1-11-low	-	-	-	-	-	-	-	-	-	-	-	-	-	-	
synMTS_9_108_atp8	0.007	No mitochondrial presequence	7(MPP)	0.143	69-73,72-76	1-13-low	-	-	-	-	-	-	-	-	-	-	-	-	-	-	
synMTS_9_109_atp8	0.003	No mitochondrial presequence	59(MPP)	-0.068	95-99	2-13-low	-	-	-	-	-	-	-	-	-	-	-	-	-	-	
synMTS_9_110_atp8	0.051	No mitochondrial presequence	71(MPP)	0.056	10-14,13-17,22-26,60-64	8-17-high	-	-	-	-	-	-	-	-	-	-	-	9-14,21-26	-	-	
synMTS_9_111_atp8	0.007	No mitochondrial presequence	91(MPP)	-0.033	46-50,50-54,88-92,93-97	5-14-low	-	-	-	-	-	-	-	-	-	-	-	-	-	-	
synMTS_9_112_atp8	0.184	No mitochondrial presequence	80(MPP)	0.075	15-19,36-40,77-81,82-86	11-21-high	-	-	-	16-21	-	-	-	-	-	-	-	-	-	-	
synMTS_9_113_atp8	0.228	No mitochondrial presequence	47(MPP)	0.085	44-48,83-87,88-92	21-30-low	-	-	-	-	-	-	25-30	-	-	-	-	-	-	-	
synMTS_9_114_atp8	0.008	No mitochondrial presequence	74(MPP)	-0.122	13-17	1-10-low	-	-	-	-	-	-	-	-	-	-	-	-	-	-	
synMTS_9_115_atp8	0.002	No mitochondrial presequence	5(MPP)	-0.200	19-23,67-71,71-75	14-23-high	-	-	-	-	-	-	-	-	-	-	-	-	-	-	
synMTS_9_116_atp8	0.035	No mitochondrial presequence	81(MPP)	0.012	15-19,68-72,73-77,78-82	1-10-low	-	-	-	-	-	-	-	-	-	-	-	-	-	-	
synMTS_9_117_atp8	0.034	No mitochondrial presequence	95(MPP)	0.126	14-18,29-33,32-36,92-96	13-22-high	-	-	-	-	-	-	-	18-23	-	17-22	-	-	-	-	
synMTS_9_118_atp8	0.011	No mitochondrial presequence	7(MPP)	-0.143	11-15,86-90,95-99	7-16-high	-	-	-	-	11-16	-	-	-	-	-	-	-	-	-	
synMTS_9_119_atp8	0.006	No mitochondrial presequence	47(MPP)	0.064	44-48	12-25-high	-	-	-	-	-	-	-	-	-	-	-	-	-	-	
synMTS_9_120_atp8	0.001	No mitochondrial presequence	92(MPP)	-0.011	46-50,89-93,94-98	5-14-low	-	-	-	-	-	-	-	-	-	-	-	-	-	-	
synMTS_9_121_atp8	0.020	No mitochondrial presequence	54(MPP)	0.111	89-93,94-98	11-20-low	-	-	-	-	-	-	-	-	-	-	-	-	-	-	
synMTS_9_122_atp8	0.018	No mitochondrial presequence	77(MPP)	0.000	21-25,52-56,56-60,63-67	15-25-high	-	-	-	-	-	-	-	-	-	-	-	20-25	-	-	
synMTS_9_123_atp8	0.070	No mitochondrial presequence	72(MPP)	0.056	18-22,69-73	17-26-high	-	-	-	-	-	22-27	-	-	-	21-26	-	-	-	-	
synMTS_9_124_atp8	0.024	No mitochondrial presequence	51(MPP)	0.078	43-47,83-87,86-90,93-97,96-100	21-30-high	-	18-23	-	-	-	-	-	-	-	-	-	-	-	-	
synMTS_9_125_atp8	0.003	No mitochondrial presequence	76(MPP)	0.013	26-30,31-35,41-45	21-30-high	-	-	-	-	-	-	-	-	-	-	-	-	-	-	
synMTS_9_126_atp8	0.080	No mitochondrial presequence	68(MPP)	0.088	55-59,65-69,87-91	16-25-high	-	-	-	-	-	-	-	-	-	-	-	-	-	-	
synMTS_9_127_atp8	0.009	No mitochondrial presequence	10(MPP)	-0.100	47-51,96-100	21-30-low	-	-	-	-	-	-	-	-	-	-	-	-	-	-	
synMTS_9_128_atp8	0.018	No mitochondrial presequence	84(MPP)	0.083	15-19,18-22,64-68,67-71	15-24-high	-	-	-	-	-	-	-	-	-	-	-	-	-	-	
synMTS_9_129_atp8	0.117	No mitochondrial presequence	58(MPP)	0.155	3-7,10-14,35-39,94-98	5-14-high	-	-	-	-	10-15	-	-	-	-	-	-	-	-	-	
synMTS_9_130_atp8	0.014	No mitochondrial presequence	62(MPP)	-0.016	7-11,49-53,59-63	6-15-low	-	-	-	-	-	-	-	-	-	-	-	-	-	-	
synMTS_9_131_atp8	0.068	No mitochondrial presequence	42(MPP)	0.143	19-23,78-82,83-87	1-11-low	-	-	-	-	-	-	-	-	-	-	-	-	-	-	
synMTS_9_132_atp8	0.002	No mitochondrial presequence	19(MPP)	0.000	31-35,55-59	10-19-high	-	-	-	-	-	-	-	-	-	-	-	-	-	-	
synMTS_9_133_atp8	0.014	No mitochondrial presequence	62(MPP)	0.048	4-8,15-19,42-46	9-19-high	-	-	-	-	-	-	-	-	-	-	-	-	-	-	
synMTS_9_134_atp8	0.033	No mitochondrial presequence	7(MPP)	-0.286	13-17,49-53,65-69	9-18-high	-	-	-	-	-	-	-	-	-	-	-	-	-	-	
synMTS_9_135_atp8	0.007	No mitochondrial presequence	7(MPP)	-0.143		9-18-high	-	-	-	-	-	-	-	-	-	-	-	-	-	-	
synMTS_9_136_atp8	0.001	No mitochondrial presequence	16(MPP)	-0.125	78-82,85-89,89-93	10-21-low	-	-	-	-	-	-	-	-	-	-	-	-	-	-	
synMTS_9_137_atp8	0.050	No mitochondrial presequence	71(MPP)	-0.014	14-18,33-37,68-72	14-25-low	-	-	-	-	14-19	-	-	-	-	-	-	-	-	-	
synMTS_9_138_atp8	0.003	No mitochondrial presequence	62(MPP)	-0.016	40-44,59-63	15-24-low	-	-	-	-	-	-	-	-	-	-	-	-	-	-	
synMTS_9_139_atp8	0.074	No mitochondrial presequence	58(MPP)	0.121	94-98	17-26-low	-	-	-	-	-	-	-	-	-	-	-	-	-	-	
synMTS_9_140_atp8	0.005	No mitochondrial presequence	88(MPP)	0.034	56-60	13-22-low	-	-	-	-	-	-	-	-	-	-	-	-	-	-	
synMTS_9_141_atp8	0.039	No mitochondrial presequence	52(MPP)	0.038	49-53,88-92,93-97	15-24-low	-	-	-	-	-	-	-	-	-	-	-	-	-	-	
synMTS_9_142_atp8	0.024	No mitochondrial presequence	58(MPP)	0.034	25-29,55-59,94-98	10-19-low	-	-	-	-	-	-	-	-	-	-	-	-	-	-	
synMTS_9_143_atp8	0.006	No mitochondrial presequence	22(MPP)	-0.045	57-61	14-23-low	-	24-29	-	-	-	-	-	-	-	-	-	-	-	-	
synMTS_9_144_atp8	0.017	No mitochondrial presequence	88(MPP)	0.023	47-51,85-89,90-94	17-26-low	-	-	-	-	-	7-12	-	-	-	-	-	-	-	-	
synMTS_9_145_atp8	0.022	No mitochondrial presequence	78(MPP)	0.090		14-23-low	-	-	-	-	-	-	-	-	23-28	-	22-27	-	-	-	
synMTS_9_146_atp8	0.003	No mitochondrial presequence	74(MPP)	0.068		13-22-low	-	-	-	-	-	-	-	-	16-21	-	15-20	-	-	-	
synMTS_9_147_atp8	0.013	No mitochondrial presequence	83(MPP)	0.048	25-29,33-37,80-84,85-89	1-10-low	-	-	-	-	-	-	-	-	-	-	-	-	-	-	
synMTS_9_148_atp8	0.008	No mitochondrial presequence	78(MPP)	0.000	40-44,53-57	21-30-low	-	-	-	-	-	-	-	-	-	-	-	-	-	-	
synMTS_9_149_atp8	0.035	No mitochondrial presequence	95(MPP)	0.095	92-96	7-16-low	-	-	-	-	-	-	-	-	-	-	-	-	-	-	
synMTS_9_150_atp8	0.008	No mitochondrial presequence	65(MPP)	0.031		10-20-low	-	-	-	-	-	-	-	-	-	-	-	-	-	-	
synMTS_9_151_atp8	0.001	No mitochondrial presequence	90(MPP)	-0.022	14-18,35-39	19-29-low	-	-	-	-	-	-	-	-	-	-	-	-	-	-	
synMTS_9_152_atp8	0.013	No mitochondrial presequence	72(MPP)	0.056	17-21,54-58,85-89	10-21-high	-	-	-	-	-	-	-	-	-	-	-	-	-	-	
synMTS_9_153_atp8	0.015	No mitochondrial presequence	18(MPP)	-0.222	64-68	6-15-low	-	-	-	-	-	-	-	-	-	-	-	-	-	-	
synMTS_9_154_atp8	0.040	No mitochondrial presequence	69(MPP)	0.101	63-67,66-70	4-13-high	-	-	-	-	-	-	-	-	-	-	-	-	-	8-13	
synMTS_9_155_atp8	0.008	No mitochondrial presequence	8(MPP)	0.125		17-26-low	-	-	-	-	-	-	-	-	-	-	-	-	-	-	
synMTS_9_156_atp8	0.002	No mitochondrial presequence	30(MPP)	-0.100	5-9	9-18-low	-	-	-	-	-	-	-	-	-	-	-	-	-	-	
synMTS_9_157_atp8	0.005	No mitochondrial presequence	33(MPP)	-0.061		3-12-low	-	-	-	-	-	-	-	-	-	-	-	-	-	-	
synMTS_9_158_atp8	0.011	No mitochondrial presequence	31(MPP)	0.129	26-30	5-14-low	-	-	-	-	-	-	-	-	-	-	-	-	-	-	
synMTS_9_159_atp8	0.024	No mitochondrial presequence	91(MPP)	0.022	17-21,88-92,93-97	15-24-high	-	-	-	-	-	-	-	-	-	-	-	-	-	-	
synMTS_9_160_atp8	0.048	No mitochondrial presequence	21(MPP)	0.190	83-87	18-28-high	-	-	-	-	-	-	-	-	-	-	-	-	-	25-30	
synMTS_9_161_atp8	0.007	No mitochondrial presequence	88(MPP)	-0.091	17-21	13-22-low	-	-	-	-	-	-	-	-	-	-	-	-	-	-	
synMTS_9_162_atp8	0.031	No mitochondrial presequence	70(MPP)	-0.029	31-35	4-13-high	-	-	-	-	-	-	-	-	-	-	-	-	-	-	
synMTS_9_163_atp8	0.001	No mitochondrial presequence	35(MPP)	-0.229	51-55,87-91	13-22-low	-	-	-	-	-	-	-	-	-	-	-	-	-	-	
synMTS_9_164_atp8	0.007	No mitochondrial presequence	89(MPP)	0.034	73-77	20-30-low	-	-	-	-	-	-	-	-	-	-	-	-	-	-	
synMTS_9_165_atp8	0.001	No mitochondrial presequence	83(MPP)	0.024	35-39,81-85	10-21-low	-	-	-	-	-	-	-	-	-	-	-	-	-	-	
synMTS_9_166_atp8	0.059	No mitochondrial presequence	15(MPP), 16(Icp55)	0.267		2-11-high	-	-	25-30	-	-	2-7	-	-	-	1-6	-	-	-	15-20	
synMTS_9_167_atp8	0.001	No mitochondrial presequence	77(MPP)	-0.039	35-39	13-22-low	-	-	-	-	-	-	-	-	-	-	-	-	-	-	
synMTS_9_168_atp8	0.036	No mitochondrial presequence	91(MPP)	0.110	39-43,88-92	3-14-high	-	-	-	-	-	-	-	-	-	-	-	-	-	-	
synMTS_9_169_atp8	0.001	No mitochondrial presequence	66(MPP)	0.045	36-40,63-67	6-15-low	-	-	-	-	-	-	-	-	-	-	-	-	-	-	
synMTS_9_170_atp8	0.015	No mitochondrial presequence	85(MPP)	0.082	10-14,41-45,73-77,82-86	19-28-high	-	-	-	-	-	-	-	-	-	-	-	-	-	-	
synMTS_9_171_atp8	0.003	No mitochondrial presequence	7(MPP)	-0.143	18-22,70-74,96-100	12-21-high	-	-	-	-	-	-	-	-	-	-	-	-	-	-	
synMTS_9_172_atp8	0.019	No mitochondrial presequence	69(MPP)	-0.029		10-19-low	-	-	-	-	-	-	-	-	-	-	-	-	-	-	
synMTS_9_173_atp8	0.002	No mitochondrial presequence	50(MPP)	0.000	33-37,86-90,91-95	20-29-low	-	-	-	-	-	-	-	-	-	-	-	-	-	-	
synMTS_9_174_atp8	0.016	No mitochondrial presequence	19(MPP)	-0.053	29-33	1-11-high	-	-	-	-	-	-	-	-	-	-	-	-	-	-	
synMTS_9_175_atp8	0.040	No mitochondrial presequence	46(MPP)	0.022	26-30,82-86,87-91	15-24-low	-	-	-	-	-	-	-	-	-	-	-	-	-	-	
synMTS_9_176_atp8	0.027	No mitochondrial presequence	68(MPP)	-0.015	33-37,47-51	11-20-high	-	-	-	-	-	-	-	11-16	-	10-15	-	-	-	-	
synMTS_9_177_atp8	0.006	No mitochondrial presequence	10(MPP)	-0.200	62-66,66-70,70-74	13-24-low	-	-	-	-	-	-	12-17	-	-	11-16	-	-	-	-	
synMTS_9_178_atp8	0.066	No mitochondrial presequence	42(MPP)	0.048	8-12,39-43,78-82,83-87	16-25-low	-	-	-	-	-	-	-	-	-	-	-	-	-	-	
synMTS_9_179_atp8	0.029	No mitochondrial presequence	73(MPP)	0.014	14-18,53-57	13-22-low	-	-	-	-	-	-	-	-	-	-	-	-	-	-	
synMTS_9_180_atp8	0.012	No mitochondrial presequence	79(MPP)	-0.038	46-50,50-54	9-21-low	-	-	-	-	-	-	-	-	-	-	-	-	-	-	
synMTS_9_181_atp8	0.077	No mitochondrial presequence	84(MPP)	0.083	60-64,64-68	3-12-low	-	-	-	-	-	19-24	-	-	-	-	-	-	-	18-23	
synMTS_9_182_atp8	0.057	No mitochondrial presequence	90(MPP)	0.056	21-25,47-51	8-17-high	-	-	-	-	-	-	-	9-14	-	-	-	-	21-26	-	
synMTS_9_183_atp8	0.007	No mitochondrial presequence	23(MPP)	-0.130	55-59,69-73	8-17-low	-	-	-	-	-	-	-	-	-	-	-	-	-	-	
synMTS_9_184_atp8	0.070	No mitochondrial presequence	28(MPP)	0.071	69-73,74-78,91-95,96-100	2-14-low	-	-	-	-	-	-	-	-	-	-	-	-	-	-	
synMTS_9_185_atp8	0.032	No mitochondrial presequence	16(MPP)	-0.188	91-95	7-16-low	-	-	-	-	-	-	-	-	-	-	-	-	-	-	
synMTS_9_186_atp8	0.092	No mitochondrial presequence	91(MPP)	0.110	32-36,64-68,85-89,88-92	12-25-high	-	-	-	-	-	-	-	-	-	-	-	-	-	-	
synMTS_9_187_atp8	0.003	No mitochondrial presequence	52(MPP), 53(Icp55)	-0.058		9-18-low	-	-	-	-	-	-	-	-	-	-	-	-	-	-	
synMTS_9_188_atp8	0.011	No mitochondrial presequence	72(MPP)	0.000	62-66,69-73	3-16-low	-	-	-	-	-	-	-	-	-	-	-	-	-	-	
synMTS_9_189_atp8	0.007	No mitochondrial presequence	92(MPP)	-0.033	54-58	18-27-low	-	-	-	-	-	-	-	-	-	-	-	-	-	-	
synMTS_9_190_atp8	0.047	No mitochondrial presequence	48(MPP)	0.000	12-16,84-88,89-93	17-26-low	-	-	-	-	-	-	-	-	-	-	-	-	-	-	
synMTS_9_191_atp8	0.003	No mitochondrial presequence	18(MPP)	-0.222	24-28,60-64,91-95	21-30-high	-	-	-	-	-	-	-	-	-	-	-	-	-	-	
synMTS_9_192_atp8	0.006	No mitochondrial presequence	82(MPP)	0.085	79-83,84-88	4-14-low	-	-	-	-	-	-	-	-	-	-	-	-	-	-	
synMTS_9_193_atp8	0.037	No mitochondrial presequence	68(MPP)	0.088	3-7,6-10,32-36,48-52	2-11-high	-	-	-	-	-	-	-	-	-	-	-	2-7	-	-	
synMTS_9_194_atp8	0.002	No mitochondrial presequence	20(MPP)	-0.200	51-55	17-28-low	-	-	-	-	-	-	-	-	-	-	-	-	-	-	
synMTS_9_195_atp8	0.003	No mitochondrial presequence	87(MPP)	-0.057	45-49,84-88	20-29-low	-	-	-	-	-	-	-	-	-	-	-	-	-	-	
synMTS_9_196_atp8	0.001	No mitochondrial presequence	68(MPP)	-0.044	46-50,65-69	11-20-low	-	-	-	-	-	-	-	-	-	-	-	-	-	-	
synMTS_9_197_atp8	0.056	No mitochondrial presequence	59(MPP)	0.034	24-28,29-33,94-98	9-19-low	-	-	-	-	-	-	-	-	8-13	-	7-12	-	-	-	
synMTS_9_198_atp8	0.003	No mitochondrial presequence	75(MPP)	0.027		1-10-low	-	-	-	-	-	-	5-10	-	-	-	-	-	-	-	
synMTS_9_199_atp8	0.020	No mitochondrial presequence	9(MPP)	0.000	3-7,29-33,59-63,86-90	2-11-low	-	-	-	-	-	-	-	-	1-6	-	-	-	-	-	
synMTS_9_200_atp8	0.028	No mitochondrial presequence	94(MPP)	-0.021	2-6,6-10,25-29,91-95,96-100	2-11-high	-	-	-	-	-	-	-	-	-	-	-	5-10	-	-	
</pre>