<pre>Sequence ID	Probability of presequence	Prediction	Cleavage site (processing enzyme)	Net charge	Positions for TOM20 recognition motif (deliminated by comma)	Position of amphypathic alpha-helix	BHHPPP	BPHBHH	HBHHBb	HBHHbB	HHBHHB	HHBPHB	HHBPHH	HHBPHP	HHHBBH	HHHBPH	HHHHBB	HHPBHH	HPBHHP	PHHBPH
synMTS_1_401_hac1	0.005	No mitochondrial presequence	79(MPP)	0.000	18-22,90-94	17-26-high	-	-	-	-	-	-	-	-	-	-	-	-	-	-	
synMTS_1_402_hac1	0.004	No mitochondrial presequence	5(MPP)	-0.200		15-24-low	-	-	-	-	-	-	-	-	-	-	-	-	-	-	
synMTS_1_403_hac1	0.033	No mitochondrial presequence	13(MPP)	-0.077		15-25-high	-	-	-	-	-	-	-	19-24	-	18-23	-	-	-	-	
synMTS_1_404_hac1	0.016	No mitochondrial presequence	6(MPP)	0.000		18-27-low	-	-	-	-	-	-	-	-	5-10	-	4-9	-	-	-	
synMTS_1_405_hac1	0.001	No mitochondrial presequence	67(MPP)	0.000		7-16-low	-	-	-	-	-	-	-	-	-	-	-	-	-	-	
synMTS_1_406_hac1	0.004	No mitochondrial presequence	77(MPP)	0.039	4-8,88-92	3-12-low	-	-	-	-	-	-	-	-	-	-	-	-	-	-	
synMTS_1_407_hac1	0.022	No mitochondrial presequence	95(MPP)	0.074	87-91	21-30-low	-	-	-	-	-	-	-	-	-	-	-	-	-	-	
synMTS_1_408_hac1	0.001	No mitochondrial presequence	87(MPP)	0.115		10-19-low	-	-	-	-	-	-	-	-	-	-	-	-	-	-	
synMTS_1_409_hac1	0.038	No mitochondrial presequence	47(MPP)	0.043	15-19	15-24-high	-	-	-	-	-	-	-	-	13-18	-	12-17	-	-	-	
synMTS_1_410_hac1	0.034	No mitochondrial presequence	45(MPP)	0.067	39-43,76-80,96-100	21-30-high	-	-	-	-	-	-	-	-	-	-	-	-	-	25-30	
synMTS_1_411_hac1	0.003	No mitochondrial presequence	94(MPP)	-0.043	4-8,29-33,56-60	1-10-low	-	-	-	-	-	-	-	-	-	-	-	-	-	-	
synMTS_1_412_hac1	0.035	No mitochondrial presequence	92(MPP)	0.098	8-12,14-18,83-87	20-30-low	-	-	-	-	-	-	-	-	-	-	-	-	-	-	
synMTS_1_413_hac1	0.016	No mitochondrial presequence	82(MPP)	-0.024	93-97	18-27-low	-	-	-	-	-	1-6	-	-	-	-	-	-	-	-	
synMTS_1_414_hac1	0.009	No mitochondrial presequence	95(MPP)	0.000	49-53	21-30-low	-	-	-	-	-	-	-	-	-	-	-	-	-	-	
synMTS_1_415_hac1	0.001	No mitochondrial presequence	90(MPP)	-0.056	88-92	18-28-low	-	-	-	-	-	-	-	-	-	-	-	-	-	-	
synMTS_1_416_hac1	0.026	No mitochondrial presequence	6(MPP)	0.000	19-23,37-41,80-84,84-88	17-26-high	-	-	-	-	-	-	-	-	-	-	-	-	-	-	
synMTS_1_417_hac1	0.014	No mitochondrial presequence	6(MPP), 7(Icp55)	0.000	9-13,86-90	9-18-high	-	-	-	-	-	-	-	-	12-17	-	-	-	-	-	
synMTS_1_418_hac1	0.004	No mitochondrial presequence	84(MPP)	-0.024	41-45,95-99	12-22-low	-	-	-	-	-	4-9	-	-	-	3-8	-	-	-	-	
synMTS_1_419_hac1	0.000	No mitochondrial presequence	34(MPP)	-0.118	32-36	6-15-low	-	-	-	-	-	-	-	-	-	-	-	-	-	-	
synMTS_1_420_hac1	0.010	No mitochondrial presequence	21(MPP)	0.000	33-37,43-47,89-93	18-27-low	-	-	-	-	-	-	-	-	-	-	-	-	-	-	
synMTS_1_421_hac1	0.005	No mitochondrial presequence	32(MPP)	0.031		14-23-high	-	-	-	-	-	-	-	-	-	-	-	-	-	-	
synMTS_1_422_hac1	0.000	No mitochondrial presequence	39(MPP)	-0.051		5-14-low	-	-	-	-	-	-	-	-	-	-	-	-	-	-	
synMTS_1_423_hac1	0.040	No mitochondrial presequence	78(MPP)	0.038	89-93	17-26-low	-	-	-	-	-	-	-	-	-	-	5-10	-	-	-	
synMTS_1_424_hac1	0.006	No mitochondrial presequence	78(MPP), 79(Icp55)	0.038	76-80	2-11-low	-	-	-	-	-	-	-	-	-	-	-	-	-	-	
synMTS_1_425_hac1	0.013	No mitochondrial presequence	25(MPP)	-0.160		3-12-low	-	-	-	-	-	-	-	-	-	-	-	-	-	-	
synMTS_1_426_hac1	0.017	No mitochondrial presequence	5(MPP)	-0.400	24-28,54-58	11-21-high	-	-	-	-	-	-	-	-	-	-	-	-	-	-	
synMTS_1_427_hac1	0.000	No mitochondrial presequence	12(MPP), 13(Icp55)	-0.250	24-28,34-38,46-50,50-54	10-19-low	-	-	-	-	-	-	-	-	-	-	-	-	-	-	
synMTS_1_428_hac1	0.000	No mitochondrial presequence	6(MPP)	-0.333	49-53	4-13-high	-	-	-	-	-	-	-	-	-	-	-	-	-	-	
synMTS_1_429_hac1	0.000	No mitochondrial presequence	12(MPP), 20(Oct1)	-0.167		6-16-low	-	-	-	-	-	-	-	-	-	-	-	-	-	-	
synMTS_1_430_hac1	0.000	No mitochondrial presequence	91(MPP)	0.033		1-10-low	-	-	-	-	-	-	-	-	-	-	-	-	-	-	
synMTS_1_431_hac1	0.000	No mitochondrial presequence	78(MPP)	0.026	89-93	15-24-high	-	-	-	-	-	-	-	-	-	-	-	-	-	-	
synMTS_1_432_hac1	0.001	No mitochondrial presequence	17(MPP)	-0.059		12-21-low	-	-	-	-	-	-	-	-	-	-	-	-	-	-	
synMTS_1_433_hac1	0.037	No mitochondrial presequence	6(MPP)	0.000	25-29	17-28-low	-	-	-	-	-	-	-	-	-	-	-	-	-	-	
synMTS_1_434_hac1	0.005	No mitochondrial presequence	91(MPP)	0.000		7-16-low	-	-	-	-	-	-	-	-	-	-	-	-	-	-	
synMTS_1_435_hac1	0.001	No mitochondrial presequence	18(MPP), 19(Icp55)	0.278	31-35,52-56	13-22-low	-	-	-	-	-	-	-	-	-	-	-	-	-	-	
synMTS_1_436_hac1	0.000	No mitochondrial presequence	63(MPP)	0.079		5-14-low	-	-	-	-	-	-	-	-	-	-	-	-	-	-	
synMTS_1_437_hac1	0.002	No mitochondrial presequence	87(MPP)	-0.046		2-12-low	-	-	-	-	-	-	-	-	-	-	-	-	-	-	
synMTS_1_438_hac1	0.007	No mitochondrial presequence	43(MPP)	0.116	54-58	20-30-low	-	-	-	-	-	-	-	-	-	-	-	-	-	-	
synMTS_1_439_hac1	0.000	No mitochondrial presequence	19(MPP)	-0.211		4-13-low	-	-	-	-	-	-	-	-	-	-	-	-	-	-	
synMTS_1_440_hac1	0.032	No mitochondrial presequence	93(MPP)	0.086	84-88	19-28-low	-	-	-	-	-	-	-	-	-	-	-	-	-	-	
synMTS_1_441_hac1	0.009	No mitochondrial presequence	33(MPP)	-0.121		1-10-low	-	-	-	-	-	-	-	-	-	-	-	-	-	-	
synMTS_1_442_hac1	0.001	No mitochondrial presequence	94(MPP)	-0.043		21-30-low	-	-	-	-	-	-	-	-	-	-	-	-	-	-	
synMTS_1_443_hac1	0.006	No mitochondrial presequence	21(MPP)	0.095	14-18	4-13-low	-	-	-	-	-	-	-	-	-	-	-	-	-	-	
synMTS_1_444_hac1	0.005	No mitochondrial presequence	33(MPP)	0.061	7-11,94-98	6-15-low	-	-	-	-	-	-	-	-	-	-	-	-	-	-	
synMTS_1_445_hac1	0.000	No mitochondrial presequence	90(MPP)	-0.011		10-19-high	-	-	-	-	-	-	-	-	-	-	-	-	-	-	
synMTS_1_446_hac1	0.003	No mitochondrial presequence	7(MPP), 8(Icp55)	0.000	74-78	6-15-high	-	-	-	-	-	-	-	-	-	-	-	-	-	-	
synMTS_1_447_hac1	0.001	No mitochondrial presequence	9(MPP)	-0.222	63-67	8-17-low	-	-	-	-	-	-	-	-	-	-	-	-	-	-	
synMTS_1_448_hac1	0.030	No mitochondrial presequence	28(MPP), 29(Icp55)	-0.036	26-30	8-17-low	-	-	-	-	-	-	-	-	-	-	-	-	-	-	
synMTS_1_449_hac1	0.005	No mitochondrial presequence	17(MPP)	0.000	63-67	14-23-low	-	-	-	-	-	-	-	-	-	-	-	-	-	-	
synMTS_1_450_hac1	0.006	No mitochondrial presequence	15(MPP)	0.000	47-51,56-60	14-23-low	-	-	-	-	-	-	-	-	-	-	-	-	-	-	
synMTS_1_451_hac1	0.007	No mitochondrial presequence	71(MPP), 72(Icp55)	-0.014	59-63	7-16-high	-	-	-	-	-	-	-	-	-	-	-	-	-	-	
synMTS_1_452_hac1	0.007	No mitochondrial presequence	83(MPP)	0.012	94-98	16-25-low	-	-	-	-	-	-	-	-	-	-	-	-	-	-	
synMTS_1_453_hac1	0.018	No mitochondrial presequence	10(MPP)	0.000	48-52,76-80	14-27-low	-	-	-	-	-	-	-	-	-	-	-	-	-	-	
synMTS_1_454_hac1	0.013	No mitochondrial presequence	13(MPP)	0.000	76-80	6-15-high	-	-	-	-	-	-	-	-	-	-	-	-	-	-	
synMTS_1_455_hac1	0.007	No mitochondrial presequence	85(MPP)	0.024	20-24,41-45,44-48,96-100	15-24-high	-	-	-	-	-	-	-	-	-	-	-	-	-	-	
synMTS_1_456_hac1	0.017	No mitochondrial presequence	85(MPP)	-0.012	10-14,96-100	9-18-high	-	-	-	-	-	-	-	-	-	-	-	-	-	-	
synMTS_1_457_hac1	0.012	No mitochondrial presequence	66(MPP)	0.091		1-10-high	-	-	-	-	-	-	-	-	-	-	-	-	-	-	
synMTS_1_458_hac1	0.002	No mitochondrial presequence	13(MPP)	0.000	41-45	7-16-high	-	-	-	-	-	-	-	-	-	-	-	-	-	-	
synMTS_1_459_hac1	0.000	No mitochondrial presequence	14(MPP), 15(Icp55)	0.000	28-32,47-51,52-56	10-19-low	-	-	-	-	-	-	-	-	-	-	-	-	-	-	
synMTS_1_460_hac1	0.016	No mitochondrial presequence	18(MPP)	0.000	13-17	8-17-low	-	-	-	-	-	-	-	-	-	-	-	-	-	-	
synMTS_1_461_hac1	0.002	No mitochondrial presequence	59(MPP), 60(Icp55)	-0.017	12-16	12-23-high	-	-	-	-	-	-	-	-	-	-	-	-	-	-	
synMTS_1_462_hac1	0.003	No mitochondrial presequence	77(MPP)	0.039	40-44,88-92	14-23-low	-	-	-	-	-	-	-	-	-	-	-	-	-	-	
synMTS_1_463_hac1	0.021	No mitochondrial presequence	15(MPP)	-0.067		1-10-low	-	-	-	-	-	-	-	-	-	-	-	-	-	-	
synMTS_1_464_hac1	0.000	No mitochondrial presequence	20(MPP)	-0.150		1-12-low	-	-	-	-	-	-	-	-	-	-	-	-	-	-	
synMTS_1_465_hac1	0.014	No mitochondrial presequence	23(MPP)	-0.043	32-36,35-39	20-29-high	-	-	-	-	-	-	-	-	-	-	-	-	-	-	
synMTS_1_466_hac1	0.030	No mitochondrial presequence	80(MPP)	-0.025	91-95	7-16-high	-	-	-	-	-	-	-	-	-	-	-	-	-	-	
synMTS_1_467_hac1	0.003	No mitochondrial presequence	88(MPP)	-0.034		2-11-low	-	-	-	-	-	-	-	-	-	-	1-6	-	-	-	
synMTS_1_468_hac1	0.004	No mitochondrial presequence	22(MPP), 23(Icp55)	-0.045		17-26-low	-	-	-	-	-	-	-	19-24	-	-	-	-	-	-	
synMTS_1_469_hac1	0.022	No mitochondrial presequence	94(MPP)	0.085	22-26,85-89	17-26-high	-	-	-	-	-	-	-	-	-	-	-	-	-	-	
synMTS_1_470_hac1	0.019	No mitochondrial presequence	18(MPP)	0.167	25-29	18-29-high	-	-	-	-	-	-	-	-	-	-	-	-	-	-	
synMTS_1_471_hac1	0.006	No mitochondrial presequence	14(MPP), 15(Icp55)	-0.071	40-44	12-21-low	-	-	-	-	-	-	-	-	-	-	-	-	-	-	
synMTS_1_472_hac1	0.000	No mitochondrial presequence	22(MPP)	-0.227		10-24-low	-	-	-	-	-	-	-	-	-	-	-	-	-	-	
synMTS_1_473_hac1	0.013	No mitochondrial presequence	18(MPP)	0.000		20-29-low	-	-	-	-	-	-	-	-	-	-	-	-	-	-	
synMTS_1_474_hac1	0.003	No mitochondrial presequence	41(MPP)	0.000	1-5,35-39	1-10-low	-	-	-	-	-	-	-	-	-	-	-	-	-	-	
synMTS_1_475_hac1	0.027	No mitochondrial presequence	25(MPP)	0.040		1-13-low	-	-	-	-	-	-	-	-	-	-	-	-	-	-	
synMTS_1_476_hac1	0.007	No mitochondrial presequence	18(MPP)	0.056	33-37	18-27-low	-	-	-	-	-	-	-	-	-	-	-	-	-	-	
synMTS_1_477_hac1	0.009	No mitochondrial presequence	56(MPP)	0.018	41-45,60-64	16-25-low	-	-	-	-	-	-	-	-	-	-	-	-	-	-	
synMTS_1_478_hac1	0.007	No mitochondrial presequence	13(MPP)	0.000		21-30-low	-	-	-	-	-	-	-	-	-	-	-	-	-	-	
synMTS_1_479_hac1	0.001	No mitochondrial presequence	6(MPP)	-0.167	31-35,37-41	7-17-low	-	-	-	-	-	-	-	-	-	-	-	-	-	-	
synMTS_1_480_hac1	0.001	No mitochondrial presequence	7(MPP), 8(Icp55)	-0.286	28-32,45-49	14-23-low	-	-	-	-	-	-	-	-	-	-	-	-	-	-	
synMTS_1_481_hac1	0.010	No mitochondrial presequence	42(MPP)	0.071	57-61	1-10-high	-	-	-	-	-	-	-	-	-	-	24-29	-	-	-	
synMTS_1_482_hac1	0.001	No mitochondrial presequence	12(MPP)	-0.083	77-81	1-10-low	-	-	-	-	-	-	-	-	-	-	-	-	-	-	
synMTS_1_483_hac1	0.000	No mitochondrial presequence	29(MPP)	-0.138	68-72	10-19-low	-	-	-	-	-	-	-	-	-	-	-	-	-	-	
synMTS_1_484_hac1	0.006	No mitochondrial presequence	6(MPP)	0.000	22-26,40-44,74-78	21-30-high	-	-	-	-	-	-	-	-	-	-	-	-	-	-	
synMTS_1_485_hac1	0.018	No mitochondrial presequence	86(MPP)	0.035	31-35	21-30-low	-	-	-	-	-	-	-	11-16	-	10-15	-	-	-	-	
synMTS_1_486_hac1	0.016	No mitochondrial presequence	8(MPP)	0.000	47-51,57-61,61-65	8-17-high	-	-	-	-	-	-	-	-	-	1-6	-	-	-	-	
synMTS_1_487_hac1	0.014	No mitochondrial presequence	94(MPP)	0.032		18-30-high	-	-	-	-	-	-	25-30	-	-	-	-	-	-	-	
synMTS_1_488_hac1	0.003	No mitochondrial presequence	92(MPP)	0.109	83-87	20-29-low	-	-	-	-	-	-	-	-	-	-	-	-	-	-	
synMTS_1_489_hac1	0.003	No mitochondrial presequence	81(MPP)	0.012	92-96	15-24-high	-	-	-	-	-	-	-	-	-	-	-	-	-	-	
synMTS_1_490_hac1	0.010	No mitochondrial presequence	6(MPP)	0.000	48-52,52-56,83-87	10-19-high	-	-	-	-	-	-	-	-	-	-	-	-	-	-	
synMTS_1_491_hac1	0.001	No mitochondrial presequence	6(MPP)	0.000	14-18	21-30-low	-	-	-	-	-	-	-	-	-	-	-	13-18	-	-	
synMTS_1_492_hac1	0.003	No mitochondrial presequence	91(MPP)	-0.033	41-45	10-19-low	-	-	-	-	-	-	-	-	-	-	-	-	-	-	
synMTS_1_493_hac1	0.009	No mitochondrial presequence	33(MPP)	0.000	13-17,23-27,67-71	6-15-high	-	-	-	-	-	-	-	-	-	-	-	-	-	-	
synMTS_1_494_hac1	0.038	No mitochondrial presequence	7(MPP)	0.429	15-19,20-24,33-37	1-13-low	-	-	-	-	-	-	-	-	-	-	-	-	-	-	
synMTS_1_495_hac1	0.005	No mitochondrial presequence	79(MPP)	0.051	8-12,90-94	4-13-high	-	-	-	-	-	-	-	-	-	-	-	-	-	-	
synMTS_1_496_hac1	0.008	No mitochondrial presequence	95(MPP)	0.011	2-6,87-91	1-10-low	-	-	-	-	-	-	-	-	-	-	-	-	-	-	
synMTS_1_497_hac1	0.039	No mitochondrial presequence	89(MPP)	0.022	5-9	5-16-high	-	-	-	-	-	-	-	-	11-16	-	-	-	5-10	-	
synMTS_1_498_hac1	0.009	No mitochondrial presequence	26(MPP)	-0.077	80-84	7-17-low	-	-	-	-	-	-	-	-	-	-	-	-	-	-	
synMTS_1_499_hac1	0.006	No mitochondrial presequence	17(MPP)	0.000		15-24-low	-	-	-	-	-	-	-	-	-	-	-	-	-	-	
synMTS_1_500_hac1	0.013	No mitochondrial presequence	59(MPP)	0.051	87-91	1-10-low	-	-	-	-	-	-	-	-	-	-	-	-	-	-	
synMTS_1_501_hac1	0.008	No mitochondrial presequence	52(MPP), 53(Icp55)	0.000	48-52,76-80	13-22-low	-	-	-	-	-	-	-	-	-	-	-	-	-	-	
synMTS_1_502_hac1	0.097	No mitochondrial presequence	54(MPP)	0.185	1-5,13-17,26-30	19-30-high	-	-	-	-	-	-	-	-	11-16	-	10-15	-	-	-	
synMTS_1_503_hac1	0.001	No mitochondrial presequence	6(MPP)	-0.333	51-55	21-30-high	-	-	-	-	-	-	-	-	-	-	-	-	-	-	
synMTS_1_504_hac1	0.008	No mitochondrial presequence	6(MPP)	0.000	35-39,40-44	14-23-high	-	-	-	-	-	-	-	-	-	-	-	-	-	-	
synMTS_1_505_hac1	0.004	No mitochondrial presequence	32(MPP)	0.031	28-32,66-70,82-86	10-21-low	-	-	-	-	-	-	-	-	-	-	-	-	-	-	
synMTS_1_506_hac1	0.077	No mitochondrial presequence	85(MPP)	0.059	96-100	19-28-high	6-11	3-8	-	-	-	1-6	-	-	-	-	-	-	-	-	
synMTS_1_507_hac1	0.000	No mitochondrial presequence	5(MPP)	-0.200		14-25-low	-	-	-	-	-	-	-	-	-	-	-	-	-	-	
synMTS_1_508_hac1	0.014	No mitochondrial presequence	47(MPP)	0.149	47-51,54-58,74-78,77-81,81-85	14-23-high	-	-	-	-	-	-	-	-	-	-	-	-	-	-	
synMTS_1_509_hac1	0.003	No mitochondrial presequence	83(MPP)	-0.012	94-98	7-16-low	-	-	-	-	-	-	-	-	-	-	-	-	-	-	
synMTS_1_510_hac1	0.001	No mitochondrial presequence	90(MPP)	0.000	21-25	20-29-high	-	-	-	-	-	-	-	-	-	-	-	-	-	-	
synMTS_1_511_hac1	0.005	No mitochondrial presequence	12(MPP)	0.000	17-21	18-27-high	-	-	-	-	-	-	-	-	15-20	-	-	-	-	-	
synMTS_1_512_hac1	0.007	No mitochondrial presequence	91(MPP)	0.044	36-40,40-44	11-21-low	-	-	-	-	-	-	-	-	-	-	-	-	-	-	
synMTS_1_513_hac1	0.002	No mitochondrial presequence	9(MPP)	-0.333	51-55	21-30-low	-	-	-	-	-	-	-	-	-	-	-	-	-	-	
synMTS_1_514_hac1	0.021	No mitochondrial presequence	80(MPP)	0.100	24-28,27-31,30-34,91-95	8-18-low	-	-	-	-	-	-	-	-	-	-	-	23-28	-	-	
synMTS_1_515_hac1	0.020	No mitochondrial presequence	50(MPP)	0.160	77-81	13-24-high	-	-	-	-	-	-	-	-	-	-	-	-	-	-	
synMTS_1_516_hac1	0.031	No mitochondrial presequence	16(MPP), 17(Icp55)	0.000		1-12-low	-	-	-	-	-	-	-	-	-	-	-	-	-	-	
synMTS_1_517_hac1	0.002	No mitochondrial presequence	33(MPP)	-0.121		1-12-low	-	-	-	-	-	-	-	-	-	-	-	-	-	-	
synMTS_1_518_hac1	0.012	No mitochondrial presequence	94(MPP)	0.170	85-89	16-25-low	-	-	-	-	-	-	-	-	-	-	-	-	-	-	
synMTS_1_519_hac1	0.001	No mitochondrial presequence	95(MPP)	0.032	87-91	18-27-low	-	-	-	-	-	-	-	-	-	-	-	-	-	-	
synMTS_1_520_hac1	0.014	No mitochondrial presequence	94(MPP)	-0.043		20-29-low	-	-	-	-	-	-	-	-	-	-	-	-	-	-	
synMTS_1_521_hac1	0.005	No mitochondrial presequence	90(MPP)	-0.044		19-28-low	-	-	-	-	-	-	-	-	-	-	-	-	-	-	
synMTS_1_522_hac1	0.019	No mitochondrial presequence	12(MPP), 20(Oct1)	0.083		17-27-high	-	-	-	-	-	-	-	-	-	-	-	-	-	-	
synMTS_1_523_hac1	0.034	No mitochondrial presequence	15(MPP), 16(Icp55)	0.133	51-55	11-20-high	-	-	-	-	-	-	-	-	-	-	-	-	-	-	
synMTS_1_524_hac1	0.002	No mitochondrial presequence	87(MPP)	-0.011		21-30-low	-	-	-	-	-	-	-	-	-	-	-	-	-	-	
synMTS_1_525_hac1	0.001	No mitochondrial presequence	30(MPP)	0.100		11-20-high	-	-	-	-	-	-	-	-	-	-	-	-	-	-	
synMTS_1_526_hac1	0.008	No mitochondrial presequence	77(MPP)	0.039	21-25,88-92	17-26-high	-	-	-	-	-	-	-	-	-	-	-	-	-	-	
synMTS_1_527_hac1	0.002	No mitochondrial presequence	9(MPP)	-0.333		3-12-low	-	-	-	-	-	-	-	-	-	-	-	-	-	-	
synMTS_1_528_hac1	0.016	No mitochondrial presequence	35(MPP)	0.000		17-26-low	-	-	-	-	-	-	-	-	-	-	-	-	-	-	
synMTS_1_529_hac1	0.005	No mitochondrial presequence	95(MPP)	0.063		2-11-low	-	-	-	-	-	-	-	-	-	-	-	-	-	-	
synMTS_1_530_hac1	0.020	No mitochondrial presequence	37(MPP)	0.081	41-45,68-72	19-28-high	-	-	-	-	-	-	-	24-29	-	-	-	-	-	-	
synMTS_1_531_hac1	0.013	No mitochondrial presequence	36(MPP), 37(Icp55)	-0.056	67-71,85-89	14-24-low	-	-	-	-	-	-	-	-	-	-	-	-	-	-	
synMTS_1_532_hac1	0.010	No mitochondrial presequence	27(MPP), 35(Oct1)	0.000	7-11	9-18-low	-	-	-	-	-	-	-	-	-	-	-	-	-	-	
synMTS_1_533_hac1	0.004	No mitochondrial presequence	14(MPP), 15(Icp55)	-0.214		7-16-low	-	-	-	-	-	-	-	-	-	-	-	-	-	-	
synMTS_1_534_hac1	0.018	No mitochondrial presequence	11(MPP)	-0.091	26-30	21-30-high	-	-	-	-	-	-	-	-	-	-	-	-	-	-	
synMTS_1_535_hac1	0.000	No mitochondrial presequence	95(MPP)	0.011		3-12-low	-	-	-	-	-	-	-	-	-	-	-	-	-	-	
synMTS_1_536_hac1	0.000	No mitochondrial presequence	89(MPP)	0.079		18-27-low	-	-	-	-	-	-	-	-	-	-	-	-	-	-	
synMTS_1_537_hac1	0.015	No mitochondrial presequence	27(MPP)	-0.074		9-21-high	-	-	-	-	-	-	-	-	8-13	-	7-12	-	-	-	
synMTS_1_538_hac1	0.020	No mitochondrial presequence	95(MPP)	0.063	13-17	12-21-high	-	-	-	-	-	-	-	-	-	-	-	-	-	-	
synMTS_1_539_hac1	0.010	No mitochondrial presequence	87(MPP)	0.069	50-54	9-18-high	-	-	-	-	-	-	-	-	-	-	-	-	-	-	
synMTS_1_540_hac1	0.006	No mitochondrial presequence	19(MPP)	0.053	91-95	19-28-low	-	-	-	-	-	-	-	-	-	-	-	-	-	-	
synMTS_1_541_hac1	0.004	No mitochondrial presequence	83(MPP)	0.012	94-98	5-15-low	-	-	-	-	-	-	-	-	-	-	-	-	-	-	
synMTS_1_542_hac1	0.027	No mitochondrial presequence	23(MPP)	0.000	16-20,47-51,63-67	16-25-high	-	-	-	-	-	-	-	-	14-19	-	-	-	-	-	
synMTS_1_543_hac1	0.003	No mitochondrial presequence	7(MPP)	0.143	69-73	6-15-low	-	-	-	-	-	-	-	-	-	-	-	-	-	-	
synMTS_1_544_hac1	0.005	No mitochondrial presequence	94(MPP)	0.074		1-10-high	-	-	-	-	-	-	-	-	-	-	-	-	-	-	
synMTS_1_545_hac1	0.004	No mitochondrial presequence	78(MPP)	0.026	89-93	18-27-low	-	-	-	-	-	-	-	-	-	-	-	-	-	-	
synMTS_1_546_hac1	0.010	No mitochondrial presequence	49(MPP), 50(Icp55)	0.184	30-34	21-30-low	-	-	-	-	-	-	-	-	-	-	-	-	-	-	
synMTS_1_547_hac1	0.008	No mitochondrial presequence	83(MPP)	-0.012	35-39,94-98	21-30-low	-	-	-	-	-	-	-	-	-	-	-	-	-	-	
synMTS_1_548_hac1	0.006	No mitochondrial presequence	29(MPP)	-0.034		19-30-low	-	-	-	-	-	-	-	-	-	-	-	-	-	-	
synMTS_1_549_hac1	0.002	No mitochondrial presequence	7(MPP)	0.143	58-62	15-24-low	-	-	-	-	-	-	-	-	-	-	-	-	-	-	
synMTS_1_550_hac1	0.009	No mitochondrial presequence	30(MPP)	0.033		1-10-low	-	-	-	-	-	-	-	-	-	-	-	-	-	-	
synMTS_1_551_hac1	0.069	No mitochondrial presequence	67(MPP)	0.164	23-27,56-60	21-30-high	-	6-11	-	-	23-28	-	-	-	-	-	-	-	-	-	
synMTS_1_552_hac1	0.001	No mitochondrial presequence	30(MPP)	0.067		6-16-low	-	-	-	-	-	-	-	-	-	-	-	-	-	-	
synMTS_1_553_hac1	0.031	No mitochondrial presequence	39(MPP)	-0.026	14-18	10-21-high	-	-	-	-	-	-	-	-	-	-	-	13-18	14-19	-	
synMTS_1_554_hac1	0.002	No mitochondrial presequence	93(MPP)	0.000		14-23-low	-	-	-	-	-	-	-	-	-	-	-	-	-	-	
synMTS_1_555_hac1	0.007	No mitochondrial presequence	31(MPP)	-0.032	89-93	20-29-low	-	-	-	-	-	-	-	-	-	-	-	-	-	-	
synMTS_1_556_hac1	0.044	No mitochondrial presequence	90(MPP)	0.067		7-16-high	-	-	-	-	-	-	-	-	10-15	-	9-14	-	-	-	
synMTS_1_557_hac1	0.003	No mitochondrial presequence	30(MPP), 31(Icp55)	0.000	12-16	7-16-high	-	-	-	-	-	-	-	-	-	-	-	-	-	-	
synMTS_1_558_hac1	0.009	No mitochondrial presequence	24(MPP)	-0.042	68-72	12-21-low	-	-	-	-	-	-	-	-	-	-	-	-	-	-	
synMTS_1_559_hac1	0.019	No mitochondrial presequence	95(MPP)	0.042	26-30,86-90	14-23-low	-	-	-	-	-	-	-	-	-	-	-	-	-	-	
synMTS_1_560_hac1	0.007	No mitochondrial presequence	4(MPP)	0.000	32-36	7-16-high	-	-	-	-	-	-	-	-	-	23-28	-	-	-	-	
synMTS_1_561_hac1	0.004	No mitochondrial presequence	92(MPP)	0.011		19-28-low	-	-	-	-	-	-	-	-	-	-	-	-	-	-	
synMTS_1_562_hac1	0.004	No mitochondrial presequence	37(MPP)	0.081	13-17,43-47,50-54	2-11-low	-	-	-	-	-	-	-	-	-	-	-	-	-	-	
synMTS_1_563_hac1	0.042	No mitochondrial presequence	94(MPP)	0.053	8-12,85-89	17-26-low	-	-	-	-	-	-	-	-	-	-	-	-	-	-	
synMTS_1_564_hac1	0.001	No mitochondrial presequence	7(MPP)	-0.143		6-15-low	-	-	-	-	-	-	-	-	-	-	-	-	-	-	
synMTS_1_565_hac1	0.002	No mitochondrial presequence	34(MPP)	0.029		12-21-low	-	-	-	-	-	-	-	-	-	-	-	-	-	-	
synMTS_1_566_hac1	0.011	No mitochondrial presequence	20(MPP)	0.000	18-22,64-68	18-27-high	-	-	-	-	-	-	-	-	-	-	-	-	-	-	
synMTS_1_567_hac1	0.002	No mitochondrial presequence	34(MPP)	-0.029	47-51	10-19-low	-	-	-	-	-	-	-	-	-	-	-	-	-	-	
synMTS_1_568_hac1	0.024	No mitochondrial presequence	93(MPP)	0.118	2-6,84-88	2-11-high	-	-	-	-	-	-	-	-	-	-	-	-	-	-	
synMTS_1_569_hac1	0.016	No mitochondrial presequence	85(MPP)	-0.012	96-100	20-30-low	-	-	-	-	-	-	-	-	6-11	-	-	-	-	-	
synMTS_1_570_hac1	0.020	No mitochondrial presequence	33(MPP), 34(Icp55)	0.000	11-15,89-93	6-15-high	-	-	-	-	-	-	-	-	-	-	-	-	-	-	
synMTS_1_571_hac1	0.008	No mitochondrial presequence	81(MPP)	-0.025	43-47,92-96	2-11-low	-	-	-	-	-	-	-	-	-	-	-	-	-	-	
synMTS_1_572_hac1	0.003	No mitochondrial presequence	16(MPP)	0.188	1-5	21-30-low	-	-	-	-	-	-	-	-	-	-	-	-	-	-	
synMTS_1_573_hac1	0.003	No mitochondrial presequence	8(MPP)	0.125	2-6,67-71	13-23-low	-	-	-	-	-	-	-	-	-	-	-	-	-	-	
synMTS_1_574_hac1	0.000	No mitochondrial presequence	93(MPP)	-0.022	61-65	17-26-low	-	-	-	-	-	-	-	-	-	-	-	-	-	-	
synMTS_1_575_hac1	0.004	No mitochondrial presequence	33(MPP)	0.030		3-12-low	-	-	-	-	-	-	-	-	-	-	-	-	-	-	
synMTS_1_576_hac1	0.009	No mitochondrial presequence	58(MPP)	-0.034	40-44	7-17-low	-	-	-	-	-	-	-	-	-	-	-	-	-	-	
synMTS_1_577_hac1	0.002	No mitochondrial presequence	40(MPP)	-0.175	73-77	2-12-low	-	-	-	-	-	-	-	-	-	-	-	-	-	-	
synMTS_1_578_hac1	0.027	No mitochondrial presequence	6(MPP)	-0.167		21-30-low	-	-	-	-	-	-	-	-	-	-	-	-	-	-	
synMTS_1_579_hac1	0.002	No mitochondrial presequence	93(MPP)	-0.022		6-17-low	-	-	-	-	-	-	-	-	-	-	-	-	-	-	
synMTS_1_580_hac1	0.008	No mitochondrial presequence	84(MPP)	0.012	95-99	17-26-low	-	-	-	-	-	-	-	-	-	-	-	-	-	-	
synMTS_1_581_hac1	0.014	No mitochondrial presequence	54(MPP)	-0.056	74-78	1-10-high	-	-	-	-	-	-	-	-	-	-	-	-	-	-	
synMTS_1_582_hac1	0.013	No mitochondrial presequence	77(MPP)	0.039	88-92	11-20-low	-	-	-	-	-	-	-	-	-	-	-	-	-	-	
synMTS_1_583_hac1	0.002	No mitochondrial presequence	14(MPP)	0.071	52-56,57-61	3-12-high	-	-	-	-	-	-	-	-	-	-	-	-	-	-	
synMTS_1_584_hac1	0.053	No mitochondrial presequence	27(MPP)	0.074	24-28,64-68	12-21-high	-	-	-	-	-	-	-	-	-	11-16	-	-	-	-	
synMTS_1_585_hac1	0.020	No mitochondrial presequence	91(MPP)	-0.044	2-6,49-53	21-30-low	-	-	-	-	-	-	-	-	-	-	19-24	-	-	-	
synMTS_1_586_hac1	0.006	No mitochondrial presequence	21(MPP)	0.000		12-21-low	-	-	-	-	-	-	-	-	-	-	-	-	-	-	
synMTS_1_587_hac1	0.008	No mitochondrial presequence	85(MPP)	0.071	96-100	10-19-high	-	-	-	-	-	-	-	-	-	-	-	-	-	-	
synMTS_1_588_hac1	0.027	No mitochondrial presequence	95(MPP)	0.021	26-30,29-33,53-57	2-11-low	-	-	-	-	-	-	-	-	-	-	-	-	-	-	
synMTS_1_589_hac1	0.022	No mitochondrial presequence	17(MPP)	-0.118	33-37	5-14-low	-	-	-	-	-	-	-	-	15-20	-	14-19	-	-	-	
synMTS_1_590_hac1	0.061	No mitochondrial presequence	29(MPP)	0.138	23-27,73-77,77-81	12-21-high	-	-	-	-	-	-	-	-	-	-	-	-	-	-	
synMTS_1_591_hac1	0.004	No mitochondrial presequence	4(MPP)	0.000		17-26-low	-	-	-	-	-	-	-	-	-	-	-	-	-	-	
synMTS_1_592_hac1	0.002	No mitochondrial presequence	68(MPP)	0.015		8-17-high	-	-	-	-	-	-	-	-	-	-	-	-	-	-	
synMTS_1_593_hac1	0.009	No mitochondrial presequence	95(MPP)	-0.021	49-53	14-24-low	-	-	-	-	-	-	-	-	-	-	-	-	-	-	
synMTS_1_594_hac1	0.003	No mitochondrial presequence	6(MPP)	-0.333		5-14-low	-	-	-	-	-	-	-	-	-	-	-	-	-	-	
synMTS_1_595_hac1	0.001	No mitochondrial presequence	79(MPP)	-0.038	90-94	16-25-low	-	-	-	-	-	-	-	-	-	-	-	-	-	-	
synMTS_1_596_hac1	0.002	No mitochondrial presequence	50(MPP)	0.080	10-14	21-30-low	-	-	-	-	-	-	-	-	-	-	-	-	-	-	
synMTS_1_597_hac1	0.012	No mitochondrial presequence	34(MPP)	-0.059	57-61	1-10-low	-	-	-	-	-	-	-	-	-	-	-	-	-	-	
synMTS_1_598_hac1	0.011	No mitochondrial presequence	25(MPP)	0.080		12-21-low	-	-	-	-	-	-	-	-	-	-	-	-	-	-	
synMTS_1_599_hac1	0.002	No mitochondrial presequence	22(MPP)	-0.136		17-27-low	-	-	-	-	-	-	-	-	-	-	-	-	-	-	
synMTS_1_600_hac1	0.010	No mitochondrial presequence	90(MPP)	0.111	42-46,46-50	18-27-high	-	-	-	-	-	-	-	-	-	-	-	-	-	-	
synMTS_2_401_hac1	0.041	No mitochondrial presequence	41(MPP)	0.073	85-89	5-14-low	-	-	-	-	-	-	-	-	-	-	-	-	-	-	
synMTS_2_402_hac1	0.003	No mitochondrial presequence	94(MPP)	-0.064	30-34,61-65	7-16-low	-	-	-	-	-	-	-	-	-	-	-	-	-	-	
synMTS_2_403_hac1	0.022	No mitochondrial presequence	57(MPP)	0.035	20-24	15-24-low	-	-	-	-	-	-	-	24-29	-	23-28	-	-	-	-	
synMTS_2_404_hac1	0.002	No mitochondrial presequence	6(MPP)	-0.500		10-19-low	-	-	-	-	-	-	-	-	-	-	-	-	-	-	
synMTS_2_405_hac1	0.018	No mitochondrial presequence	86(MPP)	0.023	23-27,43-47,69-73	21-30-high	-	-	-	-	-	-	-	-	-	-	-	-	-	-	
synMTS_2_406_hac1	0.008	No mitochondrial presequence	92(MPP)	0.033	32-36,42-46,57-61	19-29-low	-	-	-	-	-	-	-	-	-	-	-	-	-	-	
synMTS_2_407_hac1	0.017	No mitochondrial presequence	94(MPP)	0.032	16-20,24-28,91-95	13-22-high	-	-	-	-	-	-	-	1-6	-	-	-	-	16-21	-	
synMTS_2_408_hac1	0.028	No mitochondrial presequence	47(MPP)	0.085	1-5,4-8,7-11,91-95	12-21-low	-	-	-	-	1-6,4-9,7-12	-	-	-	-	-	-	-	-	-	
synMTS_2_409_hac1	0.017	No mitochondrial presequence	28(MPP)	0.000	21-25,87-91	20-29-low	-	-	11-16	-	-	-	-	-	-	-	-	-	-	-	
synMTS_2_410_hac1	0.012	No mitochondrial presequence	80(MPP)	-0.013		3-12-low	-	-	-	-	-	-	-	-	-	-	24-29	-	-	-	
synMTS_2_411_hac1	0.001	No mitochondrial presequence	11(MPP)	-0.273		9-18-low	-	-	-	-	-	-	-	-	-	-	-	-	-	-	
synMTS_2_412_hac1	0.005	No mitochondrial presequence	38(MPP)	0.105	35-39,69-73	19-28-high	-	-	-	-	-	-	-	-	-	-	-	-	-	-	
synMTS_2_413_hac1	0.008	No mitochondrial presequence	80(MPP)	-0.025	1-5,21-25	19-28-low	-	-	-	-	-	-	-	-	-	-	-	-	-	-	
synMTS_2_414_hac1	0.008	No mitochondrial presequence	63(MPP)	0.000		20-29-low	-	-	-	-	-	-	-	-	-	-	-	-	-	-	
synMTS_2_415_hac1	0.002	No mitochondrial presequence	73(MPP)	0.014	64-68	13-24-low	-	-	-	-	-	-	-	-	-	-	-	-	-	-	
synMTS_2_416_hac1	0.001	No mitochondrial presequence	27(MPP)	0.074		18-27-low	-	-	-	-	-	-	-	-	-	-	-	-	-	-	
synMTS_2_417_hac1	0.005	No mitochondrial presequence	63(MPP)	0.000	61-65	1-10-low	-	-	-	-	-	-	-	-	-	-	-	-	-	-	
synMTS_2_418_hac1	0.009	No mitochondrial presequence	93(MPP)	0.086		9-18-high	-	-	-	-	-	-	-	-	-	-	-	-	-	-	
synMTS_2_419_hac1	0.038	No mitochondrial presequence	24(MPP)	0.000	11-15,62-66	13-22-high	-	-	12-17	-	11-16	-	-	-	-	-	-	-	-	-	
synMTS_2_420_hac1	0.002	No mitochondrial presequence	45(MPP)	0.022	42-46,88-92	3-12-high	-	-	-	-	-	-	-	-	-	-	-	-	-	-	
synMTS_2_421_hac1	0.002	No mitochondrial presequence	68(MPP)	-0.044	8-12	6-15-low	-	-	-	-	-	-	-	-	-	-	-	-	-	-	
synMTS_2_422_hac1	0.000	No mitochondrial presequence	82(MPP)	0.000	10-14	10-19-high	-	-	-	-	-	-	-	-	-	-	-	-	-	-	
synMTS_2_423_hac1	0.000	No mitochondrial presequence	12(MPP)	-0.333		20-29-low	-	-	-	-	-	-	-	-	-	-	-	-	-	-	
synMTS_2_424_hac1	0.000	No mitochondrial presequence	85(MPP)	-0.059		10-19-low	-	-	-	-	-	-	-	-	-	-	-	-	-	-	
synMTS_2_425_hac1	0.002	No mitochondrial presequence	48(MPP)	-0.167	39-43,92-96	19-30-low	-	-	-	-	-	-	-	-	-	-	-	-	-	-	
synMTS_2_426_hac1	0.020	No mitochondrial presequence	77(MPP)	0.052		1-11-high	-	-	-	-	-	5-10	-	-	-	4-9	-	-	-	-	
synMTS_2_427_hac1	0.004	No mitochondrial presequence	72(MPP)	-0.028	5-9,50-54	1-10-high	-	-	-	-	-	-	-	-	-	-	-	-	-	-	
synMTS_2_428_hac1	0.008	No mitochondrial presequence	39(MPP), 40(Icp55)	-0.026	7-11,44-48	2-11-high	-	-	-	-	-	-	-	-	-	-	-	-	-	-	
synMTS_2_429_hac1	0.004	No mitochondrial presequence	74(MPP)	0.014	66-70	4-14-low	-	-	-	-	-	-	-	-	-	-	-	-	-	-	
synMTS_2_430_hac1	0.000	No mitochondrial presequence	85(MPP)	-0.024		2-11-low	-	-	-	-	-	-	-	-	-	-	-	-	-	-	
synMTS_2_431_hac1	0.007	No mitochondrial presequence	45(MPP)	-0.022	88-92	21-30-high	-	-	-	-	-	-	-	-	-	-	-	-	-	-	
synMTS_2_432_hac1	0.000	No mitochondrial presequence	92(MPP)	-0.065	28-32	7-16-low	-	-	-	-	-	-	-	-	-	-	-	-	-	-	
synMTS_2_433_hac1	0.008	No mitochondrial presequence	5(MPP)	-0.600	38-42,80-84	7-16-high	-	-	-	-	-	-	-	-	-	-	-	-	-	-	
synMTS_2_434_hac1	0.002	No mitochondrial presequence	21(MPP)	-0.048	46-50	14-23-low	-	-	-	-	-	-	-	-	-	-	-	-	-	-	
synMTS_2_435_hac1	0.037	No mitochondrial presequence	94(MPP)	0.064	23-27,27-31,46-50	2-11-high	-	-	-	-	-	-	-	-	-	-	-	-	-	-	
synMTS_2_436_hac1	0.002	No mitochondrial presequence	6(MPP)	0.000	3-7,85-89	3-12-high	-	-	-	-	-	-	-	-	-	-	-	-	-	-	
synMTS_2_437_hac1	0.005	No mitochondrial presequence	88(MPP)	-0.045	24-28,73-77,78-82,85-89	12-21-low	-	-	-	-	-	-	-	-	-	-	-	-	-	-	
synMTS_2_438_hac1	0.006	No mitochondrial presequence	78(MPP)	-0.038		1-10-low	-	-	-	-	-	-	-	-	-	-	-	-	-	-	
synMTS_2_439_hac1	0.048	No mitochondrial presequence	48(MPP)	0.104	91-95	8-17-high	-	-	-	-	-	-	-	-	-	-	-	-	-	-	
synMTS_2_440_hac1	0.051	No mitochondrial presequence	49(MPP)	0.082	92-96	7-16-high	-	-	-	-	-	-	11-16	-	-	-	-	-	-	10-15	
synMTS_2_441_hac1	0.059	No mitochondrial presequence	87(MPP)	0.069	59-63	10-19-high	-	-	-	-	-	-	-	-	-	-	-	-	-	-	
synMTS_2_442_hac1	0.057	No mitochondrial presequence	54(MPP)	-0.037	48-52,51-55	11-20-high	-	-	-	-	-	-	-	-	-	-	-	-	-	-	
synMTS_2_443_hac1	0.002	No mitochondrial presequence	66(MPP)	0.061	57-61	15-24-low	-	-	-	-	-	-	-	-	-	-	-	-	-	-	
synMTS_2_444_hac1	0.022	No mitochondrial presequence	40(MPP)	0.125	3-7,84-88	4-13-low	-	-	-	-	-	-	-	-	-	-	-	-	-	-	
synMTS_2_445_hac1	0.003	No mitochondrial presequence	8(MPP)	0.000		3-12-low	-	-	-	-	-	-	-	-	-	-	-	-	-	-	
synMTS_2_446_hac1	0.009	No mitochondrial presequence	65(MPP)	0.077	28-32	17-26-high	-	-	-	-	-	-	-	-	-	-	-	-	-	-	
synMTS_2_447_hac1	0.043	No mitochondrial presequence	28(MPP)	0.107	17-21,52-56,77-81,91-95	15-24-high	-	-	-	-	-	-	-	-	-	-	-	16-21	17-22	-	
synMTS_2_448_hac1	0.002	No mitochondrial presequence	65(MPP)	0.138		1-10-low	-	-	-	-	-	-	-	-	-	-	-	-	-	-	
synMTS_2_449_hac1	0.011	No mitochondrial presequence	24(MPP)	0.083	7-11,33-37	6-15-high	-	-	-	-	-	-	-	-	-	10-15	-	-	-	-	
synMTS_2_450_hac1	0.006	No mitochondrial presequence	12(MPP)	0.083	3-7	9-18-high	-	-	-	-	-	-	-	-	-	-	-	-	-	-	
synMTS_2_451_hac1	0.044	No mitochondrial presequence	48(MPP)	0.167	35-39,45-49,92-96	15-24-low	-	-	-	-	-	-	-	-	-	-	-	-	-	-	
synMTS_2_452_hac1	0.010	No mitochondrial presequence	42(MPP)	-0.024	86-90	1-12-low	-	-	-	-	-	-	-	-	-	-	-	-	-	-	
synMTS_2_453_hac1	0.052	No mitochondrial presequence	57(MPP)	0.000	46-50,50-54	21-30-high	-	19-24	-	-	-	17-22	-	-	-	16-21	-	-	-	-	
synMTS_2_454_hac1	0.022	No mitochondrial presequence	74(MPP)	0.014	1-5	21-30-low	-	-	-	-	-	-	7-12	-	-	6-11	-	-	-	-	
synMTS_2_455_hac1	0.027	No mitochondrial presequence	66(MPP)	-0.015	3-7	21-30-low	-	-	-	-	-	-	-	-	-	-	-	-	-	-	
synMTS_2_456_hac1	0.012	No mitochondrial presequence	74(MPP)	0.054	53-57,57-61,63-67	21-30-high	-	-	-	-	-	-	-	-	-	-	-	-	-	-	
synMTS_2_457_hac1	0.012	No mitochondrial presequence	20(MPP)	0.050	46-50	15-24-low	-	-	-	-	-	-	-	-	-	-	-	-	-	-	
synMTS_2_458_hac1	0.012	No mitochondrial presequence	15(MPP)	-0.133	45-49	8-17-low	-	-	-	-	-	-	-	-	19-24	-	-	-	-	-	
synMTS_2_459_hac1	0.015	No mitochondrial presequence	61(MPP)	-0.049	7-11,59-63	13-22-low	-	-	-	-	-	25-30	-	-	-	-	-	-	-	-	
synMTS_2_460_hac1	0.001	No mitochondrial presequence	82(MPP)	0.012		5-14-low	-	-	-	-	-	-	-	-	-	-	-	-	-	-	
synMTS_2_461_hac1	0.013	No mitochondrial presequence	78(MPP)	0.064	89-93	8-17-low	-	-	-	-	-	-	-	-	-	-	-	-	-	-	
synMTS_2_462_hac1	0.024	No mitochondrial presequence	46(MPP)	-0.022	43-47,89-93	11-22-low	-	-	-	-	-	-	-	-	-	-	-	-	-	-	
synMTS_2_463_hac1	0.015	No mitochondrial presequence	68(MPP)	0.015	36-40	21-30-low	-	-	-	-	-	-	-	-	-	-	-	-	-	-	
synMTS_2_464_hac1	0.009	No mitochondrial presequence	94(MPP)	0.085	56-60,59-63,92-96	12-22-low	-	-	-	-	-	-	-	-	-	-	-	-	-	-	
synMTS_2_465_hac1	0.012	No mitochondrial presequence	64(MPP)	-0.016	58-62	13-22-low	-	-	-	-	-	-	-	-	-	-	-	-	-	-	
synMTS_2_466_hac1	0.001	No mitochondrial presequence	91(MPP)	-0.154		13-24-low	-	-	-	-	-	-	-	-	-	-	-	-	-	-	
synMTS_2_467_hac1	0.030	No mitochondrial presequence	6(MPP)	0.000		7-16-low	-	-	-	-	-	-	-	-	-	-	-	-	-	-	
synMTS_2_468_hac1	0.005	No mitochondrial presequence	73(MPP)	0.027		5-14-high	-	-	-	-	-	-	-	-	-	-	-	-	-	-	
synMTS_2_469_hac1	0.007	No mitochondrial presequence	8(MPP)	0.375	32-36	1-13-low	-	-	-	-	-	-	-	-	-	-	-	-	-	-	
synMTS_2_470_hac1	0.041	No mitochondrial presequence	83(MPP)	0.048	1-5,4-8,68-72	4-13-low	-	-	-	-	1-6	-	-	-	-	-	-	-	-	-	
synMTS_2_471_hac1	0.014	No mitochondrial presequence	87(MPP)	0.046	3-7,29-33	2-14-low	-	-	-	-	-	-	-	-	-	-	-	2-7	-	-	
synMTS_2_472_hac1	0.008	No mitochondrial presequence	35(MPP), 36(Icp55)	-0.057		16-25-low	-	-	-	-	-	-	-	-	-	-	-	-	-	-	
synMTS_2_473_hac1	0.001	No mitochondrial presequence	21(MPP)	0.095	74-78,78-82,81-85	14-25-high	-	-	-	-	-	-	-	-	-	-	-	-	-	-	
synMTS_2_474_hac1	0.012	No mitochondrial presequence	50(MPP), 51(Icp55)	0.060	20-24,91-95,96-100	14-24-high	-	-	-	-	-	-	-	-	-	-	-	-	-	-	
synMTS_2_475_hac1	0.000	No mitochondrial presequence	63(MPP)	-0.048		16-27-low	-	-	-	-	-	-	-	-	-	-	-	-	-	-	
synMTS_2_476_hac1	0.002	No mitochondrial presequence	21(MPP)	0.048	81-85	9-18-low	-	-	-	-	-	-	-	-	-	-	-	-	-	-	
synMTS_2_477_hac1	0.012	No mitochondrial presequence	21(MPP)	0.238	72-76	1-12-high	-	-	-	-	-	-	-	-	-	-	-	-	-	-	
synMTS_2_478_hac1	0.017	No mitochondrial presequence	15(MPP)	0.133	4-8	2-11-high	-	-	-	-	-	-	-	-	-	-	-	-	-	-	
synMTS_2_479_hac1	0.003	No mitochondrial presequence	54(MPP)	0.074	37-41	2-11-high	-	-	-	-	-	-	-	-	-	-	-	-	-	-	
synMTS_2_480_hac1	0.015	No mitochondrial presequence	21(MPP)	-0.143		21-30-low	-	-	-	-	-	-	-	-	-	-	-	-	-	-	
synMTS_2_481_hac1	0.000	No mitochondrial presequence	94(MPP)	0.064	85-89	16-25-high	-	-	-	-	-	-	-	-	-	-	-	-	-	-	
synMTS_2_482_hac1	0.003	No mitochondrial presequence	75(MPP)	-0.067	9-13	9-20-high	-	-	-	-	-	-	-	-	-	-	-	-	-	-	
synMTS_2_483_hac1	0.007	No mitochondrial presequence	59(MPP)	-0.017	86-90	12-21-low	-	-	-	-	-	-	-	-	-	-	-	-	-	-	
synMTS_2_484_hac1	0.038	No mitochondrial presequence	16(MPP)	0.250	4-8,26-30,40-44	10-21-high	-	-	-	-	-	-	-	-	-	-	-	-	-	-	
synMTS_2_485_hac1	0.015	No mitochondrial presequence	84(MPP)	0.095	24-28,81-85	21-30-high	-	3-8	-	-	-	-	-	-	-	-	-	-	-	-	
synMTS_2_486_hac1	0.012	No mitochondrial presequence	89(MPP)	-0.045	4-8	12-21-low	-	-	-	-	-	-	-	-	-	-	-	-	-	-	
synMTS_2_487_hac1	0.008	No mitochondrial presequence	61(MPP)	-0.016		11-22-low	-	-	-	-	-	-	-	-	-	-	-	-	-	-	
synMTS_2_488_hac1	0.068	No mitochondrial presequence	65(MPP)	0.108	5-9	7-16-high	-	-	-	-	5-10	-	8-13	-	-	-	-	-	-	-	
synMTS_2_489_hac1	0.002	No mitochondrial presequence	73(MPP)	0.041	7-11,50-54	14-24-high	-	-	-	-	-	-	-	-	-	-	-	-	-	-	
synMTS_2_490_hac1	0.018	No mitochondrial presequence	56(MPP)	-0.018	42-46	10-19-low	-	-	-	-	-	-	-	5-10	-	-	-	-	-	4-9	
synMTS_2_491_hac1	0.002	No mitochondrial presequence	67(MPP)	-0.090		1-13-low	-	-	-	-	-	-	-	-	-	-	-	-	-	-	
synMTS_2_492_hac1	0.002	No mitochondrial presequence	72(MPP)	-0.014	26-30	19-28-high	-	-	-	-	-	-	-	-	-	-	-	-	-	-	
synMTS_2_493_hac1	0.000	No mitochondrial presequence	20(MPP)	-0.150		3-13-low	-	-	-	-	-	-	-	-	-	-	-	-	-	-	
synMTS_2_494_hac1	0.005	No mitochondrial presequence	88(MPP)	-0.023	36-40,85-89	2-14-low	-	-	-	-	-	-	-	-	-	-	-	-	-	-	
synMTS_2_495_hac1	0.023	No mitochondrial presequence	65(MPP)	0.108	7-11,56-60,59-63,62-66	12-21-high	-	-	-	-	-	-	-	-	-	-	-	-	-	-	
synMTS_2_496_hac1	0.009	No mitochondrial presequence	51(MPP)	0.059	94-98	1-10-high	-	-	-	-	-	-	-	-	-	-	-	-	-	-	
synMTS_2_497_hac1	0.005	No mitochondrial presequence	54(MPP)	0.019		12-21-low	-	-	-	-	-	-	-	-	-	-	-	-	-	-	
synMTS_2_498_hac1	0.006	No mitochondrial presequence	47(MPP)	0.085	23-27,91-95	21-30-high	-	-	-	-	-	-	-	-	-	-	-	-	-	-	
synMTS_2_499_hac1	0.008	No mitochondrial presequence	79(MPP), 80(Icp55)	0.025	9-13,96-100	2-13-low	-	-	-	-	-	-	-	-	-	-	-	-	-	-	
synMTS_2_500_hac1	0.006	No mitochondrial presequence	47(MPP)	-0.043	91-95	11-20-low	-	-	-	-	-	-	-	-	-	-	-	-	-	-	
synMTS_2_501_hac1	0.004	No mitochondrial presequence	43(MPP)	-0.070	26-30,87-91	15-24-low	-	-	-	-	-	-	-	-	-	-	-	-	-	-	
synMTS_2_502_hac1	0.034	No mitochondrial presequence	69(MPP)	0.130	18-22,58-62	18-28-low	-	-	-	-	-	-	-	-	-	-	-	-	-	-	
synMTS_2_503_hac1	0.021	No mitochondrial presequence	52(MPP)	0.058	2-6,95-99	18-27-high	-	-	-	-	-	-	-	-	-	-	-	-	-	-	
synMTS_2_504_hac1	0.000	No mitochondrial presequence	59(MPP)	0.153	56-60	5-14-low	-	-	-	-	-	-	-	-	-	-	-	-	-	-	
synMTS_2_505_hac1	0.005	No mitochondrial presequence	10(MPP)	-0.100	83-87	7-17-low	-	-	-	-	-	-	-	-	-	-	-	-	-	-	
synMTS_2_506_hac1	0.018	No mitochondrial presequence	38(MPP)	0.105	68-72,77-81,93-97	16-25-low	-	-	-	-	-	-	-	-	-	-	14-19	-	-	-	
synMTS_2_507_hac1	0.004	No mitochondrial presequence	47(MPP)	0.085	86-90	1-10-low	-	-	-	-	-	-	-	-	-	-	-	-	-	-	
synMTS_2_508_hac1	0.007	No mitochondrial presequence	56(MPP)	-0.089		8-19-low	-	-	-	-	-	-	-	-	-	-	-	-	-	-	
synMTS_2_509_hac1	0.001	No mitochondrial presequence	68(MPP)	0.074	29-33,34-38,38-42	6-15-low	-	-	-	-	-	-	-	-	-	-	13-18	-	-	-	
synMTS_2_510_hac1	0.014	No mitochondrial presequence	69(MPP)	0.087	31-35	14-23-high	-	-	-	-	-	19-24	-	-	-	-	-	-	-	-	
synMTS_2_511_hac1	0.043	No mitochondrial presequence	92(MPP)	0.043	68-72	14-24-high	-	-	-	-	-	-	-	-	-	-	-	-	-	-	
synMTS_2_512_hac1	0.008	No mitochondrial presequence	77(MPP)	0.000	75-79	17-26-high	-	-	-	-	-	-	-	-	-	-	-	-	-	-	
synMTS_2_513_hac1	0.016	No mitochondrial presequence	5(MPP)	-0.400	12-16	4-13-low	-	-	-	-	-	-	-	-	-	-	-	-	-	-	
synMTS_2_514_hac1	0.008	No mitochondrial presequence	94(MPP)	0.043	30-34,85-89	4-13-low	-	-	-	-	-	-	-	-	-	-	-	-	-	-	
synMTS_2_515_hac1	0.018	No mitochondrial presequence	57(MPP)	0.105	34-38,42-46,54-58	3-12-high	-	-	-	-	-	-	-	-	24-29	-	-	-	-	-	
synMTS_2_516_hac1	0.004	No mitochondrial presequence	65(MPP)	0.046	39-43	8-18-high	-	-	-	-	-	-	-	-	-	-	-	-	-	-	
synMTS_2_517_hac1	0.025	No mitochondrial presequence	94(MPP)	0.011		6-15-low	-	-	-	-	-	-	-	-	-	-	-	-	-	-	
synMTS_2_518_hac1	0.003	No mitochondrial presequence	83(MPP)	-0.024		5-14-high	-	-	-	-	-	-	-	-	-	-	-	-	-	-	
synMTS_2_519_hac1	0.001	No mitochondrial presequence	10(MPP)	0.000	36-40	1-10-low	-	-	-	-	-	-	-	-	-	-	-	-	-	-	
synMTS_2_520_hac1	0.000	No mitochondrial presequence	17(MPP)	-0.059	56-60,59-63	3-12-low	-	-	-	-	-	-	-	-	-	-	-	-	-	-	
synMTS_2_521_hac1	0.002	No mitochondrial presequence	33(MPP)	0.000		7-16-low	-	-	-	-	-	-	-	-	-	-	-	-	-	-	
synMTS_2_522_hac1	0.006	No mitochondrial presequence	67(MPP)	-0.045	10-14,36-40,64-68	9-18-high	-	-	-	-	-	-	-	-	-	-	-	-	-	-	
synMTS_2_523_hac1	0.005	No mitochondrial presequence	61(MPP)	0.098		21-30-high	-	-	-	-	-	-	-	-	-	-	-	-	-	-	
synMTS_2_524_hac1	0.012	No mitochondrial presequence	67(MPP)	-0.060	21-25,64-68	10-19-high	-	-	-	-	-	-	14-19	-	-	-	-	20-25	-	-	
synMTS_2_525_hac1	0.000	No mitochondrial presequence	55(MPP)	-0.055	23-27,52-56	18-27-low	-	-	-	-	-	-	-	-	-	-	-	-	-	-	
synMTS_2_526_hac1	0.000	No mitochondrial presequence	71(MPP)	-0.028	54-58	4-13-low	-	-	-	-	-	-	-	-	-	-	-	-	-	-	
synMTS_2_527_hac1	0.015	No mitochondrial presequence	57(MPP)	0.000		10-21-high	-	-	-	-	-	-	-	-	-	-	-	-	-	-	
synMTS_2_528_hac1	0.001	No mitochondrial presequence	14(MPP)	-0.286	52-56	13-22-low	-	-	-	-	-	-	-	-	-	-	-	-	-	-	
synMTS_2_529_hac1	0.000	No mitochondrial presequence	8(MPP)	0.000		7-17-low	-	-	-	-	-	-	-	-	-	-	-	-	-	-	
synMTS_2_530_hac1	0.026	No mitochondrial presequence	80(MPP)	0.075	12-16,39-43,78-82	16-25-low	-	-	-	-	-	-	-	-	-	-	-	-	-	-	
synMTS_2_531_hac1	0.004	No mitochondrial presequence	50(MPP)	0.040	7-11,93-97	5-14-low	-	-	-	-	-	-	-	-	-	-	-	-	-	-	
synMTS_2_532_hac1	0.016	No mitochondrial presequence	68(MPP)	0.044	1-5	14-23-low	-	-	-	-	-	-	-	-	-	-	-	-	-	-	
synMTS_2_533_hac1	0.051	No mitochondrial presequence	60(MPP)	0.067	26-30,47-51	21-30-high	-	-	-	-	-	-	-	-	-	-	-	-	-	-	
synMTS_2_534_hac1	0.007	No mitochondrial presequence	84(MPP)	0.024	67-71	10-19-high	-	-	-	-	-	-	-	-	-	-	-	-	-	-	
synMTS_2_535_hac1	0.014	No mitochondrial presequence	95(MPP)	0.063	87-91	1-10-high	-	-	-	-	-	-	-	-	-	-	-	-	-	-	
synMTS_2_536_hac1	0.000	No mitochondrial presequence	28(MPP)	0.036	42-46	1-12-low	-	-	-	-	-	-	-	-	-	-	-	-	-	-	
synMTS_2_537_hac1	0.036	No mitochondrial presequence	76(MPP)	0.026		8-18-low	-	-	-	-	-	-	-	-	-	-	-	-	-	-	
synMTS_2_538_hac1	0.013	No mitochondrial presequence	90(MPP)	0.033	71-75,79-83	12-21-low	-	-	-	-	-	-	-	-	-	-	-	-	-	-	
synMTS_2_539_hac1	0.007	No mitochondrial presequence	47(MPP)	-0.064	90-94	19-28-low	-	-	-	-	-	-	-	-	18-23	-	17-22	-	-	-	
synMTS_2_540_hac1	0.003	No mitochondrial presequence	40(MPP)	-0.075	34-38,84-88	21-30-low	-	-	-	-	-	-	-	-	-	-	-	-	-	-	
synMTS_2_541_hac1	0.011	No mitochondrial presequence	59(MPP)	0.051		11-20-high	-	-	-	-	-	-	-	-	-	-	-	-	-	-	
synMTS_2_542_hac1	0.003	No mitochondrial presequence	43(MPP), 44(Icp55)	-0.093	15-19,44-48	10-19-high	-	-	-	-	-	-	-	-	-	-	-	-	-	-	
synMTS_2_543_hac1	0.007	No mitochondrial presequence	20(MPP)	0.150	16-20	5-14-high	-	-	-	-	-	-	-	-	-	-	-	15-20	-	-	
synMTS_2_544_hac1	0.042	No mitochondrial presequence	6(MPP)	0.500	3-7,54-58	10-19-low	-	-	-	-	-	-	-	-	19-24	-	-	-	-	-	
synMTS_2_545_hac1	0.011	No mitochondrial presequence	80(MPP)	0.050	24-28,38-42,68-72	11-21-low	-	-	-	-	-	-	-	-	-	-	-	-	-	-	
synMTS_2_546_hac1	0.033	No mitochondrial presequence	32(MPP), 33(Icp55)	0.062	80-84	5-14-low	-	-	-	-	-	-	-	-	-	-	-	-	-	-	
synMTS_2_547_hac1	0.017	No mitochondrial presequence	55(MPP)	0.018	20-24	20-29-high	-	-	-	-	-	-	-	-	-	-	-	-	-	-	
synMTS_2_548_hac1	0.075	No mitochondrial presequence	90(MPP)	0.111	11-15,64-68,73-77	18-28-low	-	-	-	-	-	-	17-22	-	21-26	16-21	-	-	-	-	
synMTS_2_549_hac1	0.001	No mitochondrial presequence	11(MPP)	0.091		21-30-high	-	-	-	-	-	-	-	-	-	-	-	-	-	-	
synMTS_2_550_hac1	0.003	No mitochondrial presequence	84(MPP)	0.000	49-53	3-14-low	-	-	-	-	-	-	-	-	-	-	-	-	-	-	
synMTS_2_551_hac1	0.002	No mitochondrial presequence	6(MPP)	0.333	18-22,44-48	13-22-high	-	-	-	-	-	-	-	-	-	-	-	17-22	-	-	
synMTS_2_552_hac1	0.032	No mitochondrial presequence	9(MPP)	0.222		15-24-low	-	-	-	-	-	-	-	-	-	-	-	-	-	-	
synMTS_2_553_hac1	0.000	No mitochondrial presequence	50(MPP)	-0.040	36-40	13-22-high	-	-	-	-	-	-	-	-	-	-	-	-	-	-	
synMTS_2_554_hac1	0.005	No mitochondrial presequence	8(MPP)	0.125		20-29-low	-	-	-	-	-	-	-	-	-	-	-	-	-	-	
synMTS_2_555_hac1	0.018	No mitochondrial presequence	23(MPP)	0.130	24-28,48-52	20-29-high	-	-	-	-	-	20-25	-	-	-	19-24	-	-	-	-	
synMTS_2_556_hac1	0.002	No mitochondrial presequence	94(MPP)	0.064	1-5,85-89	1-10-high	-	-	-	-	-	-	-	-	-	-	-	-	-	-	
synMTS_2_557_hac1	0.001	No mitochondrial presequence	89(MPP)	0.067		18-27-low	-	-	-	-	-	-	-	-	-	-	-	-	-	-	
synMTS_2_558_hac1	0.019	No mitochondrial presequence	46(MPP)	-0.065	22-26,90-94	17-26-high	-	-	-	-	-	-	-	-	-	-	-	21-26	-	-	
synMTS_2_559_hac1	0.040	No mitochondrial presequence	62(MPP)	0.145	22-26	21-30-low	-	-	-	-	-	-	-	-	-	-	-	21-26	22-27	-	
synMTS_2_560_hac1	0.006	No mitochondrial presequence	71(MPP)	0.070	61-65	14-23-low	-	-	-	-	-	-	-	-	-	-	-	-	-	-	
synMTS_2_561_hac1	0.002	No mitochondrial presequence	42(MPP)	-0.048	95-99	17-26-low	-	-	-	-	-	-	-	-	-	-	-	-	-	-	
synMTS_2_562_hac1	0.001	No mitochondrial presequence	94(MPP)	-0.011	30-34	11-22-low	-	-	-	-	-	-	-	-	-	-	-	-	-	-	
synMTS_2_563_hac1	0.011	No mitochondrial presequence	82(MPP)	0.012	12-16	11-20-high	-	-	-	-	-	-	-	-	-	-	-	-	-	-	
synMTS_2_564_hac1	0.028	No mitochondrial presequence	92(MPP)	0.043	83-87	19-29-low	-	-	-	-	-	-	-	-	-	-	-	-	-	-	
synMTS_2_565_hac1	0.028	No mitochondrial presequence	59(MPP)	0.034	16-20,29-33	13-22-high	-	-	-	-	-	-	-	-	-	-	-	-	-	-	
synMTS_2_566_hac1	0.017	No mitochondrial presequence	26(MPP)	0.115	61-65,83-87	21-30-low	-	-	-	-	-	-	-	-	-	-	-	-	-	-	
synMTS_2_567_hac1	0.007	No mitochondrial presequence	10(MPP), 11(Icp55)	-0.100	5-9,28-32	16-25-low	-	-	-	-	-	-	-	-	-	-	25-30	-	-	-	
synMTS_2_568_hac1	0.033	No mitochondrial presequence	61(MPP)	0.049	1-5,54-58,58-62	6-15-low	-	-	-	-	-	-	-	-	-	-	-	-	-	-	
synMTS_2_569_hac1	0.000	No mitochondrial presequence	52(MPP)	-0.038	49-53,95-99	4-13-low	-	-	-	-	-	-	-	-	-	-	-	-	-	-	
synMTS_2_570_hac1	0.002	No mitochondrial presequence	81(MPP)	0.000	48-52	9-18-low	-	-	-	-	-	-	-	-	-	-	-	-	-	-	
synMTS_2_571_hac1	0.011	No mitochondrial presequence	20(MPP)	0.050	4-8	21-30-low	-	-	-	-	-	-	-	-	-	-	-	-	-	-	
synMTS_2_572_hac1	0.005	No mitochondrial presequence	48(MPP)	-0.021	91-95	14-25-high	-	-	-	-	-	-	-	-	-	-	-	-	-	-	
synMTS_2_573_hac1	0.000	No mitochondrial presequence	88(MPP)	-0.011		10-19-high	-	-	-	-	-	-	-	-	-	-	-	-	-	-	
synMTS_2_574_hac1	0.015	No mitochondrial presequence	88(MPP)	0.023		1-10-high	-	-	-	-	-	-	1-6	-	-	-	-	-	-	-	
synMTS_2_575_hac1	0.012	No mitochondrial presequence	49(MPP)	0.000	92-96	15-24-high	-	-	-	-	-	-	-	-	-	-	-	-	-	-	
synMTS_2_576_hac1	0.001	No mitochondrial presequence	28(MPP)	-0.071		21-30-low	-	-	-	-	-	-	-	-	-	-	-	-	-	-	
synMTS_2_577_hac1	0.006	No mitochondrial presequence	19(MPP)	0.105	17-21,51-55	17-28-high	-	-	-	-	-	-	-	-	-	-	-	-	17-22	-	
synMTS_2_578_hac1	0.011	No mitochondrial presequence	94(MPP)	0.085	85-89	10-19-low	-	-	-	-	-	-	-	-	-	-	-	-	-	-	
synMTS_2_579_hac1	0.023	No mitochondrial presequence	67(MPP)	0.075	64-68	10-21-low	-	-	-	-	-	-	-	-	-	-	-	-	-	-	
synMTS_2_580_hac1	0.012	No mitochondrial presequence	5(MPP)	-0.200	76-80	8-21-low	-	-	-	-	-	-	-	-	-	-	-	-	-	-	
synMTS_2_581_hac1	0.037	No mitochondrial presequence	66(MPP)	0.030	47-51	18-27-high	-	-	-	-	-	-	-	-	-	-	-	-	-	-	
synMTS_2_582_hac1	0.005	No mitochondrial presequence	55(MPP)	0.036		17-26-low	-	-	-	-	-	-	-	-	-	-	-	-	-	-	
synMTS_2_583_hac1	0.036	No mitochondrial presequence	94(MPP)	0.085		2-11-low	-	-	-	-	-	-	-	-	-	-	-	-	-	-	
synMTS_2_584_hac1	0.024	No mitochondrial presequence	92(MPP)	-0.022	69-73,83-87	18-27-low	-	-	-	-	-	-	-	-	-	-	-	-	-	-	
synMTS_2_585_hac1	0.014	No mitochondrial presequence	72(MPP)	0.028		13-22-high	-	-	-	-	-	-	-	-	-	-	-	-	-	-	
synMTS_2_586_hac1	0.064	No mitochondrial presequence	21(MPP)	0.095	12-16,18-22,80-84	1-10-low	-	-	-	-	12-17	-	-	-	-	-	-	-	-	-	
synMTS_2_587_hac1	0.018	No mitochondrial presequence	62(MPP)	0.065		1-13-high	-	-	-	-	-	-	-	-	-	-	-	-	-	-	
synMTS_2_588_hac1	0.005	No mitochondrial presequence	41(MPP)	0.000	35-39,80-84	2-13-low	-	-	-	-	-	-	-	-	-	-	-	-	-	-	
synMTS_2_589_hac1	0.003	No mitochondrial presequence	11(MPP)	0.000		16-25-low	-	-	-	-	-	-	-	-	-	-	-	-	-	-	
synMTS_2_590_hac1	0.011	No mitochondrial presequence	24(MPP), 25(Icp55)	-0.125		2-11-low	-	-	-	-	-	-	-	-	-	-	-	-	-	-	
synMTS_2_591_hac1	0.012	No mitochondrial presequence	43(MPP)	0.000	40-44,87-91	15-24-low	-	-	-	-	-	-	-	-	-	-	-	-	-	-	
synMTS_2_592_hac1	0.068	No mitochondrial presequence	85(MPP)	0.024		10-19-low	-	-	-	-	-	-	-	-	-	-	8-13	-	-	-	
synMTS_2_593_hac1	0.013	No mitochondrial presequence	75(MPP)	0.053		2-11-low	-	-	-	-	-	-	-	-	-	-	-	-	-	-	
synMTS_2_594_hac1	0.003	No mitochondrial presequence	54(MPP)	-0.056	30-34	11-20-low	-	-	-	-	-	-	-	-	-	-	-	-	-	-	
synMTS_2_595_hac1	0.003	No mitochondrial presequence	20(MPP)	0.050	1-5	9-18-low	-	-	-	-	-	-	-	-	-	-	-	-	-	-	
synMTS_2_596_hac1	0.004	No mitochondrial presequence	22(MPP)	0.000		3-12-low	-	-	-	-	-	-	-	-	-	-	-	-	-	-	
synMTS_2_597_hac1	0.001	No mitochondrial presequence	56(MPP)	-0.036		9-18-low	-	-	-	-	-	-	-	-	-	-	-	-	-	-	
synMTS_2_598_hac1	0.002	No mitochondrial presequence	91(MPP)	0.044	38-42,73-77	9-18-low	-	-	-	-	-	-	-	-	-	-	-	-	-	-	
synMTS_2_599_hac1	0.002	No mitochondrial presequence	7(MPP)	-0.286	27-31,44-48,87-91,94-98	21-30-low	-	-	-	-	-	-	-	-	-	-	-	-	-	-	
synMTS_2_600_hac1	0.044	No mitochondrial presequence	5(MPP)	0.000	87-91	14-26-high	-	-	-	-	-	-	-	14-19	-	13-18	-	-	-	-	
synMTS_3_401_hac1	0.015	No mitochondrial presequence	27(MPP)	0.037	23-27,51-55,65-69	21-30-high	-	-	-	-	-	-	-	-	-	-	-	-	-	-	
synMTS_3_402_hac1	0.005	No mitochondrial presequence	86(MPP)	0.105		16-25-low	-	-	-	-	-	-	-	-	-	-	-	-	-	-	
synMTS_3_403_hac1	0.015	No mitochondrial presequence	90(MPP)	0.111	71-75,75-79,82-86	20-29-low	-	-	-	-	-	-	-	-	-	-	-	-	-	-	
synMTS_3_404_hac1	0.043	No mitochondrial presequence	62(MPP)	0.161	59-63	10-19-high	-	-	-	-	-	-	-	-	-	-	-	-	-	-	
synMTS_3_405_hac1	0.037	No mitochondrial presequence	57(MPP)	0.175	16-20,30-34,42-46	12-21-high	-	-	-	-	16-21	-	-	-	-	-	-	-	-	-	
synMTS_3_406_hac1	0.046	No mitochondrial presequence	10(MPP)	0.200	1-5,18-22	11-20-low	-	-	-	-	-	-	-	-	-	-	-	-	-	-	
synMTS_3_407_hac1	0.007	No mitochondrial presequence	80(MPP)	0.138	36-40,64-68	16-28-low	-	-	-	-	-	-	-	-	-	-	-	-	-	-	
synMTS_3_408_hac1	0.000	No mitochondrial presequence	24(MPP)	-0.042	39-43,47-51,66-70	5-14-low	-	-	-	-	-	-	-	-	-	-	-	-	-	-	
synMTS_3_409_hac1	0.029	No mitochondrial presequence	28(MPP)	0.071	1-5,81-85	5-16-low	-	-	-	-	-	-	-	-	-	-	-	-	-	-	
synMTS_3_410_hac1	0.003	No mitochondrial presequence	37(MPP)	0.108		19-30-high	-	-	-	-	-	-	-	-	-	-	-	-	-	-	
synMTS_3_411_hac1	0.005	No mitochondrial presequence	48(MPP)	0.208	91-95	11-20-high	-	-	-	-	-	-	-	-	-	-	-	-	-	-	
synMTS_3_412_hac1	0.047	No mitochondrial presequence	78(MPP)	0.128	5-9,40-44,72-76,76-80	5-16-high	-	-	-	-	-	-	-	-	-	-	-	-	-	-	
synMTS_3_413_hac1	0.007	No mitochondrial presequence	57(MPP)	0.158	1-5,44-48,54-58	13-26-low	-	-	-	-	-	-	-	-	-	-	-	-	-	-	
synMTS_3_414_hac1	0.173	No mitochondrial presequence	77(MPP)	0.130	4-8,9-13,48-52	11-20-high	-	-	-	-	9-14	-	-	-	2-7	-	1-6	-	-	-	
synMTS_3_415_hac1	0.006	No mitochondrial presequence	62(MPP)	0.177	30-34,47-51	1-10-low	-	-	-	-	-	-	-	-	-	-	-	-	-	-	
synMTS_3_416_hac1	0.049	No mitochondrial presequence	74(MPP)	0.122	15-19,19-23	1-10-high	-	-	-	-	15-20	-	-	-	-	-	-	-	-	-	
synMTS_3_417_hac1	0.084	No mitochondrial presequence	49(MPP)	0.204	22-26,25-29,28-32,92-96	20-29-high	-	-	-	-	25-30	-	-	-	-	-	-	-	-	-	
synMTS_3_418_hac1	0.003	No mitochondrial presequence	17(MPP)	0.000	90-94	13-22-high	-	-	-	-	-	-	-	-	-	-	-	-	-	-	
synMTS_3_419_hac1	0.014	No mitochondrial presequence	33(MPP)	0.061	33-37,42-46	8-17-low	-	-	-	-	-	-	-	-	-	-	-	-	-	-	
synMTS_3_420_hac1	0.005	No mitochondrial presequence	5(MPP)	-0.400	6-10,29-33,65-69	9-19-high	-	-	-	-	6-11	-	-	-	-	-	-	-	-	-	
synMTS_3_421_hac1	0.007	No mitochondrial presequence	39(MPP)	0.103	50-54,79-83	5-14-low	-	-	-	-	-	-	-	-	-	-	-	-	-	-	
synMTS_3_422_hac1	0.043	No mitochondrial presequence	60(MPP)	0.150		1-10-high	-	-	-	-	-	-	-	-	-	-	-	-	-	-	
synMTS_3_423_hac1	0.030	No mitochondrial presequence	49(MPP)	0.224	7-11,93-97	7-16-high	-	-	-	-	7-12	-	-	-	-	-	-	-	-	-	
synMTS_3_424_hac1	0.017	No mitochondrial presequence	5(MPP)	-0.200	22-26,84-88	11-20-low	-	-	-	-	22-27	-	-	-	-	-	-	-	-	-	
synMTS_3_425_hac1	0.013	No mitochondrial presequence	44(MPP)	0.068	28-32,56-60,62-66	15-24-low	-	-	-	-	-	-	-	-	-	-	25-30	-	-	-	
synMTS_3_426_hac1	0.011	No mitochondrial presequence	95(MPP)	0.095	10-14,60-64,92-96	5-14-low	-	-	-	-	-	-	-	-	-	-	-	-	-	-	
synMTS_3_427_hac1	0.020	No mitochondrial presequence	6(MPP)	-0.333	20-24,23-27,37-41	19-29-high	-	-	-	-	-	-	-	-	-	-	-	19-24	-	-	
synMTS_3_428_hac1	0.022	No mitochondrial presequence	50(MPP)	0.200	93-97	20-29-low	-	-	-	-	-	-	-	-	-	-	-	-	-	-	
synMTS_3_429_hac1	0.004	No mitochondrial presequence	78(MPP)	0.115	48-52,60-64	16-25-low	-	-	-	-	-	-	-	-	-	-	-	-	-	-	
synMTS_3_430_hac1	0.008	No mitochondrial presequence	78(MPP)	0.103	69-73	1-10-low	-	-	-	-	-	-	-	-	-	-	8-13	-	-	-	
synMTS_3_431_hac1	0.004	No mitochondrial presequence	75(MPP)	0.133	67-71,72-76	6-15-high	-	-	-	-	-	-	-	-	-	-	-	-	-	-	
synMTS_3_432_hac1	0.005	No mitochondrial presequence	72(MPP)	0.125	31-35,36-40,39-43,49-53,69-73	1-14-low	-	-	-	-	-	-	-	-	-	-	-	-	-	-	
synMTS_3_433_hac1	0.073	No mitochondrial presequence	41(MPP)	0.244	1-5,85-89	1-11-high	-	-	-	-	-	-	-	-	-	-	-	-	-	-	
synMTS_3_434_hac1	0.006	No mitochondrial presequence	92(MPP)	0.098	41-45,51-55	21-30-low	-	-	-	-	-	-	-	-	-	-	-	-	-	-	
synMTS_3_435_hac1	0.006	No mitochondrial presequence	52(MPP)	0.212	33-37,36-40,95-99	1-14-high	-	-	-	-	-	-	-	-	-	-	-	-	-	-	
synMTS_3_436_hac1	0.157	No mitochondrial presequence	79(MPP)	0.127	3-7,26-30	7-16-high	-	-	-	-	-	-	-	-	-	-	-	2-7,25-30	-	-	
synMTS_3_437_hac1	0.003	No mitochondrial presequence	80(MPP)	0.113		1-10-low	-	-	-	-	-	-	-	-	-	-	-	-	-	-	
synMTS_3_438_hac1	0.003	No mitochondrial presequence	74(MPP)	0.122	27-31,33-37,50-54	2-12-high	-	-	-	-	-	-	-	-	-	-	-	-	-	-	
synMTS_3_439_hac1	0.024	No mitochondrial presequence	94(MPP)	0.149	85-89	13-22-high	-	-	-	-	-	-	-	-	-	-	-	-	-	-	
synMTS_3_440_hac1	0.018	No mitochondrial presequence	44(MPP)	0.227	41-45,87-91	3-12-low	-	-	-	-	-	-	-	-	-	18-23	-	-	-	-	
synMTS_3_441_hac1	0.011	No mitochondrial presequence	66(MPP)	0.152	1-5,24-28	19-28-high	-	-	-	-	-	-	-	-	-	-	-	-	-	-	
synMTS_3_442_hac1	0.036	No mitochondrial presequence	83(MPP)	0.120	80-84	16-25-high	-	-	-	-	-	-	-	-	-	-	-	-	-	-	
synMTS_3_443_hac1	0.075	No mitochondrial presequence	55(MPP)	0.164		13-22-high	-	-	-	-	-	-	-	-	-	11-16	-	-	-	-	
synMTS_3_444_hac1	0.204	No mitochondrial presequence	40(MPP)	0.250	37-41,84-88	2-14-high	-	-	-	-	-	-	-	-	-	1-6	13-18	-	-	-	
synMTS_3_445_hac1	0.016	No mitochondrial presequence	90(MPP)	0.100	18-22,41-45	13-22-high	-	-	-	-	-	-	-	-	-	-	-	-	-	-	
synMTS_3_446_hac1	0.032	No mitochondrial presequence	77(MPP)	0.104		1-10-low	-	-	-	-	-	-	-	-	9-14	-	-	-	-	-	
synMTS_3_447_hac1	0.004	No mitochondrial presequence	6(MPP)	0.000	49-53,73-77,87-91	20-29-low	-	-	-	-	-	-	-	-	-	-	-	-	-	-	
synMTS_3_448_hac1	0.008	No mitochondrial presequence	82(MPP)	0.110	48-52	20-29-low	-	-	-	-	-	-	-	-	-	-	-	-	-	-	
synMTS_3_449_hac1	0.007	No mitochondrial presequence	78(MPP)	0.026		17-26-low	-	-	-	-	-	-	-	-	-	-	-	-	-	-	
synMTS_3_450_hac1	0.080	No mitochondrial presequence	86(MPP)	0.093	18-22	4-13-high	-	-	-	-	-	-	-	-	-	-	-	17-22	-	-	
synMTS_3_451_hac1	0.002	No mitochondrial presequence	51(MPP)	0.176	19-23,43-47,94-98	14-23-high	-	-	-	-	-	-	-	-	-	-	-	-	-	-	
synMTS_3_452_hac1	0.004	No mitochondrial presequence	42(MPP), 43(Icp55)	0.024		5-16-low	-	-	-	-	-	-	-	-	-	-	-	-	-	-	
synMTS_3_453_hac1	0.001	No mitochondrial presequence	49(MPP)	0.184	92-96	1-12-low	-	-	-	-	-	-	-	-	-	-	-	-	-	-	
synMTS_3_454_hac1	0.028	No mitochondrial presequence	14(MPP), 15(Icp55)	0.071	83-87	13-22-low	-	-	-	-	-	-	-	-	-	-	-	-	-	-	
synMTS_3_455_hac1	0.042	No mitochondrial presequence	92(MPP)	0.163	9-13,83-87	7-16-high	-	-	-	-	-	-	-	-	-	-	-	-	-	-	
synMTS_3_456_hac1	0.001	No mitochondrial presequence	77(MPP)	0.117	74-78	4-13-low	-	-	-	-	-	-	-	-	-	-	-	-	-	-	
synMTS_3_457_hac1	0.013	No mitochondrial presequence	82(MPP)	0.110	73-77,79-83	3-12-high	-	-	-	-	-	-	-	-	-	-	-	-	-	-	
synMTS_3_458_hac1	0.016	No mitochondrial presequence	14(MPP)	-0.071	57-61	18-28-low	-	-	-	-	-	-	-	-	-	-	-	-	-	-	
synMTS_3_459_hac1	0.001	No mitochondrial presequence	93(MPP)	0.161	84-88	20-30-low	-	-	-	-	-	-	-	-	-	-	-	-	-	-	
synMTS_3_460_hac1	0.003	No mitochondrial presequence	57(MPP)	0.158	35-39	11-20-low	-	-	-	-	-	-	-	-	-	-	-	-	-	-	
synMTS_3_461_hac1	0.040	No mitochondrial presequence	4(MPP)	0.500	55-59,75-79,81-85	13-22-high	20-25	4-9	-	-	-	-	-	-	-	-	-	-	-	-	
synMTS_3_462_hac1	0.026	No mitochondrial presequence	77(MPP)	0.143	13-17	11-20-high	-	-	-	-	-	-	-	-	-	-	-	-	-	-	
synMTS_3_463_hac1	0.054	No mitochondrial presequence	29(MPP), 30(Icp55)	0.241	6-10,12-16,45-49,60-64	20-30-high	-	-	-	-	-	-	-	-	-	-	-	-	-	-	
synMTS_3_464_hac1	0.006	No mitochondrial presequence	72(MPP)	0.125	40-44	18-27-high	-	-	-	-	-	-	-	-	-	-	-	-	-	-	
synMTS_3_465_hac1	0.050	No mitochondrial presequence	88(MPP)	0.125	86-90	8-18-low	-	-	-	-	-	-	-	-	-	-	-	-	-	-	
synMTS_3_466_hac1	0.022	No mitochondrial presequence	65(MPP)	0.154	62-66	16-29-low	-	-	-	-	-	-	-	-	-	-	-	-	-	-	
synMTS_3_467_hac1	0.005	No mitochondrial presequence	5(MPP)	-0.600	59-63,62-66	2-13-low	-	-	-	-	-	-	-	-	-	-	-	-	-	-	
synMTS_3_468_hac1	0.019	No mitochondrial presequence	38(MPP)	0.053		12-21-low	-	-	-	-	-	-	-	-	-	-	-	-	-	-	
synMTS_3_469_hac1	0.018	No mitochondrial presequence	53(MPP)	0.189	20-24,25-29,41-45	14-23-low	-	-	-	-	-	-	-	-	-	-	-	-	-	-	
synMTS_3_470_hac1	0.021	No mitochondrial presequence	41(MPP)	0.244	30-34,85-89	21-30-high	-	-	-	-	-	-	-	-	-	-	-	-	-	-	
synMTS_3_471_hac1	0.000	No mitochondrial presequence	62(MPP)	0.145		1-11-high	-	-	-	-	-	-	-	-	-	-	-	-	-	-	
synMTS_3_472_hac1	0.023	No mitochondrial presequence	73(MPP)	0.137	70-74	10-19-low	-	-	-	-	-	-	-	-	-	-	-	-	-	-	
synMTS_3_473_hac1	0.081	No mitochondrial presequence	95(MPP)	0.105	2-6,54-58,93-97	2-11-high	-	-	-	-	-	-	-	-	-	-	-	-	-	-	
synMTS_3_474_hac1	0.017	No mitochondrial presequence	66(MPP)	0.152		4-14-low	-	-	-	-	-	-	-	-	-	-	-	-	-	-	
synMTS_3_475_hac1	0.041	No mitochondrial presequence	73(MPP)	0.137		19-28-high	-	23-28	-	-	-	21-26	-	-	-	20-25	-	-	-	-	
synMTS_3_476_hac1	0.061	No mitochondrial presequence	82(MPP)	0.122	52-56,66-70,80-84	3-12-high	-	-	-	-	-	-	-	-	-	-	-	-	-	-	
synMTS_3_477_hac1	0.018	No mitochondrial presequence	83(MPP)	0.096	3-7,56-60	18-27-low	-	-	-	-	-	-	-	-	-	-	-	-	3-8	-	
synMTS_3_478_hac1	0.002	No mitochondrial presequence	90(MPP)	0.111	59-63,87-91	1-12-high	-	-	-	-	-	-	-	-	-	-	-	-	-	-	
synMTS_3_479_hac1	0.001	No mitochondrial presequence	20(MPP)	0.250		15-24-low	-	-	-	-	-	-	-	-	-	-	-	-	-	-	
synMTS_3_480_hac1	0.034	No mitochondrial presequence	94(MPP)	0.106	13-17	5-17-high	-	-	-	-	-	-	-	-	-	-	-	-	-	-	
synMTS_3_481_hac1	0.003	No mitochondrial presequence	60(MPP)	0.117	36-40,52-56	14-23-low	-	-	-	-	-	-	-	-	-	-	-	-	-	-	
synMTS_3_482_hac1	0.004	No mitochondrial presequence	68(MPP)	0.132	32-36,47-51	11-21-high	-	-	-	-	-	-	-	-	-	-	-	-	-	-	
synMTS_3_483_hac1	0.011	No mitochondrial presequence	80(MPP)	0.113	45-49	8-17-high	-	-	-	-	-	-	-	-	-	-	-	-	-	-	
synMTS_3_484_hac1	0.008	No mitochondrial presequence	46(MPP)	0.239	89-93	13-24-high	-	-	-	-	-	-	-	-	-	-	-	-	-	-	
synMTS_3_485_hac1	0.010	No mitochondrial presequence	14(MPP)	-0.071	23-27,83-87	3-12-high	-	-	-	-	-	-	-	-	-	-	-	-	-	-	
synMTS_3_486_hac1	0.016	No mitochondrial presequence	44(MPP)	0.205	88-92	17-26-low	-	-	-	-	-	-	-	-	-	-	-	-	-	-	
synMTS_3_487_hac1	0.016	No mitochondrial presequence	91(MPP)	0.121	19-23,81-85,88-92	15-24-high	-	-	-	-	-	-	-	-	-	-	-	-	-	-	
synMTS_3_488_hac1	0.052	No mitochondrial presequence	79(MPP)	0.127	63-67,72-76	7-16-high	-	-	-	-	-	-	-	-	-	-	-	-	-	-	
synMTS_3_489_hac1	0.039	No mitochondrial presequence	36(MPP), 37(Icp55)	0.167	1-5,31-35	8-17-high	-	-	-	-	-	-	-	-	-	-	-	-	-	-	
synMTS_3_490_hac1	0.003	No mitochondrial presequence	66(MPP)	0.152	43-47	20-29-high	-	-	-	-	-	-	-	-	-	-	-	-	-	-	
synMTS_3_491_hac1	0.018	No mitochondrial presequence	87(MPP)	0.115	54-58	20-29-high	-	-	-	-	-	-	-	-	-	-	-	-	-	-	
synMTS_3_492_hac1	0.004	No mitochondrial presequence	67(MPP), 68(Icp55)	0.134		8-17-low	-	-	-	-	-	-	-	-	-	-	-	-	-	-	
synMTS_3_493_hac1	0.003	No mitochondrial presequence	74(MPP)	0.135	7-11,55-59	6-15-high	-	-	-	-	7-12	-	-	-	-	-	-	-	-	-	
synMTS_3_494_hac1	0.023	No mitochondrial presequence	70(MPP)	0.129	27-31,62-66	10-19-low	-	-	-	-	-	-	-	4-9	-	-	-	-	-	-	
synMTS_3_495_hac1	0.043	No mitochondrial presequence	40(MPP)	0.225	84-88	14-23-high	-	-	-	-	-	-	-	-	-	-	-	-	-	-	
synMTS_3_496_hac1	0.213	No mitochondrial presequence	40(MPP)	0.250	9-13,84-88	21-30-high	-	-	-	-	9-14	-	20-25	25-30	-	19-24,24-29	-	-	-	-	
synMTS_3_497_hac1	0.011	No mitochondrial presequence	58(MPP)	0.172		4-13-high	-	-	-	-	-	-	-	-	-	-	23-28	-	-	-	
synMTS_3_498_hac1	0.001	No mitochondrial presequence	92(MPP)	0.109		8-17-low	-	-	-	-	-	-	-	-	-	-	-	-	-	-	
synMTS_3_499_hac1	0.057	No mitochondrial presequence	82(MPP)	0.134	47-51,73-77	3-12-low	-	-	-	-	-	-	-	-	-	-	-	-	-	-	
synMTS_3_500_hac1	0.009	No mitochondrial presequence	59(MPP)	0.153		12-23-high	-	-	-	-	-	-	-	-	-	-	1-6	-	-	-	
synMTS_3_501_hac1	0.014	No mitochondrial presequence	24(MPP)	0.083	11-15,32-36	16-25-high	-	-	-	-	-	-	-	-	-	-	-	-	-	-	
synMTS_3_502_hac1	0.014	No mitochondrial presequence	44(MPP)	0.205	6-10,18-22,62-66	2-11-low	-	-	-	-	-	-	-	-	-	-	-	-	-	-	
synMTS_3_503_hac1	0.003	No mitochondrial presequence	94(MPP)	0.117	39-43,50-54	14-23-low	-	-	-	-	-	-	-	-	-	-	-	-	-	-	
synMTS_3_504_hac1	0.003	No mitochondrial presequence	62(MPP)	0.145		1-13-low	-	-	-	-	-	-	-	-	-	-	22-27	-	-	-	
synMTS_3_505_hac1	0.009	No mitochondrial presequence	60(MPP)	0.167	25-29,57-61	21-30-high	-	-	-	-	-	-	-	-	-	-	-	-	-	-	
synMTS_3_506_hac1	0.065	No mitochondrial presequence	82(MPP)	0.122	37-41,73-77,76-80,79-83	7-16-low	-	-	-	-	-	-	-	-	-	-	-	-	-	-	
synMTS_3_507_hac1	0.010	No mitochondrial presequence	22(MPP)	0.091	32-36,62-66,96-100	10-19-high	-	-	-	-	-	-	-	-	-	-	-	-	-	-	
synMTS_3_508_hac1	0.016	No mitochondrial presequence	5(MPP)	0.000	93-97	19-30-high	-	-	-	-	-	-	-	-	-	-	-	-	-	-	
synMTS_3_509_hac1	0.005	No mitochondrial presequence	81(MPP)	0.111	78-82	7-16-low	-	-	-	-	-	-	-	-	-	-	-	-	-	-	
synMTS_3_510_hac1	0.023	No mitochondrial presequence	21(MPP)	0.048	9-13,26-30,36-40,40-44	7-16-high	-	-	-	-	-	-	-	-	-	-	-	-	-	-	
synMTS_3_511_hac1	0.003	No mitochondrial presequence	62(MPP)	0.161	49-53	5-14-low	-	-	-	-	-	-	-	-	-	-	-	-	-	-	
synMTS_3_512_hac1	0.092	No mitochondrial presequence	95(MPP)	0.105	11-15,93-97	3-15-high	-	-	-	-	-	-	-	-	-	2-7	-	-	-	-	
synMTS_3_513_hac1	0.010	No mitochondrial presequence	10(MPP)	-0.100	17-21	3-12-high	-	-	-	-	-	-	-	-	-	-	-	-	-	-	
synMTS_3_514_hac1	0.028	No mitochondrial presequence	46(MPP)	0.196	5-9,90-94	1-10-low	-	-	-	-	-	-	-	-	-	-	-	-	-	-	
synMTS_3_515_hac1	0.002	No mitochondrial presequence	67(MPP)	0.119		11-20-low	-	-	-	-	-	-	-	-	-	-	-	-	-	-	
synMTS_3_516_hac1	0.005	No mitochondrial presequence	77(MPP)	0.117	31-35,42-46	1-10-low	-	-	-	-	-	-	-	-	-	-	-	-	-	-	
synMTS_3_517_hac1	0.020	No mitochondrial presequence	23(MPP)	0.174		15-24-high	-	-	-	-	-	-	-	-	-	-	-	-	-	-	
synMTS_3_518_hac1	0.003	No mitochondrial presequence	60(MPP)	0.150	57-61	4-13-low	-	-	-	-	-	-	-	-	-	-	-	-	-	-	
synMTS_3_519_hac1	0.022	No mitochondrial presequence	81(MPP), 82(Icp55)	0.086		15-25-high	-	-	-	-	-	5-10	-	-	-	4-9	-	-	-	-	
synMTS_3_520_hac1	0.003	No mitochondrial presequence	89(MPP)	0.101	42-46	6-15-low	-	-	-	-	-	-	-	-	-	-	-	-	-	-	
synMTS_3_521_hac1	0.010	No mitochondrial presequence	67(MPP)	0.149	18-22,29-33	14-23-low	-	-	-	-	-	-	-	-	-	-	-	-	-	-	
synMTS_3_522_hac1	0.086	No mitochondrial presequence	54(MPP)	0.167	1-5	1-10-high	-	-	-	-	-	-	-	-	6-11	-	5-10	-	-	-	
synMTS_3_523_hac1	0.034	No mitochondrial presequence	48(MPP)	0.167	8-12,91-95	19-28-high	-	-	-	-	-	-	22-27	-	-	-	-	-	-	-	
synMTS_3_524_hac1	0.001	No mitochondrial presequence	95(MPP)	0.116	40-44,65-69	16-25-low	-	-	-	-	-	-	-	-	-	-	-	-	-	-	
synMTS_3_525_hac1	0.034	No mitochondrial presequence	83(MPP)	0.120	3-7	2-11-high	-	-	-	-	3-8	-	-	-	-	-	-	-	-	-	
synMTS_3_526_hac1	0.024	No mitochondrial presequence	69(MPP)	0.145		16-25-high	-	-	-	-	-	-	-	-	-	-	-	-	-	-	
synMTS_3_527_hac1	0.005	No mitochondrial presequence	57(MPP)	0.105	50-54	6-15-low	-	-	-	-	-	-	-	-	-	-	-	-	-	-	
synMTS_3_528_hac1	0.040	No mitochondrial presequence	92(MPP)	0.109	1-5,49-53,55-59,61-65	1-11-high	-	-	-	-	-	-	-	-	-	-	-	-	-	-	
synMTS_3_529_hac1	0.006	No mitochondrial presequence	17(MPP)	-0.059	59-63	12-22-high	-	-	-	-	-	-	-	-	-	-	-	-	-	-	
synMTS_3_530_hac1	0.020	No mitochondrial presequence	46(MPP)	0.217	89-93	13-22-high	-	-	-	-	-	-	-	-	-	-	-	-	-	-	
synMTS_3_531_hac1	0.004	No mitochondrial presequence	79(MPP)	0.114	54-58,60-64	20-29-low	-	-	-	-	-	-	-	-	-	-	-	-	-	-	
synMTS_3_532_hac1	0.039	No mitochondrial presequence	10(MPP)	0.000	24-28,35-39,64-68,95-99	21-30-high	-	-	-	-	-	-	-	-	-	-	-	-	-	-	
synMTS_3_533_hac1	0.014	No mitochondrial presequence	50(MPP)	0.200	40-44,47-51,93-97	9-18-low	-	-	-	-	-	-	-	-	-	-	-	-	-	-	
synMTS_3_534_hac1	0.013	No mitochondrial presequence	61(MPP)	0.164		15-25-low	-	-	-	-	-	-	-	-	-	-	-	-	-	-	
synMTS_3_535_hac1	0.017	No mitochondrial presequence	73(MPP)	0.137	14-18	14-23-high	-	-	-	-	-	-	-	-	-	-	-	-	14-19	-	
synMTS_3_536_hac1	0.020	No mitochondrial presequence	52(MPP)	0.173	46-50,49-53,96-100	21-30-high	-	-	-	-	-	-	-	-	-	-	25-30	-	-	-	
synMTS_3_537_hac1	0.011	No mitochondrial presequence	75(MPP)	0.133	1-5	15-24-low	-	-	-	-	-	-	-	-	-	-	-	-	-	-	
synMTS_3_538_hac1	0.008	No mitochondrial presequence	69(MPP)	0.130		15-24-low	-	-	-	-	-	-	-	-	-	-	-	-	-	-	
synMTS_3_539_hac1	0.036	No mitochondrial presequence	81(MPP)	0.123	33-37	8-17-low	-	-	-	-	-	-	-	-	-	-	-	-	-	-	
synMTS_3_540_hac1	0.014	No mitochondrial presequence	79(MPP)	0.127	68-72	17-26-low	-	-	-	-	-	-	-	-	-	-	-	-	-	-	
synMTS_3_541_hac1	0.006	No mitochondrial presequence	25(MPP)	-0.080		16-25-low	-	-	-	-	-	-	-	-	-	-	-	-	-	-	
synMTS_3_542_hac1	0.002	No mitochondrial presequence	54(MPP)	0.167	39-43,45-49	8-17-low	-	-	-	-	-	-	-	-	-	-	-	-	-	-	
synMTS_3_543_hac1	0.076	No mitochondrial presequence	39(MPP)	0.205	15-19,20-24,83-87	6-15-high	-	-	-	-	-	-	-	-	-	-	-	-	-	-	
synMTS_3_544_hac1	0.015	No mitochondrial presequence	64(MPP)	0.141		20-29-high	-	-	-	-	-	-	-	-	-	-	-	-	-	-	
synMTS_3_545_hac1	0.001	No mitochondrial presequence	19(MPP)	0.263	90-94,94-98	3-13-low	-	-	-	-	-	-	-	-	-	-	-	-	-	-	
synMTS_3_546_hac1	0.004	No mitochondrial presequence	62(MPP)	0.145	52-56	20-30-high	-	-	-	-	-	-	-	-	-	-	-	-	-	-	
synMTS_3_547_hac1	0.001	No mitochondrial presequence	67(MPP)	0.134	64-68	9-18-low	-	-	-	-	-	-	-	-	-	-	-	-	-	-	
synMTS_3_548_hac1	0.008	No mitochondrial presequence	67(MPP)	0.134	36-40	21-30-high	-	-	-	-	-	-	-	-	-	-	-	-	-	-	
synMTS_3_549_hac1	0.026	No mitochondrial presequence	65(MPP)	0.154		8-17-high	-	-	-	-	-	-	-	-	-	-	-	-	-	-	
synMTS_3_550_hac1	0.004	No mitochondrial presequence	80(MPP)	0.138	29-33,34-38	16-25-low	-	-	-	-	-	-	-	-	-	-	-	-	-	-	
synMTS_3_551_hac1	0.009	No mitochondrial presequence	87(MPP)	0.115	30-34	5-14-low	-	-	-	-	-	-	-	-	-	-	-	-	-	-	
synMTS_3_552_hac1	0.005	No mitochondrial presequence	76(MPP)	0.132	5-9	1-11-high	-	-	-	-	-	-	-	-	-	-	-	-	-	-	
synMTS_3_553_hac1	0.002	No mitochondrial presequence	63(MPP)	0.143		14-23-low	-	-	-	-	-	-	-	-	-	-	-	-	-	-	
synMTS_3_554_hac1	0.007	No mitochondrial presequence	25(MPP)	0.160		2-11-high	-	20-25	-	-	-	-	-	-	-	-	-	-	-	-	
synMTS_3_555_hac1	0.015	No mitochondrial presequence	45(MPP)	0.200	11-15,89-93	9-18-high	-	-	-	-	-	-	-	-	-	-	-	-	-	-	
synMTS_3_556_hac1	0.002	No mitochondrial presequence	7(MPP)	-0.143	17-21,67-71,71-75,93-97	12-21-low	-	-	-	-	-	-	-	-	-	-	-	16-21	-	-	
synMTS_3_557_hac1	0.026	No mitochondrial presequence	47(MPP)	0.170	14-18,17-21,90-94	17-26-high	-	-	-	-	-	-	-	-	12-17	-	-	-	-	-	
synMTS_3_558_hac1	0.013	No mitochondrial presequence	65(MPP)	0.138	39-43	13-22-high	-	-	-	-	-	-	-	-	-	-	-	-	-	-	
synMTS_3_559_hac1	0.018	No mitochondrial presequence	25(MPP)	0.080	45-49	2-11-low	-	-	-	1-6	-	-	-	-	-	-	-	-	-	-	
synMTS_3_560_hac1	0.035	No mitochondrial presequence	65(MPP)	0.154		6-15-high	-	-	-	-	-	-	-	-	-	-	-	-	-	-	
synMTS_3_561_hac1	0.033	No mitochondrial presequence	95(MPP)	0.105	6-10	19-30-high	-	-	-	-	-	-	-	-	-	-	-	-	-	-	
synMTS_3_562_hac1	0.005	No mitochondrial presequence	48(MPP)	0.188	18-22,45-49,92-96	18-28-high	-	-	-	-	18-23	-	-	-	-	-	-	-	-	-	
synMTS_3_563_hac1	0.015	No mitochondrial presequence	52(MPP)	0.173	49-53,95-99	13-22-high	-	-	-	23-28	-	-	-	-	-	-	-	-	-	-	
synMTS_3_564_hac1	0.001	No mitochondrial presequence	54(MPP)	0.148	37-41	18-27-high	-	-	-	-	-	-	-	-	-	-	-	-	-	-	
synMTS_3_565_hac1	0.005	No mitochondrial presequence	82(MPP)	0.110		18-27-high	-	-	-	-	-	-	-	-	-	-	-	-	-	-	
synMTS_3_566_hac1	0.023	No mitochondrial presequence	60(MPP)	0.150	32-36	1-10-high	-	12-17	-	-	-	-	-	-	-	-	-	-	-	-	
synMTS_3_567_hac1	0.021	No mitochondrial presequence	82(MPP)	0.110	7-11,12-16	6-15-high	-	-	-	-	-	-	-	-	10-15	-	-	-	-	-	
synMTS_3_568_hac1	0.004	No mitochondrial presequence	46(MPP)	0.130		12-22-high	-	-	-	-	-	-	-	-	-	-	-	-	-	-	
synMTS_3_569_hac1	0.182	No mitochondrial presequence	52(MPP)	0.192	42-46,96-100	10-19-high	-	-	-	-	-	13-18	-	-	-	-	-	-	-	12-17	
synMTS_3_570_hac1	0.008	No mitochondrial presequence	48(MPP)	0.208	16-20,91-95	11-20-high	-	-	-	-	16-21	-	-	-	-	-	-	-	-	-	
synMTS_3_571_hac1	0.002	No mitochondrial presequence	40(MPP)	0.075	51-55,63-67,73-77,95-99	12-23-low	-	-	-	-	-	-	-	-	-	-	-	-	-	-	
synMTS_3_572_hac1	0.003	No mitochondrial presequence	27(MPP)	0.148	89-93	10-19-high	-	-	-	-	-	-	-	-	-	-	-	-	-	-	
synMTS_3_573_hac1	0.005	No mitochondrial presequence	82(MPP), 83(Icp55)	0.134	44-48,65-69,69-73	6-15-low	-	-	-	-	-	-	-	-	-	-	-	-	-	-	
synMTS_3_574_hac1	0.063	No mitochondrial presequence	92(MPP)	0.098	21-25,61-65,77-81	20-29-high	-	-	-	-	-	11-16	-	-	-	-	-	-	-	10-15	
synMTS_3_575_hac1	0.004	No mitochondrial presequence	80(MPP)	0.125	27-31,46-50	21-30-low	-	-	-	-	-	-	-	-	-	-	-	-	-	-	
synMTS_3_576_hac1	0.000	No mitochondrial presequence	51(MPP)	0.176	33-37,39-43,95-99	2-11-low	-	-	-	-	-	-	-	-	-	-	-	-	-	-	
synMTS_3_577_hac1	0.006	No mitochondrial presequence	35(MPP)	0.000		19-28-high	-	-	-	-	-	-	-	-	-	-	-	-	-	-	
synMTS_3_578_hac1	0.018	No mitochondrial presequence	40(MPP)	0.225	38-42,84-88	2-12-low	-	-	-	-	-	-	-	-	-	-	-	-	-	-	
synMTS_3_579_hac1	0.023	No mitochondrial presequence	88(MPP)	0.114		1-11-low	-	-	-	-	-	-	-	-	13-18	-	-	-	-	-	
synMTS_3_580_hac1	0.017	No mitochondrial presequence	73(MPP)	0.151		12-21-high	-	-	-	-	-	-	-	-	-	-	-	-	-	-	
synMTS_3_581_hac1	0.038	No mitochondrial presequence	68(MPP)	0.132		2-11-low	-	-	-	-	-	-	-	-	-	-	-	-	-	-	
synMTS_3_582_hac1	0.146	No mitochondrial presequence	52(MPP)	0.192	4-8,29-33,49-53,95-99	3-15-high	-	-	-	-	-	-	-	-	2-7	-	1-6	-	-	-	
synMTS_3_583_hac1	0.022	No mitochondrial presequence	43(MPP)	0.209	2-6,31-35,87-91	1-10-high	-	-	-	-	-	-	-	-	-	-	-	-	-	-	
synMTS_3_584_hac1	0.037	No mitochondrial presequence	95(MPP)	0.105		17-26-high	-	-	-	-	-	-	-	-	-	-	-	-	-	-	
synMTS_3_585_hac1	0.011	No mitochondrial presequence	73(MPP)	0.123		19-29-high	-	-	-	-	-	-	25-30	-	-	-	-	-	-	-	
synMTS_3_586_hac1	0.010	No mitochondrial presequence	65(MPP)	0.154	39-43,44-48,53-57,62-66	1-10-high	-	-	-	-	-	-	-	-	-	-	-	-	-	-	
synMTS_3_587_hac1	0.030	No mitochondrial presequence	43(MPP)	0.256	40-44,87-91	16-25-high	-	-	-	-	-	-	-	-	-	-	-	-	-	-	
synMTS_3_588_hac1	0.007	No mitochondrial presequence	52(MPP)	0.192	38-42,95-99	1-10-low	-	-	-	-	-	-	-	-	-	-	-	-	-	-	
synMTS_3_589_hac1	0.023	No mitochondrial presequence	6(MPP)	-0.333	18-22,38-42	15-24-high	-	-	-	-	-	-	-	-	-	-	-	-	-	-	
synMTS_3_590_hac1	0.135	No mitochondrial presequence	77(MPP)	0.130	10-14,17-21,21-25,51-55	12-21-high	-	-	-	-	-	-	-	-	-	-	-	9-14	10-15	-	
synMTS_3_591_hac1	0.025	No mitochondrial presequence	55(MPP)	0.182		17-27-low	-	-	-	-	-	-	-	-	-	-	-	-	-	-	
synMTS_3_592_hac1	0.021	No mitochondrial presequence	47(MPP)	0.213	90-94	21-30-high	-	-	-	-	-	-	-	-	-	-	-	-	-	-	
synMTS_3_593_hac1	0.010	No mitochondrial presequence	27(MPP)	0.185	20-24,89-93,93-97	12-24-low	-	-	-	-	-	-	-	-	-	-	-	-	-	-	
synMTS_3_594_hac1	0.001	No mitochondrial presequence	41(MPP)	0.073		16-28-high	-	-	-	-	-	-	-	-	-	-	-	-	-	-	
synMTS_3_595_hac1	0.016	No mitochondrial presequence	84(MPP)	0.107		15-24-low	-	-	-	-	-	-	-	-	-	-	-	-	-	-	
synMTS_3_596_hac1	0.009	No mitochondrial presequence	29(MPP)	0.207	86-90,94-98	10-19-high	-	-	-	-	-	-	-	-	-	-	-	-	-	-	
synMTS_3_597_hac1	0.035	No mitochondrial presequence	61(MPP)	0.148	14-18	12-21-high	-	-	-	-	14-19	-	-	-	-	-	-	-	-	-	
synMTS_3_598_hac1	0.033	No mitochondrial presequence	78(MPP)	0.128	16-20,72-76,76-80	13-22-high	-	-	-	-	-	-	-	-	-	-	-	-	-	-	
synMTS_3_599_hac1	0.010	No mitochondrial presequence	85(MPP)	0.106		21-30-low	-	-	-	-	-	-	-	-	-	-	-	-	-	-	
synMTS_3_600_hac1	0.004	No mitochondrial presequence	69(MPP)	0.130	52-56,56-60,66-70	1-10-low	-	-	-	-	-	-	-	-	-	-	-	-	-	-	
synMTS_4_401_hac1	0.073	No mitochondrial presequence	50(MPP)	0.240	9-13,17-21,94-98	17-26-high	-	-	-	18-23	9-14	-	-	-	-	-	-	-	-	-	
synMTS_4_402_hac1	0.087	No mitochondrial presequence	47(MPP)	0.234	4-8,15-19,32-36,35-39,48-52,74-78,83-87	4-15-high	-	-	-	-	4-9	-	-	-	-	-	-	-	-	-	
synMTS_4_403_hac1	0.077	No mitochondrial presequence	54(MPP)	0.222	18-22,44-48,51-55	6-15-high	-	-	-	-	-	-	-	-	-	-	-	-	-	-	
synMTS_4_404_hac1	0.324	No mitochondrial presequence	88(MPP)	0.250	12-16,24-28,51-55,74-78	6-16-high	-	-	-	-	-	-	-	-	-	-	-	11-16	-	-	
synMTS_4_405_hac1	0.090	No mitochondrial presequence	44(MPP)	0.227	13-17,18-22,28-32,87-91	8-17-low	-	-	-	-	-	-	23-28	-	-	22-27	-	12-17,17-22	-	-	
synMTS_4_406_hac1	0.032	No mitochondrial presequence	64(MPP)	0.250	8-12,28-32,54-58	7-16-high	-	-	-	-	-	-	-	-	-	-	-	-	-	-	
synMTS_4_407_hac1	0.077	No mitochondrial presequence	42(MPP)	0.262	5-9,10-14,86-90	12-21-high	-	-	-	-	-	-	-	-	-	-	-	-	-	-	
synMTS_4_408_hac1	0.288	No mitochondrial presequence	21(MPP), 29(Oct1)	0.238	18-22,52-56,59-63,74-78,88-92	15-24-high	-	8-13	-	-	-	-	-	-	-	-	-	-	-	-	
synMTS_4_409_hac1	0.021	No mitochondrial presequence	82(MPP)	0.232	16-20,25-29,40-44,43-47,67-71,71-75	15-24-high	-	-	-	-	-	-	-	-	-	-	-	-	-	-	
synMTS_4_410_hac1	0.019	No mitochondrial presequence	71(MPP)	0.225	9-13,37-41,47-51,65-69	13-22-high	-	-	-	-	-	-	-	-	-	-	-	-	-	-	
synMTS_4_411_hac1	0.027	No mitochondrial presequence	17(MPP)	0.235	79-83,87-91	17-26-high	-	23-28	-	25-30	-	-	-	-	-	-	-	-	-	-	
synMTS_4_412_hac1	0.064	No mitochondrial presequence	66(MPP)	0.258	15-19,23-27,38-42,43-47,63-67	17-26-high	-	-	16-21	-	15-20	-	-	-	-	-	-	-	-	-	
synMTS_4_413_hac1	0.113	No mitochondrial presequence	42(MPP)	0.238	15-19,19-23,30-34,66-70,69-73,87-91,91-95,94-98	15-24-high	-	-	-	-	-	-	-	-	-	-	-	14-19	-	-	
synMTS_4_414_hac1	0.069	No mitochondrial presequence	64(MPP)	0.219	8-12,20-24,33-37,48-52,56-60	1-10-high	-	-	-	-	-	-	-	-	-	-	-	-	-	-	
synMTS_4_415_hac1	0.093	No mitochondrial presequence	53(MPP)	0.245	46-50	20-30-high	-	-	-	-	-	-	-	-	-	21-26	-	-	-	-	
synMTS_4_416_hac1	0.044	No mitochondrial presequence	76(MPP)	0.250	41-45,49-53,53-57,56-60	4-13-high	-	-	-	-	-	-	-	-	-	-	-	-	-	-	
synMTS_4_417_hac1	0.062	No mitochondrial presequence	44(MPP)	0.250	12-16,20-24,46-50,50-54,60-64,64-68,69-73	8-17-high	-	-	-	-	-	-	-	-	-	-	-	-	-	-	
synMTS_4_418_hac1	0.016	No mitochondrial presequence	65(MPP)	0.231	27-31	21-30-high	-	-	-	-	-	-	-	-	-	-	-	-	-	-	
synMTS_4_419_hac1	0.058	No mitochondrial presequence	87(MPP)	0.241	15-19,32-36,41-45,45-49,66-70,69-73	11-20-high	-	-	-	-	-	-	-	-	-	-	-	-	-	-	
synMTS_4_420_hac1	0.118	No mitochondrial presequence	60(MPP)	0.250	10-14	12-21-high	-	-	-	-	10-15	-	-	-	-	-	-	-	-	-	
synMTS_4_421_hac1	0.026	No mitochondrial presequence	82(MPP)	0.244	3-7,7-11,43-47,79-83	19-28-high	-	-	-	-	-	-	-	-	-	-	-	-	-	-	
synMTS_4_422_hac1	0.057	No mitochondrial presequence	84(MPP)	0.226	16-20,59-63,81-85	3-13-high	-	-	-	-	-	-	-	-	-	-	-	-	-	-	
synMTS_4_423_hac1	0.139	No mitochondrial presequence	50(MPP)	0.240	93-97	13-22-high	-	-	-	-	-	-	-	18-23	-	-	-	-	-	17-22	
synMTS_4_424_hac1	0.074	No mitochondrial presequence	54(MPP)	0.241	9-13,13-17,27-31,44-48,47-51,75-79,96-100	13-23-high	-	-	-	-	-	-	-	-	-	-	-	-	-	-	
synMTS_4_425_hac1	0.131	No mitochondrial presequence	56(MPP)	0.232	31-35,53-57,72-76,76-80,87-91	1-10-high	-	18-23	-	-	-	16-21	-	-	-	15-20	-	-	-	-	
synMTS_4_426_hac1	0.105	No mitochondrial presequence	45(MPP), 53(Oct1)	0.244	7-11,59-63,62-66	3-12-high	-	-	-	-	-	15-20	-	-	-	-	-	6-11	7-12	-	
synMTS_4_427_hac1	0.026	No mitochondrial presequence	70(MPP)	0.214	7-11,57-61	3-12-low	-	14-19	-	-	-	-	-	-	-	-	-	-	-	-	
synMTS_4_428_hac1	0.014	No mitochondrial presequence	16(MPP)	0.250	32-36,87-91,96-100	19-28-low	-	-	-	-	-	-	-	-	-	-	-	-	-	-	
synMTS_4_429_hac1	0.080	No mitochondrial presequence	36(MPP)	0.278	15-19,19-23	15-24-high	-	-	-	-	15-20	-	-	-	-	-	-	-	-	-	
synMTS_4_430_hac1	0.125	No mitochondrial presequence	78(MPP)	0.269	5-9,8-12,37-41,57-61,61-65	7-16-high	-	23-28	-	9-14	5-10	-	-	-	-	-	-	-	-	-	
synMTS_4_431_hac1	0.131	No mitochondrial presequence	21(MPP)	0.238	14-18,18-22,48-52,58-62,93-97	14-23-high	-	-	-	-	18-23	-	-	-	-	-	-	13-18	-	-	
synMTS_4_432_hac1	0.043	No mitochondrial presequence	50(MPP), 51(Icp55)	0.260	51-55,90-94	1-10-high	-	-	-	-	-	-	-	-	-	-	-	-	-	-	
synMTS_4_433_hac1	0.055	No mitochondrial presequence	60(MPP)	0.233	28-32	6-16-high	-	-	-	-	-	-	-	-	-	-	-	-	-	-	
synMTS_4_434_hac1	0.033	No mitochondrial presequence	61(MPP)	0.213	16-20,38-42,41-45,46-50,54-58	14-23-high	-	-	-	-	-	-	-	-	-	-	-	-	-	-	
synMTS_4_435_hac1	0.040	No mitochondrial presequence	52(MPP)	0.212	35-39,61-65	14-23-high	-	-	-	-	-	-	-	-	-	6-11	-	-	-	-	
synMTS_4_436_hac1	0.061	No mitochondrial presequence	71(MPP)	0.254	17-21,65-69,68-72	11-20-high	-	-	11-16	-	-	-	-	-	-	-	-	-	-	-	
synMTS_4_437_hac1	0.039	No mitochondrial presequence	55(MPP)	0.255	30-34	8-18-high	-	-	-	-	-	-	-	-	-	-	-	-	-	-	
synMTS_4_438_hac1	0.043	No mitochondrial presequence	44(MPP)	0.227	30-34,87-91	4-13-high	-	-	-	-	-	-	-	-	-	-	-	-	-	-	
synMTS_4_439_hac1	0.104	No mitochondrial presequence	28(MPP)	0.250	22-26,41-45,50-54,70-74	17-26-high	-	-	-	-	-	-	-	-	-	-	-	-	-	-	
synMTS_4_440_hac1	0.029	No mitochondrial presequence	86(MPP)	0.244	16-20,45-49,83-87	9-18-high	-	-	-	-	-	-	-	-	-	-	-	-	-	-	
synMTS_4_441_hac1	0.109	No mitochondrial presequence	77(MPP)	0.260	15-19,47-51	9-18-high	-	-	-	-	-	-	-	-	-	-	-	14-19	-	-	
synMTS_4_442_hac1	0.013	No mitochondrial presequence	74(MPP)	0.243	16-20,27-31,42-46,46-50,50-54	14-23-high	-	-	-	-	-	-	-	-	-	-	-	-	-	-	
synMTS_4_443_hac1	0.013	No mitochondrial presequence	91(MPP)	0.231	41-45,67-71	10-20-high	-	-	-	-	-	-	-	-	-	-	-	-	-	-	
synMTS_4_444_hac1	0.060	No mitochondrial presequence	45(MPP)	0.222	12-16,42-46,88-92	12-21-high	-	-	-	-	-	-	-	-	-	-	-	-	-	-	
synMTS_4_445_hac1	0.020	No mitochondrial presequence	89(MPP)	0.236	3-7,86-90	11-20-high	-	-	-	-	-	-	-	-	-	-	-	-	-	-	
synMTS_4_446_hac1	0.041	No mitochondrial presequence	34(MPP)	0.206	9-13,18-22,21-25,41-45,44-48,63-67,67-71,71-75	14-23-high	-	-	-	-	-	-	-	-	-	-	-	-	-	-	
synMTS_4_447_hac1	0.049	No mitochondrial presequence	85(MPP)	0.247	20-24,24-28,33-37,83-87	20-29-high	-	-	-	-	-	-	-	-	-	-	-	23-28	-	-	
synMTS_4_448_hac1	0.026	No mitochondrial presequence	83(MPP)	0.265	14-18,58-62,80-84	14-25-high	-	-	-	-	-	-	-	-	-	-	-	-	-	-	
synMTS_4_449_hac1	0.038	No mitochondrial presequence	62(MPP)	0.242	27-31,86-90,95-99	20-29-low	-	-	-	-	-	-	-	-	-	-	-	-	-	-	
synMTS_4_450_hac1	0.078	No mitochondrial presequence	70(MPP)	0.243	8-12,13-17,23-27,33-37,37-41	21-30-high	-	2-7	14-19	-	13-18	-	-	-	-	-	-	-	-	-	
synMTS_4_451_hac1	0.076	No mitochondrial presequence	46(MPP)	0.239	4-8,7-11,16-20,90-94	4-15-high	-	-	-	-	-	-	-	-	-	-	-	-	-	-	
synMTS_4_452_hac1	0.093	No mitochondrial presequence	65(MPP)	0.246	34-38,38-42	4-20-high	-	18-23	-	-	-	16-21	-	-	-	-	-	-	-	15-20	
synMTS_4_453_hac1	0.014	No mitochondrial presequence	81(MPP)	0.148	31-35,92-96	10-19-high	-	-	-	-	-	-	-	-	-	-	-	-	-	-	
synMTS_4_454_hac1	0.008	No mitochondrial presequence	70(MPP)	0.286		7-17-high	-	-	-	-	-	-	-	-	-	-	-	-	-	-	
synMTS_4_455_hac1	0.062	No mitochondrial presequence	33(MPP)	0.242	34-38,58-62,69-73,83-87,86-90	15-24-high	-	-	21-26	-	-	-	-	-	-	-	-	-	-	-	
synMTS_4_456_hac1	0.081	No mitochondrial presequence	30(MPP)	0.267	20-24,24-28,27-31,38-42,41-45,51-55,57-61	20-29-high	-	-	-	-	-	-	-	-	-	-	-	23-28	-	-	
synMTS_4_457_hac1	0.275	No mitochondrial presequence	46(MPP)	0.217	90-94	12-22-high	-	-	-	-	-	-	-	-	-	-	-	-	-	-	
synMTS_4_458_hac1	0.106	No mitochondrial presequence	90(MPP)	0.244	12-16,36-40,77-81,82-86,87-91	5-14-high	-	-	24-29	-	12-17	-	-	-	-	-	-	-	-	-	
synMTS_4_459_hac1	0.144	No mitochondrial presequence	82(MPP)	0.280	57-61,60-64,72-76,80-84	1-11-high	-	20-25	-	-	-	18-23	-	-	-	17-22	-	-	-	-	
synMTS_4_460_hac1	0.130	No mitochondrial presequence	32(MPP)	0.250	3-7,7-11,21-25,38-42,53-57,65-69,82-86,85-89	3-12-high	-	-	-	-	21-26	-	-	-	-	-	-	-	-	-	
synMTS_4_461_hac1	0.026	No mitochondrial presequence	36(MPP)	0.250	4-8,29-33,63-67,79-83	3-12-high	-	-	-	-	-	-	-	-	-	-	-	-	-	-	
synMTS_4_462_hac1	0.129	No mitochondrial presequence	94(MPP)	0.234	80-84,83-87	3-14-low	-	-	-	-	-	-	-	-	-	-	-	-	-	-	
synMTS_4_463_hac1	0.110	No mitochondrial presequence	71(MPP)	0.254	18-22,68-72,86-90,96-100	18-27-high	-	12-17	-	-	-	10-15	-	-	-	-	-	-	-	-	
synMTS_4_464_hac1	0.291	No mitochondrial presequence	71(MPP)	0.254	22-26	20-29-high	-	-	-	-	22-27	25-30	-	-	-	-	-	-	-	-	
synMTS_4_465_hac1	0.062	No mitochondrial presequence	21(MPP)	0.190	9-13,53-57	9-18-high	-	-	-	-	9-14	-	-	12-17	-	-	-	-	-	-	
synMTS_4_466_hac1	0.052	No mitochondrial presequence	61(MPP)	0.246	33-37,42-46	11-20-high	-	-	-	-	-	-	-	-	-	-	-	-	-	-	
synMTS_4_467_hac1	0.121	No mitochondrial presequence	92(MPP)	0.250	47-51,63-67,66-70,74-78	21-30-high	-	-	-	-	-	-	-	-	-	-	-	-	-	-	
synMTS_4_468_hac1	0.106	No mitochondrial presequence	62(MPP)	0.226	21-25,25-29,59-63	21-30-high	-	-	-	-	-	-	-	-	-	-	-	-	-	-	
synMTS_4_469_hac1	0.089	No mitochondrial presequence	19(MPP)	0.211	18-22,33-37,48-52,51-55,87-91	4-14-high	-	-	-	-	-	-	-	-	-	-	-	-	-	-	
synMTS_4_470_hac1	0.058	No mitochondrial presequence	41(MPP)	0.220	18-22,56-60,70-74,91-95	21-30-high	-	-	-	-	-	-	-	-	-	-	-	-	-	-	
synMTS_4_471_hac1	0.064	No mitochondrial presequence	61(MPP)	0.246	9-13,21-25,42-46,78-82	15-25-high	-	-	-	-	-	-	-	-	-	-	-	-	9-14	-	
synMTS_4_472_hac1	0.105	No mitochondrial presequence	24(MPP)	0.208	20-24,49-53,67-71,70-74	16-25-high	-	-	-	-	20-25	-	-	-	-	-	-	-	-	-	
synMTS_4_473_hac1	0.086	No mitochondrial presequence	95(MPP)	0.179	10-14,15-19,18-22,24-28,27-31,86-90	14-23-high	-	-	-	-	18-23	-	-	-	-	-	-	-	-	-	
synMTS_4_474_hac1	0.407	Possessing mitochondrial presequence	61(MPP)	0.246	8-12,11-15,15-19,25-29	8-17-high	-	-	-	-	8-13	-	-	-	-	-	-	-	-	-	
synMTS_4_475_hac1	0.142	No mitochondrial presequence	57(MPP)	0.246	71-75,92-96	18-29-high	-	-	-	-	-	-	-	-	-	-	-	-	-	-	
synMTS_4_476_hac1	0.132	No mitochondrial presequence	49(MPP)	0.245	2-6,92-96	12-22-high	-	-	-	-	-	-	-	-	-	-	-	1-6	-	-	
synMTS_4_477_hac1	0.054	No mitochondrial presequence	50(MPP)	0.240	32-36,37-41,47-51,94-98	2-13-high	-	-	-	-	-	-	-	-	-	-	-	-	-	-	
synMTS_4_478_hac1	0.137	No mitochondrial presequence	52(MPP)	0.231	8-12,22-26,96-100	5-14-high	-	-	-	23-28	-	-	4-9	-	-	3-8	-	-	-	-	
synMTS_4_479_hac1	0.095	No mitochondrial presequence	50(MPP)	0.280	4-8,28-32,39-43,48-52,94-98	3-12-high	-	-	-	-	-	-	-	-	-	-	-	-	-	-	
synMTS_4_480_hac1	0.109	No mitochondrial presequence	78(MPP)	0.244	31-35,35-39,59-63,62-66	14-23-high	-	-	-	-	-	-	19-24	-	-	-	-	-	-	18-23	
synMTS_4_481_hac1	0.157	No mitochondrial presequence	78(MPP)	0.244	6-10,9-13,39-43,65-69,76-80	6-15-high	-	-	-	-	9-14	-	-	-	-	-	-	-	-	-	
synMTS_4_482_hac1	0.058	No mitochondrial presequence	76(MPP)	0.263	7-11,10-14,26-30	21-30-high	-	-	-	-	7-12,10-15	-	-	-	-	-	-	-	-	-	
synMTS_4_483_hac1	0.072	No mitochondrial presequence	88(MPP)	0.239	7-11,56-60,66-70,69-73,85-89	9-20-low	-	-	-	-	-	12-17	-	-	-	11-16	-	-	-	-	
synMTS_4_484_hac1	0.323	No mitochondrial presequence	32(MPP), 33(Icp55)	0.250	2-6,15-19,22-26,26-30,34-38	15-24-high	-	-	8-13	16-21	-	-	-	-	-	-	-	25-30	22-27	-	
synMTS_4_485_hac1	0.212	No mitochondrial presequence	42(MPP)	0.262	8-12,39-43,85-89	6-15-high	-	-	-	-	-	-	-	-	-	-	-	-	-	-	
synMTS_4_486_hac1	0.034	No mitochondrial presequence	68(MPP)	0.221	23-27,28-32	5-14-high	-	-	-	-	-	-	-	-	-	-	-	-	-	-	
synMTS_4_487_hac1	0.071	No mitochondrial presequence	81(MPP)	0.235	14-18,78-82	14-23-high	-	-	-	-	-	-	-	-	17-22	-	-	-	-	-	
synMTS_4_488_hac1	0.064	No mitochondrial presequence	54(MPP)	0.222	26-30,40-44,51-55,85-89	19-30-high	-	-	-	-	-	-	-	-	-	12-17	-	-	-	-	
synMTS_4_489_hac1	0.106	No mitochondrial presequence	23(MPP)	0.217	20-24,28-32,38-42,46-50,88-92	20-30-high	-	-	-	-	-	-	-	-	-	-	-	-	-	-	
synMTS_4_490_hac1	0.216	No mitochondrial presequence	69(MPP)	0.246	3-7,7-11,11-15,29-33,39-43,61-65	5-14-high	-	-	-	-	-	-	-	-	-	-	-	6-11	-	-	
synMTS_4_491_hac1	0.193	No mitochondrial presequence	67(MPP), 68(Icp55)	0.254	19-23,42-46	11-23-high	-	13-18	-	-	-	11-16	-	-	-	10-15	-	18-23	-	-	
synMTS_4_492_hac1	0.083	No mitochondrial presequence	21(MPP)	0.238	41-45,72-76	19-28-high	-	-	-	-	-	-	-	-	-	-	-	-	-	-	
synMTS_4_493_hac1	0.078	No mitochondrial presequence	58(MPP)	0.259	29-33,49-53	15-24-high	-	-	-	15-20	-	-	-	-	-	-	-	-	-	-	
synMTS_4_494_hac1	0.123	No mitochondrial presequence	56(MPP)	0.232	11-15,28-32,33-37,40-44,54-58	8-17-high	-	-	-	-	-	-	-	24-29	-	23-28	-	-	-	-	
synMTS_4_495_hac1	0.122	No mitochondrial presequence	44(MPP)	0.250	41-45,88-92	8-17-high	-	-	-	-	-	-	-	-	-	-	-	-	-	-	
synMTS_4_496_hac1	0.100	No mitochondrial presequence	56(MPP)	0.250	49-53,61-65	20-29-high	-	-	-	-	-	-	-	-	-	-	-	-	-	-	
synMTS_4_497_hac1	0.104	No mitochondrial presequence	56(MPP)	0.232	7-11,53-57	19-28-high	-	-	-	-	-	-	-	-	-	-	-	-	-	-	
synMTS_4_498_hac1	0.071	No mitochondrial presequence	45(MPP)	0.267	11-15,31-35,54-58,86-90,91-95,95-99	9-18-high	-	-	-	-	11-16	14-19	-	-	-	-	-	-	-	-	
synMTS_4_499_hac1	0.121	No mitochondrial presequence	72(MPP)	0.236	10-14,45-49,59-63,69-73	2-11-high	-	-	-	-	-	-	-	-	-	-	-	-	-	-	
synMTS_4_500_hac1	0.074	No mitochondrial presequence	76(MPP)	0.250	35-39,38-42,60-64,64-68,73-77	5-14-high	-	-	-	-	-	8-13	-	-	-	-	-	-	-	7-12	
synMTS_4_501_hac1	0.090	No mitochondrial presequence	94(MPP)	0.266	29-33,34-38,52-56,91-95	20-29-high	-	-	-	-	-	22-27	-	-	-	-	-	-	-	-	
synMTS_4_502_hac1	0.196	No mitochondrial presequence	49(MPP), 50(Icp55)	0.245	15-19,93-97	15-28-high	-	-	-	-	15-20	-	-	-	-	25-30	-	-	-	-	
synMTS_4_503_hac1	0.141	No mitochondrial presequence	65(MPP)	0.231	21-25,37-41,45-49,61-65,93-97	13-25-high	-	-	-	-	-	-	-	-	-	-	-	20-25	-	-	
synMTS_4_504_hac1	0.068	No mitochondrial presequence	86(MPP)	0.233	3-7,63-67,67-71,70-74,79-83,83-87	19-28-high	-	-	-	-	-	-	-	-	-	-	-	-	-	-	
synMTS_4_505_hac1	0.053	No mitochondrial presequence	30(MPP)	0.233	40-44,65-69,95-99	12-21-high	-	9-14	11-16	-	-	-	-	-	-	-	-	-	-	-	
synMTS_4_506_hac1	0.282	No mitochondrial presequence	43(MPP)	0.233	28-32,40-44,87-91	1-10-high	-	-	-	-	-	-	-	4-9	-	3-8	-	-	-	-	
synMTS_4_507_hac1	0.028	No mitochondrial presequence	74(MPP)	0.230	7-11,27-31,48-52,57-61	3-12-high	-	-	-	-	-	-	-	-	-	-	-	-	-	-	
synMTS_4_508_hac1	0.021	No mitochondrial presequence	56(MPP)	0.250	53-57	18-29-high	-	-	-	-	-	-	-	-	-	-	-	-	-	-	
synMTS_4_509_hac1	0.086	No mitochondrial presequence	52(MPP)	0.250	9-13,59-63	7-17-high	-	-	-	-	-	-	-	5-10	-	-	-	-	-	-	
synMTS_4_510_hac1	0.051	No mitochondrial presequence	47(MPP)	0.255	44-48,90-94	21-30-high	-	-	-	-	-	-	-	23-28	-	-	-	-	-	-	
synMTS_4_511_hac1	0.039	No mitochondrial presequence	84(MPP)	0.238	32-36,35-39,39-43,81-85	6-15-high	-	-	-	-	-	-	-	-	-	-	-	-	-	7-12	
synMTS_4_512_hac1	0.077	No mitochondrial presequence	53(MPP)	0.226	4-8,96-100	1-10-high	-	-	-	-	-	12-17	-	-	-	-	-	-	-	11-16	
synMTS_4_513_hac1	0.134	No mitochondrial presequence	21(MPP), 22(Icp55)	0.238	22-26,41-45	10-19-high	-	-	-	-	-	-	-	-	-	-	-	-	-	-	
synMTS_4_514_hac1	0.186	No mitochondrial presequence	93(MPP)	0.247	31-35,61-65,90-94	21-30-high	-	-	-	-	-	-	-	5-10	-	-	-	-	-	25-30	
synMTS_4_515_hac1	0.041	No mitochondrial presequence	52(MPP)	0.250	11-15,40-44,66-70,88-92	5-16-high	-	-	-	-	-	-	-	-	-	-	-	-	-	-	
synMTS_4_516_hac1	0.115	No mitochondrial presequence	49(MPP)	0.245	92-96	3-12-high	-	5-10	-	-	-	3-8	-	-	20-25	-	-	-	-	-	
synMTS_4_517_hac1	0.102	No mitochondrial presequence	79(MPP)	0.228	58-62,63-67,73-77	20-30-high	-	-	-	-	-	-	-	-	19-24	-	-	-	-	-	
synMTS_4_518_hac1	0.062	No mitochondrial presequence	83(MPP)	0.229	3-7,8-12,28-32,37-41,43-47,47-51	21-30-high	-	-	-	-	-	-	-	-	-	-	21-26	-	-	-	
synMTS_4_519_hac1	0.277	No mitochondrial presequence	89(MPP)	0.236	22-26,39-43,64-68,81-85	15-24-high	-	-	-	-	-	-	18-23	-	-	-	-	-	-	17-22	
synMTS_4_520_hac1	0.227	No mitochondrial presequence	42(MPP)	0.238	33-37,86-90	3-12-high	-	-	-	-	-	-	6-11	-	-	-	-	-	-	5-10	
synMTS_4_521_hac1	0.123	No mitochondrial presequence	74(MPP)	0.257	46-50,68-72,71-75	15-24-high	-	-	-	-	-	-	-	-	-	-	-	-	-	-	
synMTS_4_522_hac1	0.006	No mitochondrial presequence	71(MPP)	0.239	34-38	21-30-low	-	-	-	-	-	-	-	-	-	-	-	-	-	-	
synMTS_4_523_hac1	0.036	No mitochondrial presequence	24(MPP)	0.208	16-20,35-39,38-42,41-45	2-11-high	-	-	-	-	-	-	-	-	-	-	-	-	-	-	
synMTS_4_524_hac1	0.060	No mitochondrial presequence	38(MPP)	0.237	6-10,27-31,86-90,90-94,95-99	6-15-high	-	-	-	-	-	-	-	-	-	-	-	-	-	-	
synMTS_4_525_hac1	0.035	No mitochondrial presequence	46(MPP)	0.217	26-30,43-47,89-93	21-30-high	-	-	-	-	-	-	-	-	-	-	-	-	-	-	
synMTS_4_526_hac1	0.050	No mitochondrial presequence	22(MPP)	0.227	18-22,50-54,63-67,88-92	11-22-high	-	25-30	-	-	-	-	-	-	-	-	-	-	-	-	
synMTS_4_527_hac1	0.227	No mitochondrial presequence	64(MPP)	0.250	28-32,58-62	15-24-high	-	-	-	-	-	17-22	-	-	-	16-21	-	-	-	-	
synMTS_4_528_hac1	0.036	No mitochondrial presequence	84(MPP)	0.226	25-29,36-40,59-63,64-68,67-71,76-80	1-10-low	-	9-14	-	-	-	-	-	-	-	-	-	-	-	-	
synMTS_4_529_hac1	0.051	No mitochondrial presequence	48(MPP)	0.229	92-96	8-19-high	-	-	-	-	-	-	-	-	-	-	-	-	-	-	
synMTS_4_530_hac1	0.092	No mitochondrial presequence	28(MPP), 29(Icp55)	0.214	22-26	20-29-high	-	-	-	-	-	-	-	25-30	-	-	-	-	-	-	
synMTS_4_531_hac1	0.034	No mitochondrial presequence	44(MPP)	0.227	15-19,38-42,87-91	9-19-high	-	-	-	-	-	-	-	-	-	-	-	-	-	-	
synMTS_4_532_hac1	0.078	No mitochondrial presequence	62(MPP)	0.242	7-11,16-20,49-53,52-56,56-60	4-13-high	-	-	-	-	-	-	-	-	-	-	-	6-11	-	-	
synMTS_4_533_hac1	0.100	No mitochondrial presequence	37(MPP)	0.243	78-82,90-94	11-20-high	-	16-21	-	-	-	-	-	-	-	-	-	-	-	-	
synMTS_4_534_hac1	0.060	No mitochondrial presequence	87(MPP)	0.241	40-44,57-61,74-78,84-88	17-26-high	-	-	-	-	-	-	-	-	-	-	-	-	-	-	
synMTS_4_535_hac1	0.021	No mitochondrial presequence	60(MPP)	0.217		9-18-low	-	-	-	-	-	-	-	-	-	-	-	-	-	-	
synMTS_4_536_hac1	0.017	No mitochondrial presequence	61(MPP)	0.246		10-19-high	-	-	-	-	-	-	-	-	-	-	-	-	-	-	
synMTS_4_537_hac1	0.078	No mitochondrial presequence	95(MPP)	0.242	22-26,25-29,63-67,68-72	13-22-high	-	-	-	-	22-27,25-30	-	-	-	-	-	-	-	-	-	
synMTS_4_538_hac1	0.231	No mitochondrial presequence	82(MPP)	0.244	22-26,33-37,61-65,74-78	21-30-high	-	-	-	-	-	-	-	-	-	25-30	-	-	-	-	
synMTS_4_539_hac1	0.066	No mitochondrial presequence	44(MPP)	0.227	4-8,53-57,56-60,79-83,87-91	1-10-low	-	-	-	-	-	-	-	-	-	-	-	3-8	4-9	-	
synMTS_4_540_hac1	0.104	No mitochondrial presequence	58(MPP)	0.241	20-24,24-28,44-48	17-28-high	-	-	-	-	-	-	-	-	-	-	-	23-28	-	-	
synMTS_4_541_hac1	0.073	No mitochondrial presequence	89(MPP)	0.258	53-57,56-60,60-64,83-87,87-91	13-22-high	-	-	-	-	-	-	-	-	-	-	-	-	-	-	
synMTS_4_542_hac1	0.085	No mitochondrial presequence	88(MPP)	0.261	22-26,35-39,54-58,60-64,69-73,72-76,77-81	7-16-high	-	-	-	-	22-27	25-30	9-14	-	-	-	-	-	-	-	
synMTS_4_543_hac1	0.078	No mitochondrial presequence	45(MPP)	0.267	17-21,68-72,82-86,89-93,94-98	11-21-high	-	24-29	-	-	-	22-27	-	-	-	21-26	-	16-21	-	-	
synMTS_4_544_hac1	0.066	No mitochondrial presequence	24(MPP)	0.208	12-16,30-34,73-77,86-90	10-19-high	-	-	-	-	-	-	-	-	-	-	-	-	-	-	
synMTS_4_545_hac1	0.104	No mitochondrial presequence	50(MPP)	0.240	7-11,11-15,28-32,46-50,57-61,62-66,65-69,80-84	7-18-high	-	-	-	-	-	-	-	14-19	-	-	-	10-15	7-12	-	
synMTS_4_546_hac1	0.025	No mitochondrial presequence	57(MPP)	0.263	41-45,46-50,50-54	20-29-high	-	-	-	-	-	-	-	-	-	-	-	-	-	-	
synMTS_4_547_hac1	0.065	No mitochondrial presequence	92(MPP)	0.239	8-12,13-17,30-34,38-42,41-45,54-58	13-22-high	-	-	-	-	-	-	-	-	-	-	-	-	-	-	
synMTS_4_548_hac1	0.016	No mitochondrial presequence	22(MPP)	0.227	49-53,52-56,56-60,60-64,67-71,71-75,75-79,95-99	9-18-high	-	-	-	-	-	-	-	-	-	-	-	-	-	-	
synMTS_4_549_hac1	0.075	No mitochondrial presequence	61(MPP)	0.246	15-19,27-31,47-51	13-22-high	-	-	-	-	15-20	-	-	-	-	-	-	-	-	-	
synMTS_4_550_hac1	0.159	No mitochondrial presequence	53(MPP)	0.264	30-34,40-44	4-13-high	-	-	-	-	-	-	5-10	-	-	17-22	-	-	-	-	
synMTS_4_551_hac1	0.125	No mitochondrial presequence	75(MPP), 76(Icp55)	0.253	43-47,71-75,87-91	17-26-high	-	-	-	-	-	-	-	-	-	-	-	-	-	-	
synMTS_4_552_hac1	0.021	No mitochondrial presequence	53(MPP)	0.226	96-100	14-23-high	-	-	-	-	-	-	-	-	-	-	-	-	-	-	
synMTS_4_553_hac1	0.015	No mitochondrial presequence	53(MPP)	0.245	20-24,96-100	20-29-high	-	-	-	-	-	14-19	-	-	-	-	-	-	-	-	
synMTS_4_554_hac1	0.086	No mitochondrial presequence	41(MPP)	0.244	4-8,38-42,70-74	2-11-high	-	-	-	-	-	-	-	-	-	-	-	3-8	-	-	
synMTS_4_555_hac1	0.045	No mitochondrial presequence	82(MPP)	0.256	27-31,66-70	16-25-high	-	-	-	-	-	-	-	-	-	-	-	-	-	-	
synMTS_4_556_hac1	0.063	No mitochondrial presequence	76(MPP)	0.263	30-34,38-42	17-26-high	-	-	-	-	-	-	-	-	-	-	-	-	-	-	
synMTS_4_557_hac1	0.018	No mitochondrial presequence	67(MPP)	0.239	4-8,26-30,31-35,34-38	18-30-high	-	-	-	-	-	-	-	-	-	-	-	-	-	-	
synMTS_4_558_hac1	0.077	No mitochondrial presequence	16(MPP)	0.188	4-8,7-11,10-14,61-65,95-99	5-14-high	-	-	-	-	7-12	-	-	-	2-7	-	1-6	-	-	-	
synMTS_4_559_hac1	0.085	No mitochondrial presequence	45(MPP)	0.244	18-22,35-39,38-42,59-63,77-81	12-21-high	-	-	-	-	-	-	13-18	-	-	-	-	-	-	-	
synMTS_4_560_hac1	0.049	No mitochondrial presequence	79(MPP)	0.253	7-11,10-14	3-12-high	-	-	-	-	-	-	-	-	-	-	-	-	-	-	
synMTS_4_561_hac1	0.114	No mitochondrial presequence	30(MPP)	0.200	8-12,55-59	10-20-high	-	-	-	-	8-13	-	-	-	-	-	-	-	-	-	
synMTS_4_562_hac1	0.040	No mitochondrial presequence	85(MPP)	0.247	12-16,35-39,40-44,44-48	16-25-low	-	-	-	-	-	-	-	-	-	-	-	-	-	-	
synMTS_4_563_hac1	0.061	No mitochondrial presequence	76(MPP)	0.250	53-57,57-61	17-26-high	-	-	-	-	-	-	20-25	-	-	19-24	-	-	-	-	
synMTS_4_564_hac1	0.030	No mitochondrial presequence	39(MPP)	0.231	27-31,31-35,53-57,63-67,86-90	21-30-high	-	-	-	-	-	-	-	-	-	1-6	-	-	-	-	
synMTS_4_565_hac1	0.036	No mitochondrial presequence	69(MPP)	0.246	41-45,66-70	19-30-high	-	-	-	-	-	-	-	-	-	-	-	-	-	-	
synMTS_4_566_hac1	0.070	No mitochondrial presequence	46(MPP)	0.261	11-15,22-26,89-93	8-17-high	-	-	-	-	-	-	-	-	-	-	-	-	22-27	-	
synMTS_4_567_hac1	0.093	No mitochondrial presequence	18(MPP)	0.222	10-14,15-19,37-41,41-45,44-48,68-72,71-75,95-99	15-24-high	-	5-10	-	-	-	3-8	-	-	-	2-7	-	-	-	-	
synMTS_4_568_hac1	0.183	No mitochondrial presequence	52(MPP)	0.269	11-15,95-99	7-16-high	-	-	12-17	-	11-16	-	2-7	-	-	1-6	-	-	-	-	
synMTS_4_569_hac1	0.158	No mitochondrial presequence	54(MPP)	0.259	2-6,16-20,38-42	2-13-high	-	11-16	-	-	16-21	-	-	-	-	-	-	-	-	-	
synMTS_4_570_hac1	0.175	No mitochondrial presequence	55(MPP)	0.255	2-6,12-16,32-36	16-25-high	-	-	-	-	-	-	-	-	-	-	-	-	-	-	
synMTS_4_571_hac1	0.090	No mitochondrial presequence	28(MPP)	0.250	40-44	15-24-high	-	-	-	-	-	-	-	-	-	-	-	-	-	-	
synMTS_4_572_hac1	0.062	No mitochondrial presequence	76(MPP)	0.237	18-22,47-51,70-74,73-77	14-23-high	-	-	-	-	-	-	-	-	-	-	-	-	18-23	-	
synMTS_4_573_hac1	0.077	No mitochondrial presequence	85(MPP)	0.247	46-50,49-53,52-56	17-26-high	-	14-19	-	-	-	-	-	-	-	-	-	-	-	-	
synMTS_4_574_hac1	0.020	No mitochondrial presequence	83(MPP)	0.217	13-17,17-21,27-31,32-36,46-50	5-16-high	-	-	-	-	-	-	-	-	-	-	-	-	-	-	
synMTS_4_575_hac1	0.055	No mitochondrial presequence	74(MPP)	0.203	56-60,61-65,66-70	1-11-low	-	-	-	-	-	-	-	-	-	-	-	-	-	-	
synMTS_4_576_hac1	0.108	No mitochondrial presequence	67(MPP)	0.224	27-31,31-35	1-13-low	-	-	-	-	-	-	9-14	-	-	8-13	-	-	-	-	
synMTS_4_577_hac1	0.354	No mitochondrial presequence	42(MPP)	0.238	2-6,39-43,81-85	2-11-high	-	21-26	-	-	-	-	5-10	-	-	-	-	1-6	-	-	
synMTS_4_578_hac1	0.155	No mitochondrial presequence	73(MPP)	0.233	9-13,27-31	9-18-high	-	-	-	10-15	-	-	-	-	-	-	-	-	-	-	
synMTS_4_579_hac1	0.084	No mitochondrial presequence	24(MPP)	0.250	89-93,92-96	6-17-high	-	-	-	-	-	13-18	-	-	-	-	-	-	-	12-17	
synMTS_4_580_hac1	0.055	No mitochondrial presequence	43(MPP)	0.209	47-51,89-93	18-27-high	-	-	-	-	-	-	-	-	-	-	-	-	-	-	
synMTS_4_581_hac1	0.079	No mitochondrial presequence	5(MPP)	0.000	4-8,64-68	4-14-high	-	-	-	-	-	-	-	-	-	-	-	3-8	-	-	
synMTS_4_582_hac1	0.108	No mitochondrial presequence	58(MPP)	0.241	16-20,51-55	14-23-high	-	-	-	-	-	-	-	-	1-6	-	-	-	-	-	
synMTS_4_583_hac1	0.201	No mitochondrial presequence	53(MPP)	0.245	3-7,33-37,50-54	8-17-high	-	-	-	-	3-8	13-18	-	-	-	-	-	-	-	-	
synMTS_4_584_hac1	0.037	No mitochondrial presequence	35(MPP)	0.229	10-14,20-24,36-40,40-44,52-56	2-14-high	-	-	-	-	-	-	-	-	-	-	-	-	-	-	
synMTS_4_585_hac1	0.125	No mitochondrial presequence	58(MPP)	0.224	18-22,23-27,48-52	12-22-high	-	-	-	-	-	-	-	-	21-26	-	-	-	-	-	
synMTS_4_586_hac1	0.153	No mitochondrial presequence	40(MPP)	0.250	29-33,84-88	16-25-high	-	-	-	-	-	8-13	18-23	-	-	7-12	-	-	-	-	
synMTS_4_587_hac1	0.162	No mitochondrial presequence	41(MPP)	0.244	5-9	1-10-high	-	-	-	-	-	-	-	-	-	-	-	-	-	-	
synMTS_4_588_hac1	0.089	No mitochondrial presequence	95(MPP)	0.158	4-8,28-32,86-90	21-30-low	-	-	-	-	-	-	23-28	-	-	22-27	-	-	-	-	
synMTS_4_589_hac1	0.056	No mitochondrial presequence	58(MPP)	0.259	2-6,14-18,21-25	11-20-high	-	-	-	-	2-7	-	-	-	-	-	-	-	-	-	
synMTS_4_590_hac1	0.049	No mitochondrial presequence	63(MPP)	0.254	46-50	9-18-high	-	-	-	-	-	-	-	-	-	2-7	-	-	-	-	
synMTS_4_591_hac1	0.055	No mitochondrial presequence	48(MPP)	0.229	92-96	20-29-high	-	-	-	-	-	-	-	-	-	-	-	-	-	-	
synMTS_4_592_hac1	0.060	No mitochondrial presequence	93(MPP)	0.258	25-29,29-33,63-67,82-86	13-22-high	-	-	-	-	-	-	-	-	-	-	-	-	-	-	
synMTS_4_593_hac1	0.109	No mitochondrial presequence	32(MPP)	0.219	7-11,17-21,20-24,56-60,68-72,92-96	17-26-high	-	-	-	-	17-22	-	-	-	-	-	-	-	-	-	
synMTS_4_594_hac1	0.092	No mitochondrial presequence	48(MPP)	0.229	54-58,58-62,77-81,81-85,91-95	1-13-low	-	-	-	-	-	-	8-13	-	-	7-12	-	-	-	-	
synMTS_4_595_hac1	0.213	No mitochondrial presequence	34(MPP)	0.235	69-73	13-22-high	-	-	-	-	-	-	4-9	-	-	-	-	-	-	3-8	
synMTS_4_596_hac1	0.016	No mitochondrial presequence	72(MPP)	0.236	39-43,59-63,64-68	21-30-high	-	-	-	-	-	-	-	-	-	-	-	-	-	-	
synMTS_4_597_hac1	0.013	No mitochondrial presequence	46(MPP)	0.217	34-38,89-93	4-13-low	-	-	-	-	-	-	-	-	-	-	-	-	-	-	
synMTS_4_598_hac1	0.083	No mitochondrial presequence	45(MPP)	0.222	17-21,60-64,78-82,93-97	13-22-high	-	-	-	-	17-22	-	-	-	-	-	-	-	-	-	
synMTS_4_599_hac1	0.139	No mitochondrial presequence	23(MPP), 24(Icp55)	0.217	11-15,14-18,86-90,90-94	9-18-high	-	-	-	8-13	-	-	-	-	-	1-6	-	-	-	-	
synMTS_4_600_hac1	0.116	No mitochondrial presequence	70(MPP)	0.257	2-6,67-71	19-28-high	-	-	-	-	2-7	21-26	-	-	-	-	-	-	-	-	
synMTS_5_401_hac1	0.003	No mitochondrial presequence	49(MPP)	-0.184	93-97	11-20-low	-	-	-	-	-	-	-	-	-	-	-	-	-	-	
synMTS_5_402_hac1	0.000	No mitochondrial presequence	69(MPP)	-0.217		17-26-low	-	-	-	-	-	-	-	-	-	-	-	-	-	-	
synMTS_5_403_hac1	0.001	No mitochondrial presequence	59(MPP)	-0.203	56-60	10-19-low	-	-	-	-	-	-	-	-	-	-	-	-	-	-	
synMTS_5_404_hac1	0.001	No mitochondrial presequence	75(MPP)	-0.213	72-76	17-26-low	-	-	-	-	-	-	-	-	-	-	-	-	-	-	
synMTS_5_405_hac1	0.000	No mitochondrial presequence	70(MPP)	-0.186		21-30-low	-	-	-	-	-	-	-	-	-	-	-	-	-	-	
synMTS_5_406_hac1	0.002	No mitochondrial presequence	58(MPP)	-0.207		4-16-low	-	-	-	-	-	-	-	-	-	-	-	-	-	-	
synMTS_5_407_hac1	0.006	No mitochondrial presequence	45(MPP)	-0.156	43-47,89-93	14-27-low	-	-	-	-	-	-	-	-	-	-	-	-	-	-	
synMTS_5_408_hac1	0.000	No mitochondrial presequence	14(MPP), 15(Icp55)	-0.214		18-27-low	-	-	-	-	-	-	-	-	-	-	-	-	-	-	
synMTS_5_409_hac1	0.001	No mitochondrial presequence	43(MPP)	-0.186	87-91	15-26-low	-	-	-	-	-	-	-	-	-	-	-	-	-	-	
synMTS_5_410_hac1	0.000	No mitochondrial presequence	36(MPP)	-0.250		4-14-low	-	-	-	-	-	-	-	-	-	-	-	-	-	-	
synMTS_5_411_hac1	0.000	No mitochondrial presequence	45(MPP)	-0.200	88-92	7-16-low	-	-	-	-	-	-	-	-	-	-	-	-	-	-	
synMTS_5_412_hac1	0.000	No mitochondrial presequence	89(MPP)	-0.247	49-53	14-23-low	-	-	-	-	-	-	-	-	-	-	-	-	-	-	
synMTS_5_413_hac1	0.011	No mitochondrial presequence	90(MPP)	-0.211	87-91	8-17-low	-	-	-	-	-	-	-	-	-	-	-	-	-	-	
synMTS_5_414_hac1	0.000	No mitochondrial presequence	10(MPP)	-0.200		21-30-low	-	-	-	-	-	-	-	-	-	-	-	-	-	-	
synMTS_5_415_hac1	0.015	No mitochondrial presequence	47(MPP)	-0.191	91-95	13-22-low	-	-	-	-	-	-	-	-	-	-	-	-	-	-	
synMTS_5_416_hac1	0.006	No mitochondrial presequence	59(MPP)	-0.203	56-60	15-24-low	-	-	-	-	-	-	-	-	-	-	-	-	-	-	
synMTS_5_417_hac1	0.001	No mitochondrial presequence	57(MPP)	-0.211	54-58	12-22-low	-	-	-	-	-	-	-	-	-	-	-	-	-	-	
synMTS_5_418_hac1	0.000	No mitochondrial presequence	12(MPP)	-0.250		13-22-low	-	-	-	-	-	-	-	-	-	-	-	-	-	-	
synMTS_5_419_hac1	0.000	No mitochondrial presequence	10(MPP)	-0.200		11-20-low	-	-	-	-	-	-	-	-	-	-	-	-	-	-	
synMTS_5_420_hac1	0.017	No mitochondrial presequence	68(MPP)	-0.206		14-25-low	-	-	-	-	-	-	-	-	-	-	-	-	-	-	
synMTS_5_421_hac1	0.001	No mitochondrial presequence	60(MPP)	-0.217		17-26-low	-	-	-	-	-	-	-	-	-	-	-	-	-	-	
synMTS_5_422_hac1	0.003	No mitochondrial presequence	90(MPP)	-0.233	88-92	15-24-low	-	-	-	-	-	-	-	-	-	-	-	-	-	-	
synMTS_5_423_hac1	0.000	No mitochondrial presequence	75(MPP)	-0.213	9-13	13-22-low	-	-	-	-	-	-	-	-	-	-	-	-	-	-	
synMTS_5_424_hac1	0.009	No mitochondrial presequence	39(MPP)	-0.256		14-23-low	-	-	-	-	-	-	-	-	-	-	-	-	-	-	
synMTS_5_425_hac1	0.000	No mitochondrial presequence	10(MPP)	-0.200		20-29-low	-	-	-	-	-	-	-	-	-	-	-	-	-	-	
synMTS_5_426_hac1	0.001	No mitochondrial presequence	16(MPP)	-0.250		12-21-low	-	-	-	-	-	-	-	-	-	-	-	-	-	-	
synMTS_5_427_hac1	0.002	No mitochondrial presequence	47(MPP)	-0.191	91-95	1-10-low	-	-	-	-	-	-	-	-	-	-	-	-	-	-	
synMTS_5_428_hac1	0.001	No mitochondrial presequence	95(MPP)	-0.232		2-11-low	-	-	-	-	-	-	-	-	-	-	-	-	-	-	
synMTS_5_429_hac1	0.000	No mitochondrial presequence	85(MPP)	-0.212	82-86	12-21-low	-	-	-	-	-	-	-	-	-	-	-	-	-	-	
synMTS_5_430_hac1	0.004	No mitochondrial presequence	59(MPP)	-0.203	56-60	2-11-low	-	-	-	-	-	-	-	-	-	-	-	-	-	-	
synMTS_5_431_hac1	0.000	No mitochondrial presequence	25(MPP)	-0.240		20-29-low	-	-	-	-	-	-	-	-	-	-	-	-	-	-	
synMTS_5_432_hac1	0.005	No mitochondrial presequence	90(MPP)	-0.211		10-20-low	-	-	-	-	-	-	-	-	-	-	-	-	-	-	
synMTS_5_433_hac1	0.012	No mitochondrial presequence	40(MPP)	-0.200	37-41,84-88	16-25-low	-	-	-	-	-	-	-	-	-	-	-	-	-	-	
synMTS_5_434_hac1	0.001	No mitochondrial presequence	30(MPP), 31(Icp55)	-0.267		16-25-low	-	-	-	-	-	-	-	-	-	-	-	-	-	-	
synMTS_5_435_hac1	0.001	No mitochondrial presequence	58(MPP)	-0.224		13-22-low	-	-	-	-	-	-	-	-	-	-	-	-	-	-	
synMTS_5_436_hac1	0.003	No mitochondrial presequence	41(MPP)	-0.195	85-89	18-27-low	-	-	-	-	-	-	-	-	-	-	-	-	-	-	
synMTS_5_437_hac1	0.009	No mitochondrial presequence	55(MPP)	-0.218	52-56	5-14-low	-	-	-	-	-	-	-	-	-	-	-	-	-	-	
synMTS_5_438_hac1	0.001	No mitochondrial presequence	45(MPP)	-0.200	88-92	5-16-low	-	-	-	-	-	-	-	-	-	-	-	-	-	-	
synMTS_5_439_hac1	0.009	No mitochondrial presequence	11(MPP)	-0.182		14-23-low	-	-	-	-	-	-	-	-	-	-	-	-	-	-	
synMTS_5_440_hac1	0.003	No mitochondrial presequence	43(MPP)	-0.163	87-91	10-19-low	-	-	-	-	-	-	-	-	-	-	-	-	-	-	
synMTS_5_441_hac1	0.000	No mitochondrial presequence	60(MPP)	-0.200		19-28-low	-	-	-	-	-	-	-	-	-	-	-	-	-	-	
synMTS_5_442_hac1	0.002	No mitochondrial presequence	24(MPP)	-0.250		5-14-low	-	-	-	-	-	-	-	-	-	-	-	-	-	-	
synMTS_5_443_hac1	0.003	No mitochondrial presequence	72(MPP)	-0.222		2-13-low	-	-	-	-	-	-	-	-	-	-	-	-	-	-	
synMTS_5_444_hac1	0.001	No mitochondrial presequence	26(MPP)	-0.231		7-17-low	-	-	-	-	-	-	-	-	-	-	-	-	-	-	
synMTS_5_445_hac1	0.002	No mitochondrial presequence	65(MPP)	-0.200		19-28-low	-	-	-	-	-	-	-	-	-	-	-	-	-	-	
synMTS_5_446_hac1	0.000	No mitochondrial presequence	61(MPP)	-0.213	28-32	12-21-low	-	-	-	-	-	-	-	-	-	-	-	-	-	-	
synMTS_5_447_hac1	0.002	No mitochondrial presequence	65(MPP)	-0.200		20-29-low	-	-	-	-	-	-	-	-	-	-	-	-	-	-	
synMTS_5_448_hac1	0.001	No mitochondrial presequence	85(MPP)	-0.224		9-18-low	-	-	-	-	-	-	-	-	-	-	-	-	-	-	
synMTS_5_449_hac1	0.002	No mitochondrial presequence	85(MPP)	-0.235		17-30-low	-	-	-	-	-	-	-	-	-	-	-	-	-	-	
synMTS_5_450_hac1	0.000	No mitochondrial presequence	74(MPP)	-0.216		5-14-low	-	-	-	-	-	-	-	-	-	-	-	-	-	-	
synMTS_5_451_hac1	0.003	No mitochondrial presequence	70(MPP)	-0.214	64-68,67-71	7-17-low	-	-	-	-	-	-	-	-	-	-	-	-	-	-	
synMTS_5_452_hac1	0.005	No mitochondrial presequence	89(MPP)	-0.236	1-5,86-90	12-21-low	-	-	-	-	-	-	-	-	-	-	-	-	-	-	
synMTS_5_453_hac1	0.000	No mitochondrial presequence	51(MPP)	-0.196	94-98	9-18-low	-	-	-	-	-	-	-	-	-	-	-	-	-	-	
synMTS_5_454_hac1	0.000	No mitochondrial presequence	74(MPP)	-0.257		14-23-low	-	-	-	-	-	-	-	-	-	-	-	-	-	-	
synMTS_5_455_hac1	0.000	No mitochondrial presequence	56(MPP)	-0.179		8-17-low	-	-	-	-	-	-	-	-	-	-	-	-	-	-	
synMTS_5_456_hac1	0.003	No mitochondrial presequence	43(MPP)	-0.186	86-90	20-29-low	-	-	-	-	-	-	-	-	-	-	-	-	-	-	
synMTS_5_457_hac1	0.000	No mitochondrial presequence	56(MPP)	-0.196		9-18-low	-	-	-	-	-	-	-	-	-	-	-	-	-	-	
synMTS_5_458_hac1	0.000	No mitochondrial presequence	47(MPP)	-0.191	91-95	8-17-low	-	-	-	-	-	-	-	-	-	-	-	-	-	-	
synMTS_5_459_hac1	0.002	No mitochondrial presequence	56(MPP)	-0.214	53-57	4-13-low	-	-	-	-	-	-	-	-	-	-	-	-	-	-	
synMTS_5_460_hac1	0.005	No mitochondrial presequence	84(MPP)	-0.226		21-30-low	-	-	-	-	-	-	-	-	-	-	-	-	-	-	
synMTS_5_461_hac1	0.000	No mitochondrial presequence	89(MPP)	-0.247		15-24-low	-	-	-	-	-	-	-	-	-	-	-	-	-	-	
synMTS_5_462_hac1	0.001	No mitochondrial presequence	81(MPP)	-0.222		3-12-low	-	-	-	-	-	-	-	-	-	-	-	-	-	-	
synMTS_5_463_hac1	0.003	No mitochondrial presequence	66(MPP)	-0.197		12-23-low	-	-	-	-	-	-	-	-	-	-	-	-	-	-	
synMTS_5_464_hac1	0.006	No mitochondrial presequence	68(MPP)	-0.206	66-70	1-12-low	-	-	-	-	-	-	-	-	-	-	-	-	-	-	
synMTS_5_465_hac1	0.002	No mitochondrial presequence	90(MPP)	-0.233		21-30-low	-	-	-	-	-	-	-	-	-	-	-	-	-	-	
synMTS_5_466_hac1	0.001	No mitochondrial presequence	62(MPP)	-0.210		11-20-low	-	-	-	-	-	-	-	-	-	-	-	-	-	-	
synMTS_5_467_hac1	0.000	No mitochondrial presequence	42(MPP)	-0.238		8-17-low	-	-	-	-	-	-	-	-	-	-	-	-	-	-	
synMTS_5_468_hac1	0.004	No mitochondrial presequence	84(MPP)	-0.238		3-14-low	-	-	-	-	-	-	-	-	-	-	-	-	-	-	
synMTS_5_469_hac1	0.000	No mitochondrial presequence	91(MPP)	-0.242	88-92	18-27-low	-	-	-	-	-	-	-	-	-	-	-	-	-	-	
synMTS_5_470_hac1	0.000	No mitochondrial presequence	47(MPP)	-0.191	44-48,90-94	1-10-high	-	-	-	-	-	-	-	-	-	-	-	-	-	-	
synMTS_5_471_hac1	0.000	No mitochondrial presequence	35(MPP)	-0.257		18-27-low	-	-	-	-	-	-	-	-	-	-	-	-	-	-	
synMTS_5_472_hac1	0.000	No mitochondrial presequence	77(MPP)	-0.221		4-14-low	-	-	-	-	-	-	-	-	-	-	-	-	-	-	
synMTS_5_473_hac1	0.001	No mitochondrial presequence	69(MPP)	-0.203		16-25-low	-	-	-	-	-	-	-	-	-	-	-	-	-	-	
synMTS_5_474_hac1	0.001	No mitochondrial presequence	76(MPP)	-0.237	96-100	20-29-low	-	-	-	-	-	-	-	-	-	-	-	-	-	-	
synMTS_5_475_hac1	0.001	No mitochondrial presequence	57(MPP)	-0.211		2-11-low	-	-	-	-	-	-	-	-	-	-	-	-	-	-	
synMTS_5_476_hac1	0.001	No mitochondrial presequence	95(MPP)	-0.232		20-29-low	-	-	-	-	-	-	-	-	-	-	-	-	-	-	
synMTS_5_477_hac1	0.001	No mitochondrial presequence	75(MPP)	-0.213		20-29-low	-	-	-	-	-	-	-	-	-	-	-	-	-	-	
synMTS_5_478_hac1	0.000	No mitochondrial presequence	53(MPP)	-0.226	96-100	1-11-low	-	-	-	-	-	-	-	-	-	-	-	-	-	-	
synMTS_5_479_hac1	0.007	No mitochondrial presequence	86(MPP)	-0.221	10-14	9-18-low	-	-	-	-	-	-	-	-	-	-	-	-	-	-	
synMTS_5_480_hac1	0.000	No mitochondrial presequence	49(MPP), 50(Icp55)	-0.245		3-12-low	-	-	-	-	-	-	-	-	-	-	-	-	-	-	
synMTS_5_481_hac1	0.000	No mitochondrial presequence	58(MPP)	-0.207		3-12-low	-	-	-	-	-	-	-	-	-	-	-	-	-	-	
synMTS_5_482_hac1	0.011	No mitochondrial presequence	51(MPP)	-0.196	94-98	7-16-low	-	-	-	-	-	-	-	-	-	-	-	-	-	-	
synMTS_5_483_hac1	0.003	No mitochondrial presequence	90(MPP)	-0.222		13-25-low	-	-	-	-	-	-	-	-	-	-	-	-	-	-	
synMTS_5_484_hac1	0.000	No mitochondrial presequence	61(MPP)	-0.213	58-62	1-11-low	-	-	-	-	-	-	-	-	-	-	-	-	-	-	
synMTS_5_485_hac1	0.001	No mitochondrial presequence	61(MPP)	-0.230		14-25-low	-	-	-	-	-	-	-	-	-	-	-	-	-	-	
synMTS_5_486_hac1	0.004	No mitochondrial presequence	78(MPP)	-0.231		9-18-low	-	-	-	-	-	-	-	-	-	-	-	-	-	-	
synMTS_5_487_hac1	0.006	No mitochondrial presequence	46(MPP)	-0.174	43-47,90-94	21-30-low	-	-	-	-	-	-	-	-	-	-	-	-	-	-	
synMTS_5_488_hac1	0.001	No mitochondrial presequence	45(MPP)	-0.178	88-92	5-14-low	-	-	-	-	-	-	-	-	-	-	-	-	-	-	
synMTS_5_489_hac1	0.005	No mitochondrial presequence	63(MPP)	-0.222		17-26-low	-	-	-	-	-	-	-	-	-	-	-	-	-	-	
synMTS_5_490_hac1	0.001	No mitochondrial presequence	58(MPP)	-0.224	55-59	21-30-low	-	-	-	-	-	-	-	-	-	-	-	-	-	-	
synMTS_5_491_hac1	0.000	No mitochondrial presequence	82(MPP)	-0.220		19-30-low	-	-	-	-	-	-	-	-	-	-	-	-	-	-	
synMTS_5_492_hac1	0.001	No mitochondrial presequence	10(MPP)	-0.200		21-30-low	-	-	-	-	-	-	-	-	-	-	-	-	-	-	
synMTS_5_493_hac1	0.001	No mitochondrial presequence	26(MPP)	-0.269		1-12-low	-	-	-	-	-	-	-	-	-	-	-	-	-	-	
synMTS_5_494_hac1	0.003	No mitochondrial presequence	55(MPP)	-0.236		19-28-low	-	-	-	-	-	-	-	-	-	-	-	-	-	-	
synMTS_5_495_hac1	0.001	No mitochondrial presequence	80(MPP)	-0.250		11-21-low	-	-	-	-	-	-	-	-	-	-	-	-	-	-	
synMTS_5_496_hac1	0.000	No mitochondrial presequence	86(MPP)	-0.267	95-99	11-21-low	-	-	-	-	-	-	-	-	-	-	-	-	-	-	
synMTS_5_497_hac1	0.001	No mitochondrial presequence	7(MPP)	-0.143		4-13-low	-	-	-	-	-	-	-	-	-	-	-	-	-	-	
synMTS_5_498_hac1	0.000	No mitochondrial presequence	19(MPP)	-0.263		11-20-low	-	-	-	-	-	-	-	-	-	-	-	-	-	-	
synMTS_5_499_hac1	0.005	No mitochondrial presequence	46(MPP)	-0.196	43-47,90-94	8-21-low	-	-	-	-	-	-	-	-	-	-	-	-	-	-	
synMTS_5_500_hac1	0.000	No mitochondrial presequence	94(MPP)	-0.234	58-62	17-26-low	-	-	-	-	-	-	-	-	-	-	-	-	-	-	
synMTS_5_501_hac1	0.001	No mitochondrial presequence	58(MPP)	-0.207	55-59	9-18-low	-	-	-	-	-	-	-	-	-	-	-	-	-	-	
synMTS_5_502_hac1	0.002	No mitochondrial presequence	60(MPP)	-0.250	4-8	3-13-low	-	-	-	-	-	-	-	-	-	-	-	-	-	-	
synMTS_5_503_hac1	0.022	No mitochondrial presequence	41(MPP)	-0.171	84-88	5-14-low	-	-	-	-	-	-	-	-	-	-	-	-	-	-	
synMTS_5_504_hac1	0.002	No mitochondrial presequence	48(MPP)	-0.208	45-49,92-96	10-23-low	-	-	-	-	-	-	-	-	-	-	-	-	-	-	
synMTS_5_505_hac1	0.001	No mitochondrial presequence	91(MPP)	-0.242		18-29-low	-	-	-	-	-	-	-	-	-	-	-	-	-	-	
synMTS_5_506_hac1	0.000	No mitochondrial presequence	57(MPP)	-0.193		21-30-low	-	-	-	-	-	-	-	-	-	-	-	-	-	-	
synMTS_5_507_hac1	0.001	No mitochondrial presequence	56(MPP)	-0.214		12-21-low	-	-	-	-	-	-	-	-	-	-	-	-	-	-	
synMTS_5_508_hac1	0.001	No mitochondrial presequence	65(MPP)	-0.215		8-17-low	-	-	-	-	-	-	-	-	-	-	-	-	-	-	
synMTS_5_509_hac1	0.000	No mitochondrial presequence	9(MPP)	-0.222		11-20-low	-	-	-	-	-	-	-	-	-	-	-	-	-	-	
synMTS_5_510_hac1	0.000	No mitochondrial presequence	83(MPP)	-0.229		12-21-low	-	-	-	-	-	-	-	-	-	-	-	-	-	-	
synMTS_5_511_hac1	0.001	No mitochondrial presequence	75(MPP)	-0.213		16-25-low	-	-	-	-	-	-	-	-	-	-	-	-	-	-	
synMTS_5_512_hac1	0.001	No mitochondrial presequence	57(MPP)	-0.263		4-15-low	-	-	-	-	-	-	-	-	-	-	-	-	-	-	
synMTS_5_513_hac1	0.002	No mitochondrial presequence	39(MPP)	-0.231		12-21-low	-	-	-	-	-	-	-	-	-	-	-	-	-	-	
synMTS_5_514_hac1	0.001	No mitochondrial presequence	60(MPP)	-0.183	57-61	12-21-low	-	-	-	-	-	-	-	-	-	-	-	-	-	-	
synMTS_5_515_hac1	0.004	No mitochondrial presequence	53(MPP)	-0.208	50-54	14-23-low	-	-	-	-	-	-	-	-	-	-	-	-	-	-	
synMTS_5_516_hac1	0.005	No mitochondrial presequence	80(MPP)	-0.250	22-26,58-62	20-29-low	-	-	-	-	-	-	-	-	-	-	-	-	-	-	
synMTS_5_517_hac1	0.003	No mitochondrial presequence	75(MPP)	-0.227	72-76	3-13-low	-	-	-	-	-	-	-	-	-	-	-	-	-	-	
synMTS_5_518_hac1	0.019	No mitochondrial presequence	84(MPP)	-0.226	26-30,81-85	20-29-low	-	-	-	-	-	-	-	-	-	-	-	-	-	-	
synMTS_5_519_hac1	0.001	No mitochondrial presequence	63(MPP)	-0.190		5-14-low	-	-	-	-	-	-	-	-	-	-	-	-	-	-	
synMTS_5_520_hac1	0.003	No mitochondrial presequence	95(MPP)	-0.032	86-90	12-22-low	-	-	-	-	-	-	-	-	-	-	-	-	-	-	
synMTS_5_521_hac1	0.001	No mitochondrial presequence	64(MPP)	-0.219		20-29-low	-	-	-	-	-	-	-	-	-	-	-	-	-	-	
synMTS_5_522_hac1	0.002	No mitochondrial presequence	91(MPP)	-0.209	88-92	11-20-low	-	-	-	-	-	-	-	-	-	-	-	-	-	-	
synMTS_5_523_hac1	0.014	No mitochondrial presequence	46(MPP)	-0.196	43-47,89-93	11-22-low	-	-	-	-	-	-	-	-	-	-	-	-	-	-	
synMTS_5_524_hac1	0.001	No mitochondrial presequence	22(MPP)	-0.227	16-20	16-27-low	-	-	-	-	-	-	-	-	-	-	-	-	-	-	
synMTS_5_525_hac1	0.000	No mitochondrial presequence	57(MPP)	-0.228		3-12-low	-	-	-	-	-	-	-	-	-	-	-	-	-	-	
synMTS_5_526_hac1	0.003	No mitochondrial presequence	58(MPP)	-0.224		16-25-low	-	-	-	-	-	-	-	-	-	-	-	-	-	-	
synMTS_5_527_hac1	0.001	No mitochondrial presequence	93(MPP)	-0.237		12-24-low	-	-	-	-	-	-	-	-	-	-	-	-	-	-	
synMTS_5_528_hac1	0.000	No mitochondrial presequence	94(MPP)	-0.213		11-20-low	-	-	-	-	-	-	-	-	-	-	-	-	-	-	
synMTS_5_529_hac1	0.010	No mitochondrial presequence	76(MPP)	-0.211		13-22-low	-	-	-	-	-	-	-	-	-	-	-	-	-	-	
synMTS_5_530_hac1	0.000	No mitochondrial presequence	17(MPP)	-0.235		18-27-low	-	-	-	-	-	-	-	-	-	-	-	-	-	-	
synMTS_5_531_hac1	0.000	No mitochondrial presequence	74(MPP)	-0.216		4-15-low	-	-	-	-	-	-	-	-	-	-	-	-	-	-	
synMTS_5_532_hac1	0.001	No mitochondrial presequence	12(MPP), 13(Icp55)	-0.167		16-29-low	-	-	-	-	-	-	-	-	-	-	-	-	-	-	
synMTS_5_533_hac1	0.003	No mitochondrial presequence	92(MPP)	-0.217	42-46,89-93	4-15-low	-	-	-	-	-	-	-	-	-	-	-	-	-	-	
synMTS_5_534_hac1	0.002	No mitochondrial presequence	50(MPP)	-0.180	94-98	12-21-low	-	-	-	-	-	-	-	-	-	-	-	-	-	-	
synMTS_5_535_hac1	0.002	No mitochondrial presequence	64(MPP)	-0.234	61-65	6-15-low	-	-	-	-	-	-	-	-	-	-	-	-	-	-	
synMTS_5_536_hac1	0.002	No mitochondrial presequence	69(MPP)	-0.203		11-20-low	-	-	-	-	-	-	-	-	-	-	-	-	-	-	
synMTS_5_537_hac1	0.010	No mitochondrial presequence	41(MPP)	-0.171	85-89	1-10-low	-	-	-	-	-	-	-	-	-	-	-	-	-	-	
synMTS_5_538_hac1	0.000	No mitochondrial presequence	15(MPP)	-0.200		18-27-low	-	-	-	-	-	-	-	-	-	-	-	-	-	-	
synMTS_5_539_hac1	0.008	No mitochondrial presequence	64(MPP)	-0.203	61-65	18-29-low	-	-	-	-	-	-	-	-	-	-	-	-	-	-	
synMTS_5_540_hac1	0.000	No mitochondrial presequence	82(MPP)	-0.220	28-32	19-29-low	-	-	-	-	-	-	-	-	-	-	-	-	-	-	
synMTS_5_541_hac1	0.001	No mitochondrial presequence	88(MPP)	-0.205		18-27-low	-	-	-	-	-	-	-	-	-	-	-	-	-	-	
synMTS_5_542_hac1	0.000	No mitochondrial presequence	29(MPP)	-0.241		11-23-low	-	-	-	-	-	-	-	-	-	-	-	-	-	-	
synMTS_5_543_hac1	0.003	No mitochondrial presequence	58(MPP)	-0.241		17-26-low	-	-	-	-	-	-	-	-	-	-	-	-	-	-	
synMTS_5_544_hac1	0.000	No mitochondrial presequence	20(MPP), 28(Oct1)	-0.200	36-40	4-13-low	-	-	-	-	-	-	-	-	-	-	-	-	-	-	
synMTS_5_545_hac1	0.000	No mitochondrial presequence	20(MPP)	-0.250	80-84	10-19-low	-	-	-	-	-	-	-	-	-	-	-	-	-	-	
synMTS_5_546_hac1	0.001	No mitochondrial presequence	80(MPP)	-0.212		14-23-low	-	-	-	-	-	-	-	-	-	-	-	-	-	-	
synMTS_5_547_hac1	0.002	No mitochondrial presequence	29(MPP)	-0.276		5-14-low	-	-	-	-	-	-	-	-	-	-	-	-	-	-	
synMTS_5_548_hac1	0.000	No mitochondrial presequence	52(MPP)	-0.212	95-99	21-30-low	-	-	-	-	-	-	-	-	-	-	-	-	-	-	
synMTS_5_549_hac1	0.008	No mitochondrial presequence	81(MPP)	-0.222		13-22-low	-	-	-	-	-	-	-	-	-	-	-	-	-	-	
synMTS_5_550_hac1	0.000	No mitochondrial presequence	6(MPP)	-0.167		10-19-low	-	-	-	-	-	-	-	-	-	-	-	-	-	-	
synMTS_5_551_hac1	0.000	No mitochondrial presequence	90(MPP)	-0.222	87-91	18-27-low	-	-	-	-	-	-	-	-	-	-	-	-	-	-	
synMTS_5_552_hac1	0.000	No mitochondrial presequence	64(MPP)	-0.250		8-19-low	-	-	-	-	-	-	-	-	-	-	-	-	-	-	
synMTS_5_553_hac1	0.000	No mitochondrial presequence	54(MPP)	-0.259	49-53	17-26-low	-	-	-	-	-	-	-	-	-	-	-	-	-	-	
synMTS_5_554_hac1	0.001	No mitochondrial presequence	33(MPP), 34(Icp55)	-0.212	51-55	1-12-low	-	-	-	-	-	-	-	-	-	-	-	-	-	-	
synMTS_5_555_hac1	0.004	No mitochondrial presequence	92(MPP)	-0.217	89-93	17-29-low	-	-	-	-	-	-	-	-	-	-	-	-	-	-	
synMTS_5_556_hac1	0.001	No mitochondrial presequence	90(MPP)	-0.222		10-19-low	-	-	-	-	-	-	-	-	-	-	-	-	-	-	
synMTS_5_557_hac1	0.001	No mitochondrial presequence	71(MPP)	-0.211		3-12-low	-	-	-	-	-	-	-	-	-	-	-	-	-	-	
synMTS_5_558_hac1	0.000	No mitochondrial presequence	90(MPP)	-0.222	88-92	4-15-low	-	-	-	-	-	-	-	-	-	-	-	-	-	-	
synMTS_5_559_hac1	0.000	No mitochondrial presequence	39(MPP), 40(Icp55)	-0.256		7-18-low	-	-	-	-	-	-	-	-	-	-	-	-	-	-	
synMTS_5_560_hac1	0.005	No mitochondrial presequence	42(MPP)	-0.190	86-90	10-19-low	-	-	-	-	-	-	-	-	-	-	-	-	-	-	
synMTS_5_561_hac1	0.003	No mitochondrial presequence	88(MPP)	-0.216	76-80	4-15-low	-	-	-	-	-	-	-	-	-	-	-	-	-	-	
synMTS_5_562_hac1	0.000	No mitochondrial presequence	18(MPP)	-0.222		16-25-low	-	-	-	-	-	-	-	-	-	-	-	-	-	-	
synMTS_5_563_hac1	0.000	No mitochondrial presequence	17(MPP)	-0.235		10-21-low	-	-	-	-	-	-	-	-	-	-	-	-	-	-	
synMTS_5_564_hac1	0.002	No mitochondrial presequence	63(MPP)	-0.206	60-64	13-22-low	-	-	-	-	-	-	-	-	-	-	-	-	-	-	
synMTS_5_565_hac1	0.004	No mitochondrial presequence	69(MPP)	-0.217		12-21-low	-	-	-	-	-	-	-	-	-	-	-	-	-	-	
synMTS_5_566_hac1	0.001	No mitochondrial presequence	83(MPP)	-0.217		19-28-low	-	-	-	-	-	-	-	-	-	-	-	-	-	-	
synMTS_5_567_hac1	0.002	No mitochondrial presequence	87(MPP)	-0.218	85-89	19-28-low	-	-	-	-	-	-	-	-	-	-	-	-	-	-	
synMTS_5_568_hac1	0.000	No mitochondrial presequence	7(MPP)	-0.143		4-13-low	-	-	-	-	-	-	-	-	-	-	-	-	-	-	
synMTS_5_569_hac1	0.000	No mitochondrial presequence	56(MPP)	-0.214		16-25-low	-	-	-	-	-	-	-	-	-	-	-	-	-	-	
synMTS_5_570_hac1	0.009	No mitochondrial presequence	70(MPP)	-0.214	29-33	4-13-low	-	-	-	-	-	-	-	-	-	-	-	-	-	-	
synMTS_5_571_hac1	0.000	No mitochondrial presequence	70(MPP)	-0.229		2-11-low	-	-	-	-	-	-	-	-	-	-	-	-	-	-	
synMTS_5_572_hac1	0.003	No mitochondrial presequence	74(MPP)	-0.230	71-75	9-18-low	-	-	-	-	-	-	-	-	-	-	-	-	-	-	
synMTS_5_573_hac1	0.000	No mitochondrial presequence	7(MPP)	-0.143		14-23-low	-	-	-	-	-	-	-	-	-	-	-	-	-	-	
synMTS_5_574_hac1	0.000	No mitochondrial presequence	4(MPP)	-0.250	61-65	2-11-low	-	-	-	-	-	-	-	-	-	-	-	-	-	-	
synMTS_5_575_hac1	0.000	No mitochondrial presequence	52(MPP)	-0.192	49-53,96-100	10-21-low	-	-	-	-	-	-	-	-	-	-	-	-	-	-	
synMTS_5_576_hac1	0.002	No mitochondrial presequence	22(MPP)	-0.227		6-15-low	-	-	-	-	-	-	-	-	-	-	-	-	-	-	
synMTS_5_577_hac1	0.014	No mitochondrial presequence	49(MPP)	-0.204	92-96	6-15-low	-	-	-	-	-	-	-	-	-	-	-	-	-	-	
synMTS_5_578_hac1	0.000	No mitochondrial presequence	7(MPP)	-0.143	95-99	17-26-low	-	-	-	-	-	-	-	-	-	-	-	-	-	-	
synMTS_5_579_hac1	0.000	No mitochondrial presequence	22(MPP)	-0.227		18-27-low	-	-	-	-	-	-	-	-	-	-	-	-	-	-	
synMTS_5_580_hac1	0.004	No mitochondrial presequence	80(MPP)	-0.200	5-9	5-14-high	-	-	-	-	-	-	-	-	-	-	-	-	-	-	
synMTS_5_581_hac1	0.005	No mitochondrial presequence	70(MPP)	-0.243		11-20-low	-	-	-	-	-	-	-	-	-	-	-	-	-	-	
synMTS_5_582_hac1	0.002	No mitochondrial presequence	57(MPP)	-0.211		13-22-low	-	-	-	-	-	-	-	-	-	-	-	-	-	-	
synMTS_5_583_hac1	0.001	No mitochondrial presequence	42(MPP)	-0.238		13-24-low	-	-	-	-	-	-	-	-	-	-	-	-	-	-	
synMTS_5_584_hac1	0.008	No mitochondrial presequence	77(MPP)	-0.221	74-78	4-13-low	-	-	-	-	-	-	-	-	-	-	-	-	-	-	
synMTS_5_585_hac1	0.002	No mitochondrial presequence	64(MPP)	-0.203		10-19-high	-	-	-	-	-	-	-	-	-	-	-	-	-	-	
synMTS_5_586_hac1	0.003	No mitochondrial presequence	64(MPP)	-0.219		1-10-low	-	-	-	-	-	-	-	-	-	-	-	-	-	-	
synMTS_5_587_hac1	0.011	No mitochondrial presequence	69(MPP), 70(Icp55)	-0.246	55-59	18-27-low	-	-	-	-	-	-	-	-	-	-	-	-	-	-	
synMTS_5_588_hac1	0.000	No mitochondrial presequence	95(MPP)	-0.211		21-30-low	-	-	-	-	-	-	-	-	-	-	-	-	-	-	
synMTS_5_589_hac1	0.001	No mitochondrial presequence	10(MPP), 11(Icp55)	-0.200	80-84	17-26-low	-	-	-	-	-	-	-	-	-	-	-	-	-	-	
synMTS_5_590_hac1	0.000	No mitochondrial presequence	69(MPP)	-0.232		8-17-low	-	-	-	-	-	-	-	-	-	-	-	-	-	-	
synMTS_5_591_hac1	0.001	No mitochondrial presequence	78(MPP)	-0.218		18-27-low	-	-	-	-	-	-	-	-	-	-	-	-	-	-	
synMTS_5_592_hac1	0.002	No mitochondrial presequence	34(MPP)	-0.235		13-22-low	-	-	-	-	-	-	-	-	-	-	-	-	-	-	
synMTS_5_593_hac1	0.001	No mitochondrial presequence	51(MPP)	-0.196	48-52,94-98	14-24-low	-	-	-	-	-	-	-	-	-	-	-	-	-	-	
synMTS_5_594_hac1	0.000	No mitochondrial presequence	63(MPP)	-0.206	60-64	20-29-low	-	-	-	-	-	-	-	-	-	-	-	-	-	-	
synMTS_5_595_hac1	0.005	No mitochondrial presequence	37(MPP)	-0.216		13-22-low	-	-	-	-	-	-	-	-	-	-	-	-	-	-	
synMTS_5_596_hac1	0.001	No mitochondrial presequence	75(MPP)	-0.240	72-76	11-20-low	-	-	-	-	-	-	-	-	-	-	-	-	-	-	
synMTS_5_597_hac1	0.001	No mitochondrial presequence	76(MPP)	-0.197		18-27-low	-	-	-	-	-	-	-	-	-	-	-	-	-	-	
synMTS_5_598_hac1	0.004	No mitochondrial presequence	51(MPP)	-0.216	49-53,95-99	3-14-low	-	-	-	-	-	-	-	-	-	-	-	-	-	-	
synMTS_5_599_hac1	0.004	No mitochondrial presequence	85(MPP)	-0.212	82-86	3-12-low	-	-	-	-	-	-	-	-	-	-	-	-	-	-	
synMTS_5_600_hac1	0.002	No mitochondrial presequence	5(MPP)	-0.200		7-16-low	-	-	-	-	-	-	-	-	-	-	-	-	-	-	
synMTS_6_401_hac1	0.002	No mitochondrial presequence	70(MPP)	-0.014	17-21	10-21-low	-	-	-	-	-	-	-	-	-	-	-	-	-	-	
synMTS_6_402_hac1	0.027	No mitochondrial presequence	44(MPP)	0.045	2-6,7-11,12-16,19-23,87-91	14-23-high	-	-	-	-	-	-	-	-	-	-	-	6-11,11-16,18-23	-	-	
synMTS_6_403_hac1	0.002	No mitochondrial presequence	17(MPP)	-0.235	78-82	10-19-low	-	-	-	-	-	-	-	-	-	-	-	-	-	-	
synMTS_6_404_hac1	0.003	No mitochondrial presequence	65(MPP)	0.092	62-66	18-27-low	-	-	-	-	-	-	-	-	-	-	-	-	-	-	
synMTS_6_405_hac1	0.004	No mitochondrial presequence	33(MPP)	0.061	2-6,15-19,30-34,35-39	7-19-low	-	-	-	-	-	-	-	-	-	-	-	-	-	-	
synMTS_6_406_hac1	0.002	No mitochondrial presequence	42(MPP)	0.048	64-68,67-71,82-86,94-98	16-25-low	-	-	-	-	-	-	-	-	-	-	-	-	-	-	
synMTS_6_407_hac1	0.009	No mitochondrial presequence	84(MPP)	0.012	62-66	11-22-high	-	-	-	-	-	-	-	-	-	-	-	-	-	-	
synMTS_6_408_hac1	0.013	No mitochondrial presequence	73(MPP)	0.068	22-26	15-24-high	-	-	-	-	-	-	-	-	-	-	-	-	-	-	
synMTS_6_409_hac1	0.000	No mitochondrial presequence	25(MPP)	0.000	32-36	5-14-high	-	-	-	-	-	-	-	-	-	-	-	-	-	-	
synMTS_6_410_hac1	0.000	No mitochondrial presequence	56(MPP)	-0.018	43-47	20-29-low	-	-	-	-	-	-	-	-	-	-	-	-	-	-	
synMTS_6_411_hac1	0.008	No mitochondrial presequence	15(MPP)	-0.200	36-40,86-90	8-17-low	-	-	-	-	-	-	-	-	-	-	-	-	-	-	
synMTS_6_412_hac1	0.001	No mitochondrial presequence	64(MPP)	-0.047		14-25-low	-	-	-	-	-	-	-	-	-	-	-	-	-	-	
synMTS_6_413_hac1	0.031	No mitochondrial presequence	90(MPP)	0.000	2-6,87-91	17-28-high	-	-	-	-	-	-	-	-	-	-	-	-	-	-	
synMTS_6_414_hac1	0.000	No mitochondrial presequence	12(MPP)	-0.250		19-28-low	-	-	-	-	-	-	-	-	-	-	-	-	-	-	
synMTS_6_415_hac1	0.005	No mitochondrial presequence	86(MPP)	0.012	83-87	2-11-high	-	-	-	-	-	-	-	-	-	-	-	-	-	-	
synMTS_6_416_hac1	0.021	No mitochondrial presequence	90(MPP)	0.089	26-30,31-35,65-69,87-91	20-29-low	-	-	-	-	-	-	-	-	-	-	-	-	-	-	
synMTS_6_417_hac1	0.009	No mitochondrial presequence	41(MPP)	0.049	85-89	7-16-low	-	-	-	-	-	-	-	-	-	-	-	-	-	-	
synMTS_6_418_hac1	0.024	No mitochondrial presequence	81(MPP)	-0.062	55-59,70-74	14-23-low	-	-	-	-	-	-	14-19	-	-	13-18	-	-	-	-	
synMTS_6_419_hac1	0.006	No mitochondrial presequence	42(MPP)	0.024	40-44,86-90	20-29-low	-	-	-	-	-	-	-	-	-	-	-	-	-	-	
synMTS_6_420_hac1	0.016	No mitochondrial presequence	89(MPP)	0.090	61-65,79-83,86-90	2-11-high	-	-	-	-	-	-	-	-	5-10	-	-	-	-	-	
synMTS_6_421_hac1	0.002	No mitochondrial presequence	63(MPP)	-0.032	17-21,42-46,60-64	16-25-low	-	-	-	-	-	-	-	-	15-20	-	-	-	-	-	
synMTS_6_422_hac1	0.002	No mitochondrial presequence	10(MPP)	0.000	7-11,51-55,64-68	7-16-high	-	-	-	-	-	-	-	-	-	-	-	-	-	-	
synMTS_6_423_hac1	0.005	No mitochondrial presequence	56(MPP)	0.036	35-39,45-49	4-13-low	-	-	-	-	-	-	-	-	-	-	-	-	-	-	
synMTS_6_424_hac1	0.008	No mitochondrial presequence	25(MPP)	0.040	27-31,62-66,65-69,68-72	1-10-high	-	-	-	-	-	-	-	-	-	-	-	-	-	-	
synMTS_6_425_hac1	0.005	No mitochondrial presequence	53(MPP)	0.019	45-49,51-55,95-99	5-14-low	-	-	-	-	-	-	-	-	-	-	-	-	-	-	
synMTS_6_426_hac1	0.000	No mitochondrial presequence	65(MPP)	0.062	26-30,33-37	4-13-high	-	-	-	-	-	-	-	-	-	-	-	-	-	-	
synMTS_6_427_hac1	0.020	No mitochondrial presequence	89(MPP)	-0.067		1-10-low	-	-	-	-	-	-	-	-	-	-	-	-	-	-	
synMTS_6_428_hac1	0.006	No mitochondrial presequence	7(MPP)	0.286	42-46,67-71,79-83,82-86	8-17-low	-	-	-	-	-	-	-	-	-	-	-	-	-	-	
synMTS_6_429_hac1	0.006	No mitochondrial presequence	58(MPP)	0.017	18-22	20-29-high	-	-	-	-	18-23	-	-	-	-	-	-	-	-	-	
synMTS_6_430_hac1	0.058	No mitochondrial presequence	59(MPP)	-0.017		3-12-high	-	-	-	-	-	-	-	-	24-29	-	-	-	-	-	
synMTS_6_431_hac1	0.003	No mitochondrial presequence	46(MPP)	0.065	89-93	4-13-low	-	-	-	-	-	-	-	-	-	-	-	-	-	-	
synMTS_6_432_hac1	0.049	No mitochondrial presequence	60(MPP)	0.083	19-23	19-28-high	-	-	-	-	-	-	-	-	-	-	-	-	-	-	
synMTS_6_433_hac1	0.007	No mitochondrial presequence	94(MPP)	-0.053	10-14,70-74	3-12-low	-	-	-	-	10-15	-	-	-	-	-	-	-	-	25-30	
synMTS_6_434_hac1	0.094	No mitochondrial presequence	93(MPP)	-0.011	15-19,31-35,35-39,38-42,52-56,84-88	11-20-high	-	-	-	-	-	-	2-7	-	-	1-6	-	14-19	-	-	
synMTS_6_435_hac1	0.054	No mitochondrial presequence	43(MPP)	0.047	87-91	20-30-high	-	-	-	-	-	-	-	-	-	-	-	-	-	-	
synMTS_6_436_hac1	0.010	No mitochondrial presequence	53(MPP)	0.038	19-23,96-100	7-16-low	-	-	-	-	-	-	-	-	1-6	-	-	-	-	-	
synMTS_6_437_hac1	0.005	No mitochondrial presequence	7(MPP)	-0.143	37-41,41-45	6-15-low	-	-	-	-	-	-	8-13	-	-	-	-	-	-	-	
synMTS_6_438_hac1	0.024	No mitochondrial presequence	44(MPP)	0.136	13-17,88-92	8-17-high	-	-	-	-	-	-	-	-	-	-	-	-	-	-	
synMTS_6_439_hac1	0.011	No mitochondrial presequence	79(MPP)	-0.076		18-27-high	-	-	-	-	-	-	-	-	-	-	-	-	-	-	
synMTS_6_440_hac1	0.006	No mitochondrial presequence	52(MPP)	-0.019	26-30,49-53,95-99	15-24-low	-	-	-	-	-	-	-	-	-	-	-	-	-	-	
synMTS_6_441_hac1	0.012	No mitochondrial presequence	51(MPP)	-0.020	95-99	3-12-low	-	-	-	-	-	-	-	-	-	-	-	-	-	-	
synMTS_6_442_hac1	0.003	No mitochondrial presequence	63(MPP)	0.016	17-21,27-31	1-10-high	-	-	-	-	-	-	-	-	-	-	-	-	-	-	
synMTS_6_443_hac1	0.020	No mitochondrial presequence	46(MPP)	0.152	8-12,13-17,90-94	3-12-high	-	-	-	-	-	-	-	-	-	-	-	-	-	-	
synMTS_6_444_hac1	0.002	No mitochondrial presequence	94(MPP)	-0.021	76-80	1-12-low	-	-	-	-	-	-	-	-	-	-	-	-	-	-	
synMTS_6_445_hac1	0.023	No mitochondrial presequence	43(MPP)	0.116	7-11,41-45,87-91	7-16-high	-	-	-	-	-	-	-	-	-	-	-	-	-	-	
synMTS_6_446_hac1	0.005	No mitochondrial presequence	61(MPP)	0.115	40-44	15-24-low	-	-	-	-	-	-	-	-	-	-	-	-	-	-	
synMTS_6_447_hac1	0.000	No mitochondrial presequence	82(MPP)	-0.024	93-97	6-15-low	-	-	-	-	-	-	-	-	-	-	-	-	-	-	
synMTS_6_448_hac1	0.001	No mitochondrial presequence	12(MPP)	-0.083	13-17,38-42	4-13-low	-	-	-	-	-	-	-	-	-	-	-	-	-	-	
synMTS_6_449_hac1	0.001	No mitochondrial presequence	17(MPP), 18(Icp55)	-0.118	6-10,18-22,67-71	10-22-low	-	-	-	-	-	-	-	-	-	-	-	-	-	-	
synMTS_6_450_hac1	0.001	No mitochondrial presequence	80(MPP)	0.025	77-81	4-14-low	-	-	-	-	-	-	-	-	-	-	-	-	-	-	
synMTS_6_451_hac1	0.003	No mitochondrial presequence	94(MPP)	0.011		13-26-high	-	-	-	-	-	-	-	-	-	-	-	-	-	-	
synMTS_6_452_hac1	0.004	No mitochondrial presequence	63(MPP)	0.048	5-9,40-44	5-16-low	-	-	-	-	-	-	-	-	-	-	-	-	-	-	
synMTS_6_453_hac1	0.017	No mitochondrial presequence	43(MPP)	0.047	40-44,87-91	11-20-low	-	-	-	-	-	-	-	-	-	-	-	-	-	-	
synMTS_6_454_hac1	0.000	No mitochondrial presequence	55(MPP)	-0.055		10-19-low	-	-	-	-	-	-	-	-	-	-	-	-	-	-	
synMTS_6_455_hac1	0.020	No mitochondrial presequence	39(MPP)	0.026	4-8,36-40	1-10-high	-	-	-	-	4-9	-	-	-	-	-	-	-	-	-	
synMTS_6_456_hac1	0.021	No mitochondrial presequence	46(MPP)	0.087	30-34,90-94	13-22-low	-	-	-	-	-	-	-	-	-	-	-	-	-	-	
synMTS_6_457_hac1	0.019	No mitochondrial presequence	6(MPP)	-0.167	4-8,19-23,78-82	2-11-low	-	-	-	-	-	-	-	-	-	-	-	-	19-24	-	
synMTS_6_458_hac1	0.014	No mitochondrial presequence	14(MPP)	0.071	65-69,69-73,89-93	18-27-high	-	-	-	-	-	-	20-25	-	-	-	-	-	-	-	
synMTS_6_459_hac1	0.024	No mitochondrial presequence	38(MPP)	0.105	6-10,19-23,29-33,53-57,76-80	16-25-high	-	-	-	-	-	-	-	-	-	-	-	-	-	-	
synMTS_6_460_hac1	0.038	No mitochondrial presequence	76(MPP)	0.026	3-7,6-10,65-69,68-72	6-15-high	-	-	-	-	3-8	-	-	-	-	-	-	-	-	-	
synMTS_6_461_hac1	0.110	No mitochondrial presequence	10(MPP)	0.200	7-11,36-40,72-76,80-84	9-18-high	-	-	-	-	7-12	-	-	-	-	-	-	-	-	-	
synMTS_6_462_hac1	0.012	No mitochondrial presequence	6(MPP)	-0.167	31-35,92-96	11-20-low	-	-	-	-	-	-	-	-	-	-	-	-	-	-	
synMTS_6_463_hac1	0.001	No mitochondrial presequence	6(MPP)	-0.167	71-75,87-91	18-27-high	-	-	-	-	-	-	-	-	-	-	-	-	-	-	
synMTS_6_464_hac1	0.001	No mitochondrial presequence	81(MPP)	0.012	19-23	19-28-low	-	-	-	-	-	-	-	-	-	-	-	-	-	-	
synMTS_6_465_hac1	0.019	No mitochondrial presequence	29(MPP)	0.000	11-15,94-98	4-13-high	-	2-7	-	-	-	-	-	-	-	-	-	-	-	-	
synMTS_6_466_hac1	0.007	No mitochondrial presequence	56(MPP)	-0.107	4-8	6-15-low	-	-	-	-	-	-	-	-	-	-	-	-	-	-	
synMTS_6_467_hac1	0.019	No mitochondrial presequence	13(MPP)	0.000	12-16,30-34,34-38	5-14-high	-	-	-	-	-	-	-	-	-	3-8	-	-	-	-	
synMTS_6_468_hac1	0.000	No mitochondrial presequence	62(MPP)	-0.048	40-44,59-63	20-29-low	-	-	-	-	-	-	-	-	-	-	-	-	-	-	
synMTS_6_469_hac1	0.005	No mitochondrial presequence	6(MPP)	-0.167	39-43,75-79,86-90	17-26-low	-	-	-	-	-	-	-	-	-	-	-	-	-	-	
synMTS_6_470_hac1	0.005	No mitochondrial presequence	74(MPP)	0.041	16-20	10-20-high	-	-	-	-	-	-	-	-	-	-	-	-	-	-	
synMTS_6_471_hac1	0.011	No mitochondrial presequence	91(MPP)	-0.044	13-17,22-26,25-29,62-66	18-27-low	-	-	-	-	22-27	-	-	-	-	-	-	-	-	-	
synMTS_6_472_hac1	0.012	No mitochondrial presequence	26(MPP)	0.077		10-19-low	-	-	-	-	-	-	-	-	-	-	-	-	-	-	
synMTS_6_473_hac1	0.016	No mitochondrial presequence	80(MPP)	0.062	9-13,63-67	21-30-high	-	-	-	-	-	-	-	-	-	-	-	-	-	-	
synMTS_6_474_hac1	0.001	No mitochondrial presequence	73(MPP)	0.055		3-12-high	-	-	-	-	-	-	-	-	-	-	-	-	-	-	
synMTS_6_475_hac1	0.041	No mitochondrial presequence	93(MPP)	0.011	24-28,56-60	2-11-low	-	-	-	-	24-29	-	-	-	-	-	-	-	-	-	
synMTS_6_476_hac1	0.011	No mitochondrial presequence	62(MPP)	0.081	14-18,33-37,56-60	14-23-low	-	-	-	-	-	-	-	-	-	-	-	-	-	-	
synMTS_6_477_hac1	0.010	No mitochondrial presequence	69(MPP)	-0.029	16-20,20-24,23-27,67-71	6-15-low	-	-	-	-	20-25	-	-	-	-	-	-	-	-	-	
synMTS_6_478_hac1	0.006	No mitochondrial presequence	55(MPP)	0.145	15-19,28-32,58-62,71-75	10-19-low	-	-	-	-	-	-	-	-	-	-	-	-	-	-	
synMTS_6_479_hac1	0.002	No mitochondrial presequence	33(MPP)	-0.182	17-21,40-44,47-51,79-83	8-17-low	-	-	-	-	-	-	-	-	-	-	-	-	-	-	
synMTS_6_480_hac1	0.024	No mitochondrial presequence	50(MPP)	-0.080		8-17-low	-	-	-	-	-	-	-	-	-	-	-	-	-	-	
synMTS_6_481_hac1	0.008	No mitochondrial presequence	91(MPP)	-0.077		13-22-low	-	-	-	-	-	-	-	-	-	-	-	-	-	-	
synMTS_6_482_hac1	0.010	No mitochondrial presequence	89(MPP)	0.079	38-42,76-80	12-21-low	-	21-26	-	-	-	-	-	-	-	-	-	-	-	-	
synMTS_6_483_hac1	0.022	No mitochondrial presequence	95(MPP)	0.084	33-37,37-41,41-45,87-91	4-15-low	-	-	-	-	-	-	21-26	-	-	-	-	-	-	-	
synMTS_6_484_hac1	0.016	No mitochondrial presequence	7(MPP)	-0.286		17-27-high	-	-	-	-	-	-	-	21-26	-	20-25	-	-	-	-	
synMTS_6_485_hac1	0.004	No mitochondrial presequence	91(MPP)	0.044	57-61,77-81	2-13-low	-	-	-	-	-	-	-	-	-	-	-	-	-	-	
synMTS_6_486_hac1	0.012	No mitochondrial presequence	55(MPP)	0.036		17-26-low	-	-	-	-	-	-	-	-	-	-	-	-	-	-	
synMTS_6_487_hac1	0.010	No mitochondrial presequence	94(MPP)	0.000	51-55,56-60,86-90	21-30-high	-	7-12	-	-	-	-	-	-	-	-	-	-	-	-	
synMTS_6_488_hac1	0.005	No mitochondrial presequence	56(MPP)	-0.054	43-47	2-11-low	-	-	-	-	-	-	-	-	-	-	-	-	-	-	
synMTS_6_489_hac1	0.010	No mitochondrial presequence	49(MPP)	0.020	37-41,93-97	2-11-low	-	-	-	-	-	-	-	-	-	-	-	-	-	-	
synMTS_6_490_hac1	0.008	No mitochondrial presequence	76(MPP)	0.000	37-41	10-21-low	-	-	-	-	-	-	-	23-28	-	22-27	-	-	-	-	
synMTS_6_491_hac1	0.003	No mitochondrial presequence	54(MPP)	0.019	51-55	12-21-low	-	-	-	-	-	-	-	-	-	-	-	-	-	-	
synMTS_6_492_hac1	0.000	No mitochondrial presequence	8(MPP)	-0.125		5-14-low	-	-	-	-	-	-	-	-	-	-	-	-	-	-	
synMTS_6_493_hac1	0.015	No mitochondrial presequence	15(MPP)	-0.067	82-86,85-89	9-18-low	-	-	-	-	-	-	-	-	-	-	-	-	-	-	
synMTS_6_494_hac1	0.014	No mitochondrial presequence	93(MPP)	0.065	2-6,84-88	19-28-low	-	-	-	-	-	-	-	-	-	23-28	-	-	-	-	
synMTS_6_495_hac1	0.026	No mitochondrial presequence	51(MPP)	0.039	94-98	5-14-low	-	-	-	-	-	-	15-20	-	-	14-19	-	-	-	-	
synMTS_6_496_hac1	0.007	No mitochondrial presequence	90(MPP)	0.044	14-18,69-73,74-78,88-92	12-21-low	-	-	-	-	-	-	-	-	-	-	-	-	-	-	
synMTS_6_497_hac1	0.102	No mitochondrial presequence	23(MPP)	0.130	4-8,9-13,48-52,77-81	9-18-high	-	-	-	-	9-14	-	-	-	-	-	-	3-8	-	-	
synMTS_6_498_hac1	0.001	No mitochondrial presequence	73(MPP)	-0.041	15-19	13-22-high	-	-	-	-	-	-	-	-	-	-	-	-	-	-	
synMTS_6_499_hac1	0.010	No mitochondrial presequence	61(MPP)	0.082	3-7,8-12,21-25,41-45,58-62	21-30-high	-	-	-	-	-	-	-	-	-	-	-	-	21-26	-	
synMTS_6_500_hac1	0.001	No mitochondrial presequence	75(MPP)	0.027	55-59,65-69,69-73,72-76	17-26-low	-	-	-	-	-	-	-	-	-	-	-	-	-	-	
synMTS_6_501_hac1	0.003	No mitochondrial presequence	82(MPP)	-0.122	21-25	16-25-low	-	-	-	-	-	-	-	-	-	-	-	-	-	-	
synMTS_6_502_hac1	0.001	No mitochondrial presequence	85(MPP)	-0.082	82-86	20-29-low	-	-	-	-	-	-	-	21-26	-	-	-	-	-	20-25	
synMTS_6_503_hac1	0.003	No mitochondrial presequence	87(MPP)	0.069	8-12,49-53	1-10-low	-	-	-	-	-	-	-	-	-	-	-	-	-	-	
synMTS_6_504_hac1	0.002	No mitochondrial presequence	66(MPP)	-0.045		2-14-low	-	-	-	-	-	-	-	-	-	-	-	-	-	-	
synMTS_6_505_hac1	0.024	No mitochondrial presequence	82(MPP)	0.012	24-28,47-51,79-83	20-29-low	-	-	-	-	-	8-13	-	-	-	-	-	23-28	24-29	-	
synMTS_6_506_hac1	0.009	No mitochondrial presequence	54(MPP)	0.000	52-56	13-22-high	-	-	-	-	-	-	-	-	-	-	-	-	-	-	
synMTS_6_507_hac1	0.000	No mitochondrial presequence	15(MPP)	0.067	25-29,84-88	21-30-low	-	-	-	-	-	-	-	-	-	-	-	-	-	-	
synMTS_6_508_hac1	0.042	No mitochondrial presequence	72(MPP)	-0.014	19-23	9-18-low	-	-	-	-	-	-	-	-	-	-	-	-	-	-	
synMTS_6_509_hac1	0.031	No mitochondrial presequence	31(MPP)	0.097	25-29	21-30-high	-	-	-	-	-	-	-	-	-	-	-	-	-	-	
synMTS_6_510_hac1	0.005	No mitochondrial presequence	95(MPP)	0.032	89-93	3-14-high	-	-	-	-	-	-	-	-	-	-	-	-	-	-	
synMTS_6_511_hac1	0.041	No mitochondrial presequence	54(MPP)	0.019	51-55	12-21-high	-	-	-	-	-	-	-	-	-	-	-	-	-	-	
synMTS_6_512_hac1	0.000	No mitochondrial presequence	6(MPP), 7(Icp55)	-0.167	51-55	9-21-low	-	-	-	-	-	-	-	-	-	-	-	-	-	-	
synMTS_6_513_hac1	0.028	No mitochondrial presequence	86(MPP)	0.128	22-26,26-30,31-35	18-29-high	-	-	-	-	-	-	-	-	-	-	-	25-30	-	-	
synMTS_6_514_hac1	0.012	No mitochondrial presequence	53(MPP)	-0.038	28-32,50-54,96-100	20-29-low	-	-	-	-	-	-	-	-	-	-	-	-	-	-	
synMTS_6_515_hac1	0.000	No mitochondrial presequence	69(MPP)	0.029		9-18-low	-	-	-	-	-	-	-	-	-	-	-	-	-	-	
synMTS_6_516_hac1	0.003	No mitochondrial presequence	79(MPP)	-0.051	31-35,48-52,76-80	12-23-low	-	-	-	-	-	-	-	-	-	-	-	-	-	-	
synMTS_6_517_hac1	0.014	No mitochondrial presequence	90(MPP)	-0.011		9-18-high	-	-	-	-	-	-	-	-	-	-	-	-	-	-	
synMTS_6_518_hac1	0.011	No mitochondrial presequence	60(MPP)	0.067	7-11,57-61	11-22-low	-	-	-	-	-	-	14-19	-	-	-	-	-	-	-	
synMTS_6_519_hac1	0.052	No mitochondrial presequence	93(MPP)	0.183	42-46,62-66,91-95	2-11-high	-	-	-	-	-	-	-	-	-	-	-	-	-	-	
synMTS_6_520_hac1	0.001	No mitochondrial presequence	9(MPP)	-0.222	60-64	4-15-low	-	-	-	-	-	-	-	-	-	-	-	-	-	-	
synMTS_6_521_hac1	0.020	No mitochondrial presequence	49(MPP)	0.000	3-7,43-47,46-50,92-96	7-16-low	-	-	-	-	-	-	-	-	-	-	-	-	3-8	-	
synMTS_6_522_hac1	0.037	No mitochondrial presequence	44(MPP)	0.045	41-45,88-92	4-15-low	-	-	-	-	-	-	-	-	-	-	-	-	-	-	
synMTS_6_523_hac1	0.001	No mitochondrial presequence	71(MPP)	0.014	63-67	21-30-low	-	-	-	-	-	-	-	-	-	-	-	-	-	-	
synMTS_6_524_hac1	0.010	No mitochondrial presequence	66(MPP)	0.030	21-25,56-60	5-14-low	-	-	-	-	21-26	-	-	-	-	-	-	-	-	-	
synMTS_6_525_hac1	0.014	No mitochondrial presequence	44(MPP)	0.068	3-7,28-32,93-97	3-14-high	-	-	-	-	-	-	-	-	-	-	-	-	-	-	
synMTS_6_526_hac1	0.017	No mitochondrial presequence	56(MPP)	-0.018	53-57	9-18-high	-	-	-	-	-	-	-	-	-	-	-	-	-	-	
synMTS_6_527_hac1	0.017	No mitochondrial presequence	5(MPP), 6(Icp55)	-0.200	6-10,23-27	16-25-low	-	-	-	-	-	-	15-20	-	-	-	-	5-10	-	14-19	
synMTS_6_528_hac1	0.024	No mitochondrial presequence	95(MPP)	0.032	7-11,22-26	3-12-high	-	-	-	-	-	-	-	-	-	-	-	-	-	-	
synMTS_6_529_hac1	0.068	No mitochondrial presequence	10(MPP), 11(Icp55)	0.200	4-8,7-11,43-47	3-14-high	-	-	-	-	4-9	-	-	-	-	-	-	-	-	-	
synMTS_6_530_hac1	0.000	No mitochondrial presequence	95(MPP)	0.074	20-24,86-90	10-19-low	-	-	-	-	-	-	-	-	-	-	-	-	-	-	
synMTS_6_531_hac1	0.001	No mitochondrial presequence	57(MPP)	0.018	47-51	16-27-low	-	-	-	-	-	-	-	-	-	-	-	-	-	-	
synMTS_6_532_hac1	0.021	No mitochondrial presequence	17(MPP)	0.118	3-7,31-35,34-38,52-56	14-23-high	-	-	-	14-19	3-8	-	-	-	-	-	-	-	-	-	
synMTS_6_533_hac1	0.024	No mitochondrial presequence	10(MPP)	0.000	64-68,89-93	20-30-low	-	-	-	-	-	-	-	-	-	-	-	-	-	-	
synMTS_6_534_hac1	0.002	No mitochondrial presequence	61(MPP)	0.049		18-27-high	-	15-20	-	-	-	-	-	-	-	-	-	-	-	-	
synMTS_6_535_hac1	0.001	No mitochondrial presequence	84(MPP)	0.012	19-23,81-85	9-18-low	-	-	-	-	-	-	-	-	-	-	-	-	-	-	
synMTS_6_536_hac1	0.003	No mitochondrial presequence	87(MPP)	-0.057	26-30,45-49,63-67	21-30-low	-	-	-	-	-	-	-	-	-	-	-	-	-	-	
synMTS_6_537_hac1	0.017	No mitochondrial presequence	33(MPP)	0.000	31-35	6-15-low	-	-	-	-	-	-	-	-	-	-	-	-	-	-	
synMTS_6_538_hac1	0.082	No mitochondrial presequence	46(MPP)	0.174	14-18,43-47,89-93	9-18-high	-	24-29	-	-	-	-	9-14	-	-	8-13	-	13-18	-	-	
synMTS_6_539_hac1	0.017	No mitochondrial presequence	95(MPP)	-0.042	92-96	2-11-high	-	-	-	-	-	-	-	-	-	-	-	-	-	-	
synMTS_6_540_hac1	0.004	No mitochondrial presequence	95(MPP)	0.032	70-74	3-12-low	-	-	-	-	-	-	23-28	-	-	22-27	-	-	-	-	
synMTS_6_541_hac1	0.000	No mitochondrial presequence	90(MPP)	-0.067	8-12,62-66,87-91	8-17-high	-	-	-	-	-	-	-	-	-	-	-	-	-	-	
synMTS_6_542_hac1	0.030	No mitochondrial presequence	64(MPP)	0.016	7-11,32-36,36-40,40-44	6-16-high	-	-	-	-	-	-	-	-	5-10	-	-	-	-	21-26	
synMTS_6_543_hac1	0.001	No mitochondrial presequence	18(MPP)	-0.111	27-31	20-29-high	-	-	-	-	-	-	-	-	-	-	-	-	-	-	
synMTS_6_544_hac1	0.007	No mitochondrial presequence	58(MPP)	0.000	50-54,55-59	11-22-low	-	-	-	-	-	-	-	-	-	-	-	-	-	-	
synMTS_6_545_hac1	0.000	No mitochondrial presequence	50(MPP)	-0.060	4-8,93-97	1-10-low	-	-	-	-	-	-	-	-	-	-	-	-	-	-	
synMTS_6_546_hac1	0.000	No mitochondrial presequence	68(MPP)	-0.088	25-29,65-69	6-15-low	-	-	-	-	-	-	-	-	-	-	-	-	25-30	-	
synMTS_6_547_hac1	0.055	No mitochondrial presequence	20(MPP)	0.100	8-12,35-39	4-13-high	-	-	-	-	-	-	-	-	3-8	-	-	-	8-13	-	
synMTS_6_548_hac1	0.002	No mitochondrial presequence	76(MPP)	-0.079	37-41,53-57,73-77	19-28-low	-	-	-	-	-	-	-	-	-	-	-	-	-	-	
synMTS_6_549_hac1	0.010	No mitochondrial presequence	68(MPP)	0.044	29-33	1-10-high	-	-	-	-	-	-	-	-	-	-	-	-	-	-	
synMTS_6_550_hac1	0.002	No mitochondrial presequence	34(MPP)	0.059	59-63,66-70	12-21-high	-	-	-	-	-	-	-	-	-	-	-	-	-	-	
synMTS_6_551_hac1	0.001	No mitochondrial presequence	62(MPP)	0.048	60-64	13-22-high	-	-	-	-	-	-	-	-	-	-	-	-	-	-	
synMTS_6_552_hac1	0.014	No mitochondrial presequence	92(MPP)	0.054	32-36,64-68,89-93	20-29-high	-	-	-	-	-	-	-	-	22-27	-	-	-	-	-	
synMTS_6_553_hac1	0.005	No mitochondrial presequence	72(MPP)	0.014	7-11,18-22	10-23-low	-	-	-	-	-	-	-	-	-	-	-	-	-	-	
synMTS_6_554_hac1	0.002	No mitochondrial presequence	36(MPP)	0.111	61-65,70-74,79-83	16-25-low	-	-	-	-	-	-	-	-	-	-	-	-	-	-	
synMTS_6_555_hac1	0.034	No mitochondrial presequence	59(MPP)	0.068		3-12-low	-	8-13	10-15	-	-	6-11	-	-	-	-	-	-	-	5-10	
synMTS_6_556_hac1	0.022	No mitochondrial presequence	82(MPP)	0.195	23-27,41-45	14-23-high	-	-	-	-	-	-	-	-	-	-	-	-	-	-	
synMTS_6_557_hac1	0.001	No mitochondrial presequence	8(MPP)	-0.250	11-15,68-72,89-93,93-97,96-100	11-20-high	-	-	-	-	-	-	-	-	-	-	-	-	-	-	
synMTS_6_558_hac1	0.001	No mitochondrial presequence	46(MPP)	-0.130	90-94	12-21-low	-	-	-	-	-	-	-	-	-	-	-	-	-	-	
synMTS_6_559_hac1	0.030	No mitochondrial presequence	61(MPP)	0.115	3-7,20-24,23-27,42-46	11-20-low	-	-	-	4-9	20-25	-	-	-	-	-	-	-	-	-	
synMTS_6_560_hac1	0.007	No mitochondrial presequence	92(MPP)	0.098		20-29-low	-	-	-	-	-	-	-	-	-	-	-	-	-	-	
synMTS_6_561_hac1	0.017	No mitochondrial presequence	27(MPP)	0.000	4-8	1-10-high	-	-	-	-	-	-	-	-	-	-	-	-	-	-	
synMTS_6_562_hac1	0.000	No mitochondrial presequence	89(MPP)	-0.022	35-39,39-43	3-12-low	-	-	-	-	-	-	-	-	-	-	-	-	-	-	
synMTS_6_563_hac1	0.000	No mitochondrial presequence	48(MPP)	-0.083	91-95	17-26-low	-	-	-	-	-	-	-	-	-	-	-	-	-	-	
synMTS_6_564_hac1	0.050	No mitochondrial presequence	95(MPP)	0.126	41-45,87-91	18-29-low	-	-	-	-	-	-	-	-	-	-	-	-	-	-	
synMTS_6_565_hac1	0.000	No mitochondrial presequence	79(MPP)	-0.025	30-34,34-38,76-80	4-13-low	-	-	-	-	-	-	-	-	-	-	-	-	-	-	
synMTS_6_566_hac1	0.023	No mitochondrial presequence	65(MPP)	-0.015	27-31,54-58,59-63	10-19-low	-	-	-	-	-	-	-	-	-	-	-	-	-	-	
synMTS_6_567_hac1	0.001	No mitochondrial presequence	85(MPP)	-0.012	78-82	7-16-low	-	-	-	-	-	-	-	-	-	-	-	-	-	-	
synMTS_6_568_hac1	0.005	No mitochondrial presequence	46(MPP)	0.065	43-47,89-93	11-22-low	-	-	-	-	-	-	-	-	-	-	-	-	-	-	
synMTS_6_569_hac1	0.033	No mitochondrial presequence	37(MPP)	0.054	34-38,76-80,79-83	1-13-low	-	-	-	-	-	-	-	-	-	-	-	-	-	-	
synMTS_6_570_hac1	0.023	No mitochondrial presequence	66(MPP)	0.061		20-29-low	-	-	-	-	-	-	-	-	-	-	-	-	-	-	
synMTS_6_571_hac1	0.007	No mitochondrial presequence	86(MPP)	0.128	50-54,73-77,79-83,83-87	9-18-high	-	-	-	-	-	-	-	-	-	-	-	-	-	-	
synMTS_6_572_hac1	0.035	No mitochondrial presequence	39(MPP)	0.077	3-7,55-59,58-62	16-29-low	-	-	-	-	-	-	-	-	-	-	-	-	-	-	
synMTS_6_573_hac1	0.012	No mitochondrial presequence	52(MPP)	0.038	36-40,53-57	7-16-high	-	-	-	-	-	-	-	-	-	-	-	-	-	-	
synMTS_6_574_hac1	0.012	No mitochondrial presequence	56(MPP)	-0.036	1-5,50-54,53-57	10-19-low	-	-	-	-	-	-	-	-	-	-	-	-	-	-	
synMTS_6_575_hac1	0.012	No mitochondrial presequence	90(MPP)	0.000	48-52,84-88	2-12-low	-	-	-	-	-	-	-	-	1-6	-	-	-	-	-	
synMTS_6_576_hac1	0.004	No mitochondrial presequence	70(MPP)	0.043	45-49	16-28-low	-	-	-	-	-	-	-	-	-	-	-	-	-	24-29	
synMTS_6_577_hac1	0.001	No mitochondrial presequence	22(MPP)	-0.136	53-57	13-22-low	-	-	-	-	-	-	-	-	-	-	-	-	-	-	
synMTS_6_578_hac1	0.000	No mitochondrial presequence	69(MPP)	0.058		19-28-low	-	-	-	-	-	-	-	-	-	-	-	-	-	-	
synMTS_6_579_hac1	0.006	No mitochondrial presequence	66(MPP)	0.015	3-7	21-30-low	-	-	-	-	-	-	-	-	-	-	-	-	-	-	
synMTS_6_580_hac1	0.047	No mitochondrial presequence	70(MPP)	0.043	3-7,68-72	2-11-low	-	-	-	12-17	-	-	-	-	-	-	-	2-7	3-8	-	
synMTS_6_581_hac1	0.009	No mitochondrial presequence	88(MPP)	0.000	28-32,32-36,42-46,64-68,85-89	8-17-low	-	-	-	-	-	-	-	-	-	-	-	-	-	-	
synMTS_6_582_hac1	0.027	No mitochondrial presequence	79(MPP)	0.051	41-45,51-55	7-18-high	-	-	-	-	-	-	-	-	-	-	-	-	-	-	
synMTS_6_583_hac1	0.005	No mitochondrial presequence	16(MPP)	-0.125	19-23	21-30-high	-	-	-	-	-	-	-	-	-	-	-	-	-	-	
synMTS_6_584_hac1	0.020	No mitochondrial presequence	89(MPP)	0.056		19-28-low	-	-	-	-	-	-	-	-	-	-	-	-	-	-	
synMTS_6_585_hac1	0.041	No mitochondrial presequence	50(MPP)	0.080	2-6,47-51,93-97	17-29-low	-	-	-	-	-	-	-	7-12	-	6-11	-	-	-	-	
synMTS_6_586_hac1	0.016	No mitochondrial presequence	15(MPP)	-0.067	41-45,70-74,78-82,90-94	1-10-low	-	-	-	-	-	-	-	-	-	-	-	-	-	-	
synMTS_6_587_hac1	0.004	No mitochondrial presequence	72(MPP)	-0.028	36-40	9-18-low	-	-	-	-	-	-	-	-	-	-	-	-	-	-	
synMTS_6_588_hac1	0.002	No mitochondrial presequence	56(MPP)	-0.018		2-11-low	-	-	-	-	-	-	-	-	-	-	-	-	-	-	
synMTS_6_589_hac1	0.014	No mitochondrial presequence	15(MPP)	0.200		5-14-high	-	-	-	-	-	-	-	-	-	-	-	-	-	-	
synMTS_6_590_hac1	0.007	No mitochondrial presequence	31(MPP)	-0.194	58-62,70-74,87-91	1-10-low	-	-	-	-	-	-	-	-	-	-	-	-	-	-	
synMTS_6_591_hac1	0.017	No mitochondrial presequence	41(MPP)	0.098	3-7,18-22,27-31,85-89	16-25-high	-	-	-	-	-	-	-	-	-	-	-	-	-	-	
synMTS_6_592_hac1	0.013	No mitochondrial presequence	65(MPP)	0.062	5-9,43-47	14-23-high	-	-	-	-	-	-	-	-	-	-	-	-	-	-	
synMTS_6_593_hac1	0.028	No mitochondrial presequence	12(MPP)	0.000	20-24,24-28,34-38,83-87	14-23-low	-	-	-	-	24-29	-	-	-	-	-	-	-	-	-	
synMTS_6_594_hac1	0.009	No mitochondrial presequence	47(MPP)	0.043	6-10,12-16,25-29,29-33,34-38,44-48,90-94	12-23-high	-	-	-	-	-	-	-	-	-	-	-	24-29	-	-	
synMTS_6_595_hac1	0.021	No mitochondrial presequence	86(MPP)	-0.023	57-61,83-87	17-30-low	-	-	-	-	-	-	-	-	-	-	-	-	-	-	
synMTS_6_596_hac1	0.015	No mitochondrial presequence	95(MPP)	-0.011	14-18,39-43,43-47,46-50,70-74	16-25-high	-	-	-	-	-	-	-	-	-	-	-	-	-	-	
synMTS_6_597_hac1	0.057	No mitochondrial presequence	88(MPP)	-0.011	4-8,39-43,85-89	6-15-low	-	-	-	-	-	-	-	-	14-19	-	-	-	-	-	
synMTS_6_598_hac1	0.005	No mitochondrial presequence	92(MPP)	0.022	53-57,89-93	21-30-high	-	-	-	-	-	-	-	-	-	-	-	-	-	-	
synMTS_6_599_hac1	0.032	No mitochondrial presequence	67(MPP)	0.060	6-10,41-45	16-25-low	-	-	-	-	-	-	-	-	-	-	-	-	-	-	
synMTS_6_600_hac1	0.010	No mitochondrial presequence	16(MPP), 17(Icp55)	-0.062	17-21,25-29,34-38	12-21-low	-	-	-	-	25-30	-	-	-	-	-	-	16-21	-	-	
synMTS_7_401_hac1	0.013	No mitochondrial presequence	90(MPP), 91(Icp55)	0.256	25-29,29-33,43-47,57-61,68-72,71-75,75-79,83-87,87-91	7-16-low	-	-	-	-	-	-	-	-	-	-	-	-	-	-	
synMTS_7_402_hac1	0.060	No mitochondrial presequence	87(MPP)	0.276	12-16,15-19,24-28,28-32,34-38,47-51,70-74,74-78,78-82	11-21-high	-	-	-	-	12-17	-	-	-	-	-	-	-	-	-	
synMTS_7_403_hac1	0.023	No mitochondrial presequence	44(MPP)	0.273	50-54,75-79,79-83,92-96	2-11-high	-	-	-	-	-	2-7	-	-	-	1-6	-	-	-	-	
synMTS_7_404_hac1	0.058	No mitochondrial presequence	50(MPP)	0.260	3-7,68-72,71-75,92-96	18-27-low	-	-	-	-	3-8	-	-	-	-	-	-	-	-	-	
synMTS_7_405_hac1	0.027	No mitochondrial presequence	83(MPP)	0.253	29-33,35-39,51-55,54-58,58-62,63-67,71-75	10-21-high	-	-	-	-	-	-	-	-	-	-	-	-	-	-	
synMTS_7_406_hac1	0.010	No mitochondrial presequence	91(MPP)	0.264	14-18,30-34,39-43,69-73,79-83,88-92	12-21-high	-	-	-	-	-	-	-	-	-	-	-	-	-	-	
synMTS_7_407_hac1	0.067	No mitochondrial presequence	52(MPP)	0.250	12-16,95-99	6-16-high	-	-	-	-	-	-	7-12	-	-	-	-	-	-	6-11	
synMTS_7_408_hac1	0.075	No mitochondrial presequence	51(MPP)	0.275	8-12,28-32,95-99	5-14-high	-	-	-	-	-	-	-	-	-	-	-	-	8-13	-	
synMTS_7_409_hac1	0.064	No mitochondrial presequence	95(MPP)	0.242	3-7,32-36,46-50,56-60,59-63,63-67,75-79,87-91	3-12-high	-	17-22	-	-	-	-	-	-	-	-	-	2-7	3-8	-	
synMTS_7_410_hac1	0.217	No mitochondrial presequence	75(MPP)	0.240	19-23,40-44,57-61	18-27-high	-	6-11	-	-	19-24	-	22-27	-	-	-	-	-	-	-	
synMTS_7_411_hac1	0.040	No mitochondrial presequence	83(MPP)	0.265	37-41,67-71	15-24-high	-	-	-	-	-	-	-	16-21	-	-	-	-	-	15-20	
synMTS_7_412_hac1	0.033	No mitochondrial presequence	44(MPP), 45(Icp55)	0.250	33-37,76-80,94-98	4-13-high	-	24-29	-	-	-	-	-	-	-	-	-	-	-	-	
synMTS_7_413_hac1	0.026	No mitochondrial presequence	65(MPP)	0.262		3-14-high	-	-	-	-	-	-	-	-	-	-	-	-	-	-	
synMTS_7_414_hac1	0.073	No mitochondrial presequence	44(MPP)	0.227	88-92	20-29-high	-	-	-	-	-	-	-	-	-	-	-	-	-	-	
synMTS_7_415_hac1	0.129	No mitochondrial presequence	76(MPP)	0.263	17-21,32-36,35-39,45-49,53-57,63-67,81-85	14-23-high	-	-	-	-	-	-	-	-	-	-	-	-	-	-	
synMTS_7_416_hac1	0.039	No mitochondrial presequence	58(MPP)	0.241	13-17,22-26,40-44	17-26-high	-	-	-	-	-	-	-	-	-	-	-	-	-	-	
synMTS_7_417_hac1	0.009	No mitochondrial presequence	66(MPP)	0.258	60-64,63-67,67-71	8-19-high	-	-	-	-	-	-	-	-	-	-	-	-	-	-	
synMTS_7_418_hac1	0.084	No mitochondrial presequence	46(MPP)	0.239	34-38,38-42	3-13-high	-	-	-	-	-	-	-	7-12	-	-	-	-	-	-	
synMTS_7_419_hac1	0.098	No mitochondrial presequence	48(MPP)	0.250	24-28,40-44,46-50,92-96	2-13-high	-	-	-	-	-	-	-	-	-	-	-	-	-	-	
synMTS_7_420_hac1	0.070	No mitochondrial presequence	81(MPP)	0.259	8-12,31-35,39-43,50-54	8-17-high	-	-	-	-	-	-	-	-	-	-	-	-	-	-	
synMTS_7_421_hac1	0.056	No mitochondrial presequence	80(MPP)	0.237	77-81	2-11-high	-	-	-	-	-	-	-	-	-	-	-	-	-	-	
synMTS_7_422_hac1	0.126	No mitochondrial presequence	68(MPP)	0.265	5-9	1-10-high	-	-	-	-	-	-	-	-	-	-	-	-	-	-	
synMTS_7_423_hac1	0.086	No mitochondrial presequence	82(MPP)	0.244	18-22,30-34,71-75	14-23-high	-	-	-	-	18-23	-	-	-	-	-	-	-	-	-	
synMTS_7_424_hac1	0.084	No mitochondrial presequence	63(MPP)	0.270	2-6,29-33	11-20-high	-	-	-	-	-	-	-	-	-	-	-	-	-	-	
synMTS_7_425_hac1	0.046	No mitochondrial presequence	72(MPP)	0.236	40-44,69-73	9-18-high	-	-	-	-	-	-	-	-	-	-	-	-	-	-	
synMTS_7_426_hac1	0.033	No mitochondrial presequence	84(MPP)	0.167	4-8,8-12,29-33,95-99	4-13-high	-	-	14-19	-	-	-	-	-	-	-	-	-	-	-	
synMTS_7_427_hac1	0.032	No mitochondrial presequence	81(MPP)	0.272	4-8,33-37,37-41,45-49,60-64,71-75	1-10-high	-	-	-	-	-	-	-	-	-	-	-	-	-	-	
synMTS_7_428_hac1	0.036	No mitochondrial presequence	60(MPP)	0.233	9-13,57-61	4-13-high	-	-	-	-	-	-	-	-	-	-	-	-	-	-	
synMTS_7_429_hac1	0.028	No mitochondrial presequence	46(MPP)	0.239	3-7,43-47,89-93	3-12-high	-	-	-	-	-	-	-	-	-	-	-	-	-	-	
synMTS_7_430_hac1	0.087	No mitochondrial presequence	92(MPP)	0.250	53-57,56-60,60-64,64-68,68-72,82-86,89-93	19-28-high	-	-	-	-	-	-	-	20-25	-	-	-	-	-	19-24	
synMTS_7_431_hac1	0.070	No mitochondrial presequence	65(MPP)	0.246	19-23,45-49,66-70,70-74	19-28-high	-	-	-	-	19-24	-	-	-	-	-	-	-	-	-	
synMTS_7_432_hac1	0.028	No mitochondrial presequence	33(MPP)	0.242	14-18,25-29,30-34,64-68	12-21-high	-	-	15-20	-	14-19	-	-	-	-	-	-	-	-	-	
synMTS_7_433_hac1	0.080	No mitochondrial presequence	54(MPP)	0.259	60-64	14-25-high	-	22-27	-	-	-	9-14	-	-	-	-	-	-	-	8-13	
synMTS_7_434_hac1	0.115	No mitochondrial presequence	48(MPP)	0.250	20-24,23-27,36-40,41-45,45-49,56-60,67-71,85-89	1-10-high	-	16-21	-	-	20-25,23-28	14-19	-	-	-	13-18	-	-	-	-	
synMTS_7_435_hac1	0.121	No mitochondrial presequence	72(MPP)	0.236	20-24,27-31,60-64	18-27-high	-	-	21-26	-	20-25	4-9	-	-	-	3-8	-	-	-	-	
synMTS_7_436_hac1	0.068	No mitochondrial presequence	76(MPP)	0.250	4-8,52-56	8-18-high	-	-	-	-	-	-	-	-	-	-	-	3-8	-	-	
synMTS_7_437_hac1	0.161	No mitochondrial presequence	95(MPP)	0.242	4-8,7-11,16-20,28-32,32-36,46-50,73-77,81-85	6-15-high	-	-	-	-	4-9	-	-	-	-	-	-	15-20	-	-	
synMTS_7_438_hac1	0.221	No mitochondrial presequence	48(MPP)	0.250	7-11,10-14,37-41,92-96	9-18-low	-	-	11-16	-	7-12,10-15	-	-	-	-	-	-	-	-	-	
synMTS_7_439_hac1	0.048	No mitochondrial presequence	38(MPP)	0.263	12-16,16-20,20-24,70-74,85-89,95-99	11-20-high	-	-	-	-	20-25	-	-	-	-	-	-	-	-	-	
synMTS_7_440_hac1	0.146	No mitochondrial presequence	46(MPP)	0.239	6-10,27-31,43-47,89-93	8-17-high	-	-	-	-	6-11	-	9-14,13-18	-	-	-	-	-	-	12-17	
synMTS_7_441_hac1	0.062	No mitochondrial presequence	8(MPP)	0.125	16-20,42-46,71-75	13-22-high	-	-	-	-	-	-	-	-	-	-	24-29	-	-	-	
synMTS_7_442_hac1	0.025	No mitochondrial presequence	61(MPP)	0.246	24-28,28-32,43-47,53-57,68-72,93-97	16-25-high	-	-	-	-	-	-	-	-	-	-	-	-	-	-	
synMTS_7_443_hac1	0.079	No mitochondrial presequence	71(MPP)	0.254	24-28,50-54,55-59	3-12-high	-	-	-	25-30	-	-	-	-	-	-	-	-	-	-	
synMTS_7_444_hac1	0.054	No mitochondrial presequence	57(MPP)	0.263	24-28,78-82,94-98	1-10-high	-	-	-	-	-	-	-	-	17-22	-	-	-	-	-	
synMTS_7_445_hac1	0.040	No mitochondrial presequence	49(MPP)	0.265	27-31,46-50,93-97	6-17-low	-	-	-	-	-	-	-	-	-	-	-	-	-	-	
synMTS_7_446_hac1	0.091	No mitochondrial presequence	90(MPP)	0.244	14-18,24-28,27-31,69-73,73-77	12-21-high	-	-	-	-	14-19	-	17-22	-	-	-	-	-	-	-	
synMTS_7_447_hac1	0.007	No mitochondrial presequence	77(MPP)	0.260	35-39,45-49,49-53,79-83	16-25-high	-	-	-	-	-	-	-	-	-	-	-	-	-	-	
synMTS_7_448_hac1	0.020	No mitochondrial presequence	50(MPP)	0.280	74-78,83-87	3-12-high	-	-	-	-	-	-	-	-	-	-	-	-	-	-	
synMTS_7_449_hac1	0.057	No mitochondrial presequence	49(MPP)	0.245	11-15,22-26,92-96	15-24-high	-	17-22	-	-	-	-	-	-	-	-	-	-	-	-	
synMTS_7_450_hac1	0.138	No mitochondrial presequence	41(MPP)	0.220	85-89	2-11-high	-	-	-	-	-	-	25-30	-	-	24-29	-	-	-	-	
synMTS_7_451_hac1	0.041	No mitochondrial presequence	93(MPP)	0.258		2-11-high	-	-	-	-	-	-	-	-	-	-	-	-	-	-	
synMTS_7_452_hac1	0.157	No mitochondrial presequence	74(MPP), 75(Icp55)	0.270	19-23,45-49,53-57,93-97	9-18-high	-	-	-	-	19-24	-	-	-	1-6	-	-	-	-	-	
synMTS_7_453_hac1	0.005	No mitochondrial presequence	63(MPP)	0.254	60-64	17-26-high	-	-	-	-	-	-	-	-	-	-	-	-	-	-	
synMTS_7_454_hac1	0.064	No mitochondrial presequence	30(MPP)	0.233	4-8,51-55,54-58,58-62,66-70,74-78,78-82,86-90,91-95	16-25-high	-	-	-	-	-	-	-	-	-	-	-	-	-	-	
synMTS_7_455_hac1	0.175	No mitochondrial presequence	27(MPP)	0.222	1-5	1-10-high	-	-	-	-	1-6	-	-	-	-	-	-	-	-	-	
synMTS_7_456_hac1	0.142	No mitochondrial presequence	50(MPP)	0.240	14-18,18-22	14-23-high	-	-	-	-	18-23	-	-	-	-	-	-	-	-	-	
synMTS_7_457_hac1	0.080	No mitochondrial presequence	60(MPP)	0.283	15-19,18-22,32-36	2-13-high	-	-	-	-	-	-	-	-	-	-	-	-	-	-	
synMTS_7_458_hac1	0.270	No mitochondrial presequence	65(MPP)	0.277	51-55,59-63	1-10-high	-	-	-	-	-	1-6	-	-	-	-	-	-	-	-	
synMTS_7_459_hac1	0.275	No mitochondrial presequence	93(MPP)	0.269	74-78,78-82,81-85,85-89	21-30-high	-	-	-	-	-	-	-	-	-	-	2-7	-	-	-	
synMTS_7_460_hac1	0.164	No mitochondrial presequence	16(MPP)	0.250	3-7,7-11,66-70,71-75,75-79	14-23-high	-	12-17	-	-	7-12	10-15	-	-	16-21	-	-	-	-	-	
synMTS_7_461_hac1	0.077	No mitochondrial presequence	78(MPP)	0.269	2-6,62-66	2-11-high	-	-	-	-	2-7	-	-	-	-	-	-	-	-	-	
synMTS_7_462_hac1	0.095	No mitochondrial presequence	72(MPP)	0.264	20-24,23-27,27-31,32-36	20-29-high	-	-	12-17	-	20-25	4-9	-	-	-	3-8	-	-	-	-	
synMTS_7_463_hac1	0.079	No mitochondrial presequence	32(MPP)	0.219	43-47	1-10-high	-	-	-	-	-	-	-	-	-	-	-	-	-	-	
synMTS_7_464_hac1	0.044	No mitochondrial presequence	69(MPP)	0.261	35-39,42-46,46-50,49-53,58-62	19-30-high	-	-	-	-	-	-	-	-	-	-	-	-	-	-	
synMTS_7_465_hac1	0.045	No mitochondrial presequence	68(MPP)	0.250		1-10-high	-	-	-	-	-	-	-	-	-	-	-	-	-	-	
synMTS_7_466_hac1	0.098	No mitochondrial presequence	62(MPP)	0.258	2-6,54-58	1-10-high	-	-	-	-	-	-	-	-	-	-	-	1-6	-	-	
synMTS_7_467_hac1	0.093	No mitochondrial presequence	64(MPP)	0.234	9-13,31-35,40-44	1-11-low	-	-	-	-	-	-	-	-	-	-	-	-	-	-	
synMTS_7_468_hac1	0.072	No mitochondrial presequence	74(MPP)	0.230	8-12,25-29,33-37,37-41,53-57	4-13-high	-	-	-	-	-	-	-	-	-	-	-	-	-	-	
synMTS_7_469_hac1	0.301	No mitochondrial presequence	71(MPP)	0.282	13-17,63-67	18-27-high	-	9-14	-	-	-	25-30	-	-	-	24-29	-	-	-	-	
synMTS_7_470_hac1	0.152	No mitochondrial presequence	70(MPP)	0.271	7-11,11-15,45-49,58-62,96-100	11-20-high	-	-	12-17	-	11-16	-	-	-	-	-	-	-	-	-	
synMTS_7_471_hac1	0.096	No mitochondrial presequence	63(MPP)	0.270	61-65	17-27-high	-	-	-	-	-	21-26	-	-	-	1-6	-	-	-	-	
synMTS_7_472_hac1	0.132	No mitochondrial presequence	10(MPP)	0.200	20-24,47-51,89-93,92-96,95-99	18-28-high	-	-	-	-	-	-	-	-	-	-	-	-	-	-	
synMTS_7_473_hac1	0.126	No mitochondrial presequence	56(MPP)	0.250	12-16,25-29,37-41,47-51	14-23-high	-	-	-	-	12-17	-	-	-	-	-	-	-	-	-	
synMTS_7_474_hac1	0.017	No mitochondrial presequence	49(MPP)	0.265	30-34,92-96	9-18-high	-	-	-	-	-	-	-	-	-	-	-	-	-	-	
synMTS_7_475_hac1	0.044	No mitochondrial presequence	92(MPP)	0.250	39-43,60-64	12-23-high	-	-	-	-	-	-	-	-	-	-	-	-	-	-	
synMTS_7_476_hac1	0.118	No mitochondrial presequence	65(MPP)	0.246	36-40	8-17-low	-	-	-	-	-	-	-	-	-	-	-	-	-	-	
synMTS_7_477_hac1	0.122	No mitochondrial presequence	54(MPP)	0.222	10-14,15-19,42-46	15-24-high	-	-	-	-	15-20	-	-	-	-	-	-	-	-	5-10	
synMTS_7_478_hac1	0.177	No mitochondrial presequence	63(MPP)	0.270	10-14,22-26	21-30-high	-	5-10	-	-	-	-	-	-	-	-	-	-	-	-	
synMTS_7_479_hac1	0.086	No mitochondrial presequence	84(MPP)	0.238	4-8,8-12,76-80,81-85	3-12-high	-	-	-	-	-	-	-	-	-	-	-	-	-	-	
synMTS_7_480_hac1	0.089	No mitochondrial presequence	40(MPP)	0.275	10-14,42-46,55-59,68-72,84-88	8-17-high	-	-	-	-	10-15	-	-	-	-	-	-	-	-	-	
synMTS_7_481_hac1	0.208	No mitochondrial presequence	55(MPP)	0.255	18-22,44-48	14-23-high	-	-	-	-	-	-	4-9	-	-	3-8	-	-	-	-	
synMTS_7_482_hac1	0.393	Possessing mitochondrial presequence	45(MPP)	0.267	25-29,89-93	3-14-high	-	-	-	-	-	-	3-8	-	-	2-7	-	-	-	-	
synMTS_7_483_hac1	0.081	No mitochondrial presequence	48(MPP)	0.229	4-8,25-29,33-37,78-82,82-86	18-29-high	-	-	-	-	-	21-26	-	-	-	20-25	-	-	-	-	
synMTS_7_484_hac1	0.115	No mitochondrial presequence	49(MPP)	0.245	12-16,33-37,92-96	8-17-high	-	-	-	-	-	-	-	-	-	-	-	-	-	-	
synMTS_7_485_hac1	0.193	No mitochondrial presequence	88(MPP)	0.261	8-12,20-24,35-39,39-43,42-46,45-49,75-79,85-89	7-16-high	-	-	-	-	-	-	-	-	-	-	-	-	-	-	
synMTS_7_486_hac1	0.035	No mitochondrial presequence	54(MPP)	0.241	8-12,16-20,39-43,43-47,68-72,72-76	8-20-high	-	-	-	-	-	-	-	-	-	-	-	-	-	-	
synMTS_7_487_hac1	0.019	No mitochondrial presequence	82(MPP)	0.280	50-54,76-80	17-26-high	-	-	-	-	-	-	-	-	-	-	-	-	-	-	
synMTS_7_488_hac1	0.162	No mitochondrial presequence	51(MPP)	0.216	22-26,26-30,29-33,95-99	21-30-high	-	-	-	-	-	-	-	-	-	3-8	-	25-30	-	-	
synMTS_7_489_hac1	0.105	No mitochondrial presequence	55(MPP)	0.255	2-6,12-16,42-46,53-57	16-28-high	-	-	-	-	2-7	-	-	-	-	-	-	-	-	-	
synMTS_7_490_hac1	0.100	No mitochondrial presequence	40(MPP)	0.250	20-24,71-75,87-91	18-27-high	-	-	-	-	20-25	-	23-28	-	-	-	-	-	-	-	
synMTS_7_491_hac1	0.055	No mitochondrial presequence	78(MPP)	0.256		14-25-high	-	-	-	-	-	-	24-29	-	-	-	-	-	-	-	
synMTS_7_492_hac1	0.060	No mitochondrial presequence	77(MPP)	0.273	21-25,31-35	13-23-high	-	-	-	-	-	13-18	-	-	-	-	-	-	-	12-17	
synMTS_7_493_hac1	0.122	No mitochondrial presequence	89(MPP)	0.270	7-11,37-41,45-49,49-53	9-18-high	-	-	-	-	-	11-16	-	-	-	10-15	-	-	-	-	
synMTS_7_494_hac1	0.032	No mitochondrial presequence	76(MPP)	0.276		12-21-high	-	-	-	-	-	-	-	-	-	-	-	-	-	-	
synMTS_7_495_hac1	0.015	No mitochondrial presequence	25(MPP)	0.280	39-43,49-53,54-58	11-20-high	-	-	-	-	-	16-21	-	-	-	-	-	-	-	-	
synMTS_7_496_hac1	0.066	No mitochondrial presequence	61(MPP)	0.246	14-18,18-22,42-46,47-51,58-62	13-22-high	-	-	-	-	-	22-27	-	-	12-17	21-26	-	-	-	-	
synMTS_7_497_hac1	0.048	No mitochondrial presequence	91(MPP)	0.253	51-55,60-64,63-67,88-92	6-17-low	-	-	-	-	-	-	-	-	-	-	-	-	-	-	
synMTS_7_498_hac1	0.098	No mitochondrial presequence	91(MPP)	0.253	3-7,13-17,25-29,29-33,38-42,88-92	19-28-high	-	-	4-9	-	3-8	-	-	-	-	-	-	-	-	-	
synMTS_7_499_hac1	0.138	No mitochondrial presequence	31(MPP)	0.226	66-70,74-78,86-90	10-19-high	-	-	9-14	-	-	-	-	-	-	-	-	-	-	-	
synMTS_7_500_hac1	0.182	No mitochondrial presequence	47(MPP)	0.255	22-26,26-30,44-48,90-94	4-13-high	-	-	-	23-28	-	14-19	9-14	-	-	8-13,13-18	-	-	-	-	
synMTS_7_501_hac1	0.088	No mitochondrial presequence	41(MPP)	0.244	11-15,38-42,59-63,73-77,92-96	4-15-high	-	-	-	-	-	-	-	-	-	-	-	10-15	-	-	
synMTS_7_502_hac1	0.051	No mitochondrial presequence	48(MPP)	0.271	27-31	21-30-high	-	-	-	-	-	-	-	-	-	-	-	-	-	-	
synMTS_7_503_hac1	0.042	No mitochondrial presequence	18(MPP)	0.222	25-29,68-72,79-83	20-29-low	-	-	-	-	-	-	-	-	-	-	-	-	-	-	
synMTS_7_504_hac1	0.042	No mitochondrial presequence	54(MPP)	0.259	15-19,18-22,24-28,47-51	10-19-high	-	-	-	-	18-23	-	-	-	-	-	-	-	-	-	
synMTS_7_505_hac1	0.111	No mitochondrial presequence	35(MPP)	0.257	3-7,53-57,83-87,86-90	13-22-high	-	-	-	-	-	-	-	-	-	-	-	-	-	-	
synMTS_7_506_hac1	0.055	No mitochondrial presequence	27(MPP)	0.222	21-25,50-54,85-89	21-30-high	-	-	-	-	-	-	-	-	-	-	-	-	-	-	
synMTS_7_507_hac1	0.095	No mitochondrial presequence	68(MPP)	0.265	16-20,23-27	18-27-high	-	-	-	-	-	-	19-24	-	-	-	-	-	-	-	
synMTS_7_508_hac1	0.021	No mitochondrial presequence	10(MPP)	0.200	51-55,56-60,59-63,96-100	13-22-high	-	-	-	-	-	-	-	-	-	-	-	-	-	-	
synMTS_7_509_hac1	0.031	No mitochondrial presequence	53(MPP)	0.283	6-10,50-54	5-14-high	-	-	-	-	-	-	-	-	-	-	-	-	-	-	
synMTS_7_510_hac1	0.049	No mitochondrial presequence	30(MPP), 31(Icp55)	0.233	42-46	5-14-high	-	-	-	-	-	-	-	-	-	-	-	-	-	-	
synMTS_7_511_hac1	0.021	No mitochondrial presequence	81(MPP)	0.272	8-12,43-47,55-59,58-62,61-65	11-20-low	-	-	-	-	-	-	-	-	-	-	-	-	-	-	
synMTS_7_512_hac1	0.109	No mitochondrial presequence	45(MPP)	0.267	18-22,29-33,33-37,89-93	12-22-high	-	-	-	-	-	-	-	-	-	-	-	-	18-23	-	
synMTS_7_513_hac1	0.158	No mitochondrial presequence	35(MPP)	0.286	8-12,16-20,47-51,64-68,69-73	12-21-high	-	-	-	-	-	-	-	-	-	-	-	15-20	-	-	
synMTS_7_514_hac1	0.324	No mitochondrial presequence	55(MPP)	0.273	10-14,13-17,20-24,24-28,52-56	16-28-high	-	4-9	14-19	-	10-15,13-18,20-25	-	-	-	-	-	-	-	-	-	
synMTS_7_515_hac1	0.166	No mitochondrial presequence	41(MPP)	0.244	38-42,42-46,52-56,55-59,73-77	6-15-high	-	-	-	-	-	-	-	-	-	-	-	-	-	-	
synMTS_7_516_hac1	0.092	No mitochondrial presequence	81(MPP)	0.247		10-21-high	-	-	15-20	-	-	-	-	-	-	-	-	-	-	-	
synMTS_7_517_hac1	0.072	No mitochondrial presequence	67(MPP)	0.239	3-7,25-29,40-44,49-53,64-68	13-22-high	-	14-19	-	-	-	-	-	-	-	-	-	-	3-8	-	
synMTS_7_518_hac1	0.033	No mitochondrial presequence	93(MPP)	0.258	23-27,27-31,31-35,42-46,59-63	21-30-high	-	-	-	-	-	-	-	-	-	-	-	-	-	-	
synMTS_7_519_hac1	0.028	No mitochondrial presequence	41(MPP)	0.244	26-30,43-47,46-50,64-68,80-84,84-88	21-30-high	-	-	-	-	-	-	-	-	-	-	-	-	-	-	
synMTS_7_520_hac1	0.233	No mitochondrial presequence	91(MPP)	0.253	10-14,31-35,80-84,85-89	7-16-high	-	-	-	-	-	-	14-19	-	-	13-18	-	-	-	-	
synMTS_7_521_hac1	0.061	No mitochondrial presequence	48(MPP)	0.271	23-27,29-33,91-95	18-27-high	-	-	-	-	23-28	-	19-24	-	-	-	-	-	-	-	
synMTS_7_522_hac1	0.080	No mitochondrial presequence	91(MPP)	0.231	12-16,22-26,34-38,39-43	17-26-high	-	-	-	-	-	-	-	-	-	-	-	21-26	-	-	
synMTS_7_523_hac1	0.010	No mitochondrial presequence	52(MPP)	0.250	26-30,67-71	11-20-high	-	-	-	-	-	-	-	-	-	-	-	-	-	-	
synMTS_7_524_hac1	0.106	No mitochondrial presequence	73(MPP)	0.274	24-28,28-32,54-58	9-18-high	-	-	-	-	-	-	-	-	-	-	-	23-28	-	-	
synMTS_7_525_hac1	0.107	No mitochondrial presequence	50(MPP)	0.260	94-98	12-24-high	-	-	-	-	-	-	24-29	-	-	23-28	-	-	-	-	
synMTS_7_526_hac1	0.068	No mitochondrial presequence	76(MPP)	0.237	7-11,28-32,47-51,58-62	9-18-high	-	-	-	-	-	-	-	-	18-23	-	-	-	-	-	
synMTS_7_527_hac1	0.011	No mitochondrial presequence	77(MPP)	0.247	69-73	19-30-high	-	-	-	-	-	-	-	-	-	-	-	-	-	-	
synMTS_7_528_hac1	0.058	No mitochondrial presequence	70(MPP)	0.271	46-50,67-71	10-20-high	-	23-28	-	-	-	-	-	-	-	-	-	-	-	-	
synMTS_7_529_hac1	0.033	No mitochondrial presequence	34(MPP)	0.235	13-17,46-50,86-90	19-28-high	-	-	-	-	-	-	-	-	-	-	-	-	-	-	
synMTS_7_530_hac1	0.040	No mitochondrial presequence	50(MPP)	0.260	24-28,32-36,93-97	8-17-high	-	-	-	-	-	-	-	-	-	-	-	-	-	-	
synMTS_7_531_hac1	0.034	No mitochondrial presequence	43(MPP), 44(Icp55)	0.279	59-63	21-30-high	-	-	-	-	-	-	-	-	-	-	-	-	-	-	
synMTS_7_532_hac1	0.088	No mitochondrial presequence	90(MPP)	0.244	4-8,68-72,73-77,77-81,82-86	1-10-high	-	-	-	-	-	-	-	-	-	-	-	-	-	-	
synMTS_7_533_hac1	0.053	No mitochondrial presequence	76(MPP)	0.250	7-11,12-16,15-19,40-44,43-47,53-57,70-74,73-77	11-20-high	-	-	-	-	12-17,15-20	-	-	-	-	-	-	-	-	-	
synMTS_7_534_hac1	0.047	No mitochondrial presequence	39(MPP)	0.231	14-18,18-22,31-35,46-50,50-54,55-59	14-23-high	-	-	-	-	14-19	-	-	-	-	-	-	-	-	-	
synMTS_7_535_hac1	0.025	No mitochondrial presequence	39(MPP)	0.256	25-29,40-44,44-48,52-56	17-30-high	-	-	-	-	-	-	-	-	-	-	-	-	-	-	
synMTS_7_536_hac1	0.023	No mitochondrial presequence	83(MPP)	0.241	80-84	17-28-high	-	19-24	-	-	-	-	-	-	-	-	-	-	-	-	
synMTS_7_537_hac1	0.117	No mitochondrial presequence	32(MPP)	0.219	19-23,24-28,38-42,70-74,77-81,93-97	16-27-high	-	-	-	-	-	-	-	-	-	-	-	23-28	-	-	
synMTS_7_538_hac1	0.174	No mitochondrial presequence	44(MPP)	0.273	13-17,87-91	17-29-high	-	-	-	-	-	-	-	-	-	-	-	-	-	-	
synMTS_7_539_hac1	0.140	No mitochondrial presequence	86(MPP)	0.256	4-8,30-34,36-40,59-63,64-68,67-71	12-21-high	-	-	-	-	-	-	-	14-19	-	-	-	-	-	13-18	
synMTS_7_540_hac1	0.038	No mitochondrial presequence	92(MPP)	0.174	25-29,83-87	21-30-high	-	-	-	-	-	-	-	-	-	-	-	24-29	-	-	
synMTS_7_541_hac1	0.037	No mitochondrial presequence	42(MPP)	0.262	5-9,18-22,51-55	16-25-high	-	-	-	-	-	-	-	-	-	-	-	-	-	-	
synMTS_7_542_hac1	0.033	No mitochondrial presequence	21(MPP)	0.286	31-35,35-39,56-60,70-74,73-77,96-100	10-19-high	-	17-22	-	-	-	23-28	-	-	-	22-27	-	-	-	-	
synMTS_7_543_hac1	0.066	No mitochondrial presequence	57(MPP)	0.263	38-42	4-13-high	-	-	-	-	-	9-14	-	-	-	-	-	-	-	8-13	
synMTS_7_544_hac1	0.109	No mitochondrial presequence	47(MPP)	0.255	3-7,91-95	2-11-high	-	13-18	-	-	-	-	-	-	-	-	-	-	-	-	
synMTS_7_545_hac1	0.057	No mitochondrial presequence	81(MPP)	0.259	29-33,32-36,48-52,62-66,78-82	4-13-high	-	-	-	-	-	-	-	-	-	-	-	-	-	-	
synMTS_7_546_hac1	0.076	No mitochondrial presequence	67(MPP)	0.269	27-31,38-42	17-26-high	-	-	-	-	-	-	-	-	-	-	-	-	-	-	
synMTS_7_547_hac1	0.063	No mitochondrial presequence	61(MPP)	0.262	80-84	21-30-high	-	-	-	-	-	12-17	-	-	-	-	-	-	-	11-16	
synMTS_7_548_hac1	0.085	No mitochondrial presequence	80(MPP)	0.237	20-24,31-35,45-49,58-62	16-25-high	-	-	-	-	20-25	-	-	-	-	-	-	-	-	-	
synMTS_7_549_hac1	0.083	No mitochondrial presequence	52(MPP)	0.269	26-30,95-99	3-12-high	-	-	-	-	-	18-23	-	-	-	-	-	-	-	-	
synMTS_7_550_hac1	0.074	No mitochondrial presequence	75(MPP)	0.267	8-12,12-16,25-29,42-46,62-66,79-83,82-86	8-18-high	-	-	-	-	-	-	-	-	-	-	-	11-16	-	-	
synMTS_7_551_hac1	0.214	No mitochondrial presequence	64(MPP)	0.250	10-14,37-41,42-46,46-50,49-53,62-66	3-14-high	-	-	16-21	-	-	-	-	-	-	-	-	-	-	-	
synMTS_7_552_hac1	0.306	No mitochondrial presequence	68(MPP)	0.265	19-23,47-51,60-64	18-27-high	-	25-30	-	-	-	23-28	-	-	-	22-27	-	-	-	-	
synMTS_7_553_hac1	0.148	No mitochondrial presequence	53(MPP)	0.245	21-25,65-69,91-95,96-100	4-16-high	-	-	-	-	-	-	8-13	-	-	-	-	-	-	-	
synMTS_7_554_hac1	0.075	No mitochondrial presequence	38(MPP)	0.289	31-35,40-44,45-49,53-57,81-85,85-89	19-28-high	-	-	-	-	-	21-26	-	-	-	20-25	-	-	-	-	
synMTS_7_555_hac1	0.331	No mitochondrial presequence	64(MPP)	0.234	7-11,21-25,26-30,32-36,36-40,40-44,52-56	5-14-high	-	-	-	-	-	-	2-7	-	-	1-6	-	25-30	-	-	
synMTS_7_556_hac1	0.023	No mitochondrial presequence	86(MPP)	0.256	16-20,37-41,49-53,53-57,59-63,64-68	2-12-high	-	-	-	-	16-21	-	-	-	-	-	-	-	-	-	
synMTS_7_557_hac1	0.063	No mitochondrial presequence	55(MPP)	0.273	13-17,29-33,32-36,90-94,94-98	9-18-high	-	-	-	-	-	-	8-13	-	-	-	-	-	-	7-12	
synMTS_7_558_hac1	0.064	No mitochondrial presequence	25(MPP)	0.240	32-36,47-51,59-63,68-72,91-95	11-20-high	-	-	-	-	-	-	2-7	-	-	1-6	-	-	-	-	
synMTS_7_559_hac1	0.024	No mitochondrial presequence	52(MPP)	0.269	18-22,95-99	14-25-high	-	-	-	-	-	-	-	-	-	-	-	-	-	-	
synMTS_7_560_hac1	0.159	No mitochondrial presequence	79(MPP)	0.253	7-11,46-50,68-72,77-81	5-14-high	-	-	-	-	7-12	-	-	-	-	-	-	-	-	-	
synMTS_7_561_hac1	0.026	No mitochondrial presequence	60(MPP)	0.233	11-15,15-19,29-33,44-48,53-57,57-61	11-20-high	-	-	-	-	-	-	-	-	-	-	-	-	-	-	
synMTS_7_562_hac1	0.104	No mitochondrial presequence	42(MPP)	0.262	18-22	16-25-high	-	-	-	-	-	-	13-18	-	-	-	-	-	-	-	
synMTS_7_563_hac1	0.078	No mitochondrial presequence	86(MPP)	0.279	9-13,58-62	2-11-high	-	-	-	-	-	-	-	-	1-6	-	-	-	-	-	
synMTS_7_564_hac1	0.121	No mitochondrial presequence	68(MPP), 69(Icp55)	0.250	37-41,41-45,45-49,65-69,71-75,96-100	2-11-high	-	-	-	-	-	-	-	-	-	-	-	-	-	-	
synMTS_7_565_hac1	0.153	No mitochondrial presequence	64(MPP)	0.234	5-9,31-35	20-29-high	-	-	-	-	-	-	21-26,25-30	-	-	-	-	-	-	24-29	
synMTS_7_566_hac1	0.044	No mitochondrial presequence	23(MPP)	0.217	28-32,42-46,69-73,85-89	4-13-high	-	-	-	-	-	-	-	-	-	-	-	-	-	-	
synMTS_7_567_hac1	0.022	No mitochondrial presequence	41(MPP)	0.293	14-18,69-73	14-23-high	-	-	-	-	-	-	-	-	-	-	-	-	-	-	
synMTS_7_568_hac1	0.093	No mitochondrial presequence	58(MPP)	0.224	12-16,15-19,19-23,37-41,45-49	12-23-high	-	-	-	-	-	-	-	-	-	-	-	-	-	-	
synMTS_7_569_hac1	0.047	No mitochondrial presequence	45(MPP)	0.222	19-23,24-28,89-93	20-29-high	-	-	-	-	-	-	-	-	22-27	-	-	-	-	-	
synMTS_7_570_hac1	0.025	No mitochondrial presequence	65(MPP)	0.231	14-18	7-16-high	-	-	-	-	-	-	-	-	-	-	-	-	-	-	
synMTS_7_571_hac1	0.056	No mitochondrial presequence	78(MPP)	0.269	3-7,7-11,17-21,72-76	2-11-high	-	-	-	-	-	-	-	-	-	-	-	2-7	-	-	
synMTS_7_572_hac1	0.186	No mitochondrial presequence	88(MPP)	0.273	34-38,76-80,80-84,86-90	15-24-high	-	-	21-26	-	-	-	-	-	-	-	-	-	-	-	
synMTS_7_573_hac1	0.074	No mitochondrial presequence	5(MPP)	0.000	28-32,38-42,45-49,48-52	10-19-high	-	-	-	-	-	-	-	-	-	-	1-6	-	-	-	
synMTS_7_574_hac1	0.101	No mitochondrial presequence	8(MPP)	0.125	55-59,73-77,83-87	1-11-high	-	18-23	-	-	-	-	4-9	-	-	3-8	-	-	-	-	
synMTS_7_575_hac1	0.089	No mitochondrial presequence	71(MPP)	0.239	11-15	9-18-high	-	-	-	-	-	-	-	-	-	-	2-7	10-15	-	-	
synMTS_7_576_hac1	0.090	No mitochondrial presequence	87(MPP)	0.253	15-19,27-31,37-41,84-88	6-17-high	-	-	-	-	-	-	-	-	-	-	-	-	-	-	
synMTS_7_577_hac1	0.069	No mitochondrial presequence	92(MPP)	0.261	10-14,30-34,53-57,69-73,84-88,89-93	1-11-high	-	-	-	-	-	-	-	-	8-13	-	-	-	-	-	
synMTS_7_578_hac1	0.148	No mitochondrial presequence	62(MPP)	0.258	2-6,41-45,44-48,59-63	1-10-high	-	-	3-8	-	2-7	-	-	-	-	-	-	-	-	-	
synMTS_7_579_hac1	0.124	No mitochondrial presequence	24(MPP)	0.250	11-15,14-18	7-16-high	-	-	-	-	11-16,14-19	-	-	-	-	-	-	-	-	-	
synMTS_7_580_hac1	0.109	No mitochondrial presequence	74(MPP)	0.270	14-18,55-59,72-76	3-12-high	-	10-15	-	-	-	-	-	-	-	-	-	-	-	-	
synMTS_7_581_hac1	0.210	No mitochondrial presequence	62(MPP)	0.258	11-15,29-33	17-28-high	-	-	-	-	11-16	-	24-29	-	-	-	-	-	-	-	
synMTS_7_582_hac1	0.082	No mitochondrial presequence	76(MPP), 77(Icp55)	0.237	4-8,39-43,88-92	12-23-high	-	-	-	-	-	-	-	24-29	-	23-28	-	-	-	-	
synMTS_7_583_hac1	0.146	No mitochondrial presequence	44(MPP)	0.273	27-31,87-91	2-11-high	-	23-28	-	-	-	-	-	-	-	-	-	-	-	-	
synMTS_7_584_hac1	0.341	No mitochondrial presequence	42(MPP)	0.262	6-10,9-13,15-19,36-40,39-43,86-90	15-24-high	-	-	-	-	6-11,9-14	-	-	-	-	-	-	-	-	-	
synMTS_7_585_hac1	0.048	No mitochondrial presequence	51(MPP)	0.255	16-20,21-25,36-40,44-48,94-98	16-25-high	-	-	-	-	-	-	-	-	24-29	-	-	-	-	-	
synMTS_7_586_hac1	0.131	No mitochondrial presequence	65(MPP)	0.246	26-30,29-33,53-57	14-23-high	-	-	4-9	-	-	-	14-19	-	-	13-18	-	-	-	-	
synMTS_7_587_hac1	0.079	No mitochondrial presequence	86(MPP)	0.256	19-23,23-27,35-39	18-27-high	-	-	-	-	-	-	-	-	-	-	-	18-23	-	-	
synMTS_7_588_hac1	0.076	No mitochondrial presequence	49(MPP)	0.265	3-7,13-17,18-22,53-57,78-82	3-12-high	-	-	-	-	-	-	-	-	1-6	-	-	-	-	-	
synMTS_7_589_hac1	0.041	No mitochondrial presequence	41(MPP)	0.244	34-38,38-42	21-30-high	-	-	-	-	-	-	-	-	-	-	-	-	-	-	
synMTS_7_590_hac1	0.022	No mitochondrial presequence	72(MPP)	0.236	35-39,49-53,52-56	1-10-low	-	-	-	-	-	-	-	-	-	-	-	-	-	-	
synMTS_7_591_hac1	0.115	No mitochondrial presequence	73(MPP)	0.233	4-8,27-31,57-61,70-74	3-12-high	-	-	-	-	4-9	-	7-12	-	-	-	-	-	-	-	
synMTS_7_592_hac1	0.101	No mitochondrial presequence	59(MPP)	0.271	10-14,18-22,22-26,29-33,32-36,47-51,51-55	18-29-high	-	-	-	-	-	-	-	-	-	-	-	21-26	18-23	-	
synMTS_7_593_hac1	0.096	No mitochondrial presequence	53(MPP)	0.283	7-11	5-14-high	-	-	-	-	-	-	-	-	-	-	-	-	-	-	
synMTS_7_594_hac1	0.032	No mitochondrial presequence	70(MPP)	0.257	33-37	1-11-high	-	-	-	-	-	-	-	-	-	-	-	-	-	-	
synMTS_7_595_hac1	0.063	No mitochondrial presequence	44(MPP)	0.250	2-6,5-9,41-45,87-91	1-10-high	-	-	-	-	-	-	-	-	-	-	-	1-6	-	-	
synMTS_7_596_hac1	0.007	No mitochondrial presequence	48(MPP)	0.250	45-49,91-95	9-18-high	-	-	-	-	-	-	-	-	-	-	-	-	-	-	
synMTS_7_597_hac1	0.045	No mitochondrial presequence	61(MPP)	0.262	14-18,22-26,34-38,49-53,58-62	13-22-high	-	-	-	-	14-19	-	-	-	-	-	-	-	-	-	
synMTS_7_598_hac1	0.053	No mitochondrial presequence	46(MPP)	0.239	18-22,89-93	18-29-high	-	-	-	-	-	-	-	-	-	-	-	-	-	-	
synMTS_7_599_hac1	0.043	No mitochondrial presequence	20(MPP)	0.250	5-9,49-53,75-79,85-89	21-30-high	-	-	-	-	-	-	-	-	-	-	-	-	-	-	
synMTS_7_600_hac1	0.083	No mitochondrial presequence	28(MPP), 36(Oct1)	0.286	2-6,12-16,38-42,42-46,46-50,49-53,57-61,60-64,70-74,74-78	18-29-high	-	20-25	-	3-8	12-17	-	-	-	-	-	-	-	-	-	
synMTS_8_401_hac1	0.007	No mitochondrial presequence	44(MPP)	-0.159	87-91	3-14-low	-	-	-	-	-	-	-	-	-	-	-	-	-	-	
synMTS_8_402_hac1	0.002	No mitochondrial presequence	52(MPP)	-0.173	49-53,95-99	7-16-low	-	-	-	-	-	-	-	-	-	-	-	-	-	-	
synMTS_8_403_hac1	0.000	No mitochondrial presequence	67(MPP)	-0.194	54-58	11-21-low	-	-	-	-	-	-	-	-	-	-	-	-	-	-	
synMTS_8_404_hac1	0.008	No mitochondrial presequence	91(MPP)	-0.220	88-92	11-22-low	-	-	-	-	-	-	-	-	-	-	-	-	-	-	
synMTS_8_405_hac1	0.007	No mitochondrial presequence	16(MPP)	-0.250	93-97	3-13-low	-	-	-	-	-	-	-	-	-	-	-	-	-	-	
synMTS_8_406_hac1	0.011	No mitochondrial presequence	76(MPP)	-0.197	17-21	1-10-low	-	-	-	-	-	-	-	-	-	-	-	-	-	-	
synMTS_8_407_hac1	0.000	No mitochondrial presequence	75(MPP)	-0.200		1-14-low	-	-	-	-	-	-	-	-	-	-	-	-	-	-	
synMTS_8_408_hac1	0.006	No mitochondrial presequence	44(MPP)	-0.159	88-92	15-24-low	-	-	-	-	-	-	-	-	-	-	-	-	-	-	
synMTS_8_409_hac1	0.000	No mitochondrial presequence	74(MPP)	-0.189		4-13-low	-	-	-	-	-	-	-	-	-	-	-	-	-	-	
synMTS_8_410_hac1	0.000	No mitochondrial presequence	63(MPP)	-0.175		4-13-low	-	-	-	-	-	-	-	-	-	-	-	-	-	-	
synMTS_8_411_hac1	0.000	No mitochondrial presequence	50(MPP)	-0.200	47-51,94-98	11-20-low	-	-	-	-	-	-	-	-	-	-	-	-	-	-	
synMTS_8_412_hac1	0.003	No mitochondrial presequence	77(MPP)	-0.221		21-30-low	-	-	-	-	-	-	-	-	-	-	-	-	-	-	
synMTS_8_413_hac1	0.002	No mitochondrial presequence	35(MPP)	-0.229		6-16-low	-	-	-	-	-	-	-	-	-	-	-	-	-	-	
synMTS_8_414_hac1	0.000	No mitochondrial presequence	18(MPP)	-0.222		17-26-low	-	-	-	-	-	-	-	-	-	-	-	-	-	-	
synMTS_8_415_hac1	0.003	No mitochondrial presequence	69(MPP)	-0.232		11-20-low	-	-	-	-	-	-	-	-	-	-	-	-	-	-	
synMTS_8_416_hac1	0.002	No mitochondrial presequence	37(MPP)	-0.243		1-10-low	-	-	-	-	-	-	-	-	-	-	-	-	-	-	
synMTS_8_417_hac1	0.007	No mitochondrial presequence	55(MPP)	-0.200		15-24-low	-	-	-	-	-	-	-	-	-	-	-	-	-	-	
synMTS_8_418_hac1	0.044	No mitochondrial presequence	55(MPP)	-0.218		1-10-low	-	-	-	-	-	-	-	-	-	-	-	-	-	-	
synMTS_8_419_hac1	0.003	No mitochondrial presequence	54(MPP)	-0.148		4-13-low	-	-	-	-	-	-	-	-	-	-	-	-	-	-	
synMTS_8_420_hac1	0.001	No mitochondrial presequence	35(MPP)	-0.229		15-24-low	-	-	-	-	-	-	-	-	-	-	-	-	-	-	
synMTS_8_421_hac1	0.005	No mitochondrial presequence	58(MPP)	-0.172	55-59	14-23-low	-	-	-	-	-	-	-	-	-	-	-	-	-	-	
synMTS_8_422_hac1	0.014	No mitochondrial presequence	71(MPP)	-0.197		19-30-low	-	-	-	-	-	-	-	-	-	-	-	-	-	-	
synMTS_8_423_hac1	0.009	No mitochondrial presequence	76(MPP)	-0.197	14-18	10-19-low	-	-	-	-	-	-	-	-	-	-	-	-	-	-	
synMTS_8_424_hac1	0.006	No mitochondrial presequence	41(MPP)	-0.171	38-42,84-88	12-21-low	-	-	-	-	-	-	-	-	-	-	-	-	-	-	
synMTS_8_425_hac1	0.001	No mitochondrial presequence	21(MPP)	-0.238		16-25-low	-	-	-	-	-	-	-	-	-	-	-	-	-	-	
synMTS_8_426_hac1	0.003	No mitochondrial presequence	89(MPP)	-0.225	6-10,10-14	2-14-high	-	-	-	-	-	-	-	-	-	-	-	-	-	-	
synMTS_8_427_hac1	0.000	No mitochondrial presequence	13(MPP), 14(Icp55)	-0.231		3-12-low	-	-	-	-	-	-	-	-	-	-	-	-	-	-	
synMTS_8_428_hac1	0.000	No mitochondrial presequence	47(MPP)	-0.213		2-13-low	-	-	-	-	-	-	-	-	-	-	-	-	-	-	
synMTS_8_429_hac1	0.000	No mitochondrial presequence	28(MPP)	-0.214		17-26-low	-	-	-	-	-	-	-	-	-	-	-	-	-	-	
synMTS_8_430_hac1	0.007	No mitochondrial presequence	67(MPP)	-0.194		2-12-low	-	-	-	-	-	-	-	-	-	-	-	-	-	-	
synMTS_8_431_hac1	0.014	No mitochondrial presequence	56(MPP)	-0.161	10-14	14-23-low	-	-	-	-	-	-	-	-	-	-	-	-	-	-	
synMTS_8_432_hac1	0.004	No mitochondrial presequence	64(MPP)	-0.188		14-23-low	-	-	-	-	-	-	-	-	-	-	-	-	-	-	
synMTS_8_433_hac1	0.001	No mitochondrial presequence	21(MPP)	-0.238		8-17-low	-	-	-	-	-	-	-	-	-	-	-	-	-	-	
synMTS_8_434_hac1	0.000	No mitochondrial presequence	84(MPP)	-0.202		15-28-low	-	-	-	-	-	-	-	-	-	-	-	-	-	-	
synMTS_8_435_hac1	0.004	No mitochondrial presequence	13(MPP)	-0.231		3-12-low	-	-	-	-	-	-	-	-	-	-	-	-	-	-	
synMTS_8_436_hac1	0.001	No mitochondrial presequence	40(MPP)	-0.225		20-29-low	-	-	-	-	-	-	-	-	-	-	-	-	-	-	
synMTS_8_437_hac1	0.000	No mitochondrial presequence	20(MPP)	-0.250		10-19-low	-	-	-	-	-	-	-	-	-	-	-	-	-	-	
synMTS_8_438_hac1	0.024	No mitochondrial presequence	23(MPP)	-0.261		1-10-low	-	-	-	-	-	-	-	-	-	-	-	-	-	-	
synMTS_8_439_hac1	0.000	No mitochondrial presequence	51(MPP)	-0.216		14-23-low	-	-	-	-	-	-	-	-	-	-	-	-	-	-	
synMTS_8_440_hac1	0.019	No mitochondrial presequence	5(MPP)	-0.200		16-28-low	-	-	-	-	-	-	-	-	-	-	-	-	-	-	
synMTS_8_441_hac1	0.001	No mitochondrial presequence	34(MPP)	-0.206		20-29-low	-	-	-	-	-	-	-	-	-	-	-	-	-	-	
synMTS_8_442_hac1	0.001	No mitochondrial presequence	61(MPP)	-0.197		15-24-low	-	-	-	-	-	-	-	-	-	-	-	-	-	-	
synMTS_8_443_hac1	0.000	No mitochondrial presequence	53(MPP)	-0.151	96-100	16-25-low	-	-	-	-	-	-	-	-	-	-	-	-	-	-	
synMTS_8_444_hac1	0.000	No mitochondrial presequence	25(MPP)	-0.240		21-30-low	-	-	-	-	-	-	-	-	-	-	-	-	-	-	
synMTS_8_445_hac1	0.002	No mitochondrial presequence	15(MPP)	-0.200		8-17-low	-	-	-	-	-	-	-	-	-	-	-	-	-	-	
synMTS_8_446_hac1	0.002	No mitochondrial presequence	49(MPP)	-0.204	93-97	4-13-low	-	-	-	-	-	-	-	-	-	-	-	-	-	-	
synMTS_8_447_hac1	0.002	No mitochondrial presequence	38(MPP)	-0.211		13-22-low	-	-	-	-	-	-	-	-	-	-	-	-	-	-	
synMTS_8_448_hac1	0.000	No mitochondrial presequence	64(MPP)	-0.219	58-62	13-22-low	-	-	-	-	-	-	-	-	-	-	-	-	-	-	
synMTS_8_449_hac1	0.002	No mitochondrial presequence	62(MPP)	-0.177		3-14-low	-	-	-	-	-	-	-	-	-	-	-	-	-	-	
synMTS_8_450_hac1	0.006	No mitochondrial presequence	50(MPP)	-0.180	94-98	12-21-low	-	-	-	-	-	-	-	-	-	-	-	-	-	-	
synMTS_8_451_hac1	0.008	No mitochondrial presequence	51(MPP)	-0.176	94-98	21-30-low	-	-	-	-	-	-	-	-	-	-	-	-	-	-	
synMTS_8_452_hac1	0.000	No mitochondrial presequence	41(MPP)	-0.171	85-89	17-26-low	-	-	-	-	-	-	-	-	-	-	-	-	-	-	
synMTS_8_453_hac1	0.001	No mitochondrial presequence	95(MPP)	-0.211		10-19-low	-	-	-	-	-	-	-	-	-	-	-	-	-	-	
synMTS_8_454_hac1	0.021	No mitochondrial presequence	30(MPP)	-0.200		1-10-low	-	-	-	-	-	-	-	-	-	-	-	-	-	-	
synMTS_8_455_hac1	0.000	No mitochondrial presequence	46(MPP)	-0.217		3-14-low	-	-	-	-	-	-	-	-	-	-	-	-	-	-	
synMTS_8_456_hac1	0.012	No mitochondrial presequence	52(MPP)	-0.192	1-5,49-53,96-100	12-22-low	-	-	-	-	-	-	-	-	-	-	-	-	-	-	
synMTS_8_457_hac1	0.002	No mitochondrial presequence	68(MPP)	-0.162		2-11-low	-	-	-	-	-	-	-	-	-	-	-	-	-	-	
synMTS_8_458_hac1	0.020	No mitochondrial presequence	32(MPP)	-0.219		5-14-low	-	-	-	-	-	-	-	-	-	-	-	-	-	-	
synMTS_8_459_hac1	0.002	No mitochondrial presequence	47(MPP)	-0.170	91-95	21-30-low	-	-	-	-	-	-	-	-	-	-	-	-	-	-	
synMTS_8_460_hac1	0.006	No mitochondrial presequence	82(MPP)	-0.183		19-28-low	-	-	-	-	-	-	-	-	-	-	-	-	-	-	
synMTS_8_461_hac1	0.000	No mitochondrial presequence	63(MPP)	-0.206		8-17-low	-	-	-	-	-	-	-	-	-	-	-	-	-	-	
synMTS_8_462_hac1	0.000	No mitochondrial presequence	24(MPP)	-0.250		3-12-low	-	-	-	-	-	-	-	-	-	-	-	-	-	-	
synMTS_8_463_hac1	0.001	No mitochondrial presequence	36(MPP)	-0.222		16-27-low	-	-	-	-	-	-	-	-	-	-	-	-	-	-	
synMTS_8_464_hac1	0.001	No mitochondrial presequence	45(MPP)	-0.156	89-93	6-17-low	-	-	-	-	-	-	-	-	-	-	-	-	-	-	
synMTS_8_465_hac1	0.000	No mitochondrial presequence	74(MPP)	-0.230		18-29-low	-	-	-	-	-	-	-	-	-	-	-	-	-	-	
synMTS_8_466_hac1	0.002	No mitochondrial presequence	95(MPP)	-0.179	92-96	4-13-low	-	-	-	-	-	-	-	-	-	-	-	-	-	-	
synMTS_8_467_hac1	0.021	No mitochondrial presequence	45(MPP)	-0.222	16-20	16-27-low	-	-	-	-	-	-	-	-	-	-	-	-	-	-	
synMTS_8_468_hac1	0.008	No mitochondrial presequence	84(MPP)	-0.226		17-26-low	-	-	-	-	-	-	-	-	-	-	-	-	-	-	
synMTS_8_469_hac1	0.005	No mitochondrial presequence	42(MPP)	-0.190	86-90	6-15-low	-	-	-	-	-	-	-	-	-	-	-	-	-	-	
synMTS_8_470_hac1	0.001	No mitochondrial presequence	11(MPP)	-0.182		1-10-high	-	-	-	-	-	-	-	-	-	-	-	-	-	-	
synMTS_8_471_hac1	0.000	No mitochondrial presequence	76(MPP)	-0.184		3-13-low	-	-	-	-	-	-	-	-	-	-	-	-	-	-	
synMTS_8_472_hac1	0.009	No mitochondrial presequence	58(MPP)	-0.190	55-59	3-12-low	-	-	-	-	-	-	-	-	-	-	-	-	-	-	
synMTS_8_473_hac1	0.000	No mitochondrial presequence	22(MPP)	-0.273		12-27-low	-	-	-	-	-	-	-	-	-	-	-	-	-	-	
synMTS_8_474_hac1	0.000	No mitochondrial presequence	88(MPP)	-0.205	85-89	12-21-low	-	-	-	-	-	-	-	-	-	-	-	-	-	-	
synMTS_8_475_hac1	0.001	No mitochondrial presequence	47(MPP)	-0.149	90-94	15-24-low	-	-	-	-	-	-	-	-	-	-	-	-	-	-	
synMTS_8_476_hac1	0.000	No mitochondrial presequence	42(MPP)	-0.190	86-90	13-22-low	-	-	-	-	-	-	-	-	-	-	-	-	-	-	
synMTS_8_477_hac1	0.002	No mitochondrial presequence	71(MPP)	-0.183		8-17-low	-	-	-	-	-	-	-	-	-	-	-	-	-	-	
synMTS_8_478_hac1	0.000	No mitochondrial presequence	12(MPP)	-0.250		2-11-low	-	-	-	-	-	-	-	-	-	-	-	-	-	-	
synMTS_8_479_hac1	0.001	No mitochondrial presequence	45(MPP)	-0.200	88-92	13-22-low	-	-	-	-	-	-	-	-	-	-	-	-	-	-	
synMTS_8_480_hac1	0.001	No mitochondrial presequence	82(MPP)	-0.207		21-30-low	-	-	-	-	-	-	-	-	-	-	-	-	-	-	
synMTS_8_481_hac1	0.005	No mitochondrial presequence	33(MPP)	-0.242	49-53	12-21-low	-	-	-	-	-	-	-	-	-	-	-	-	-	-	
synMTS_8_482_hac1	0.005	No mitochondrial presequence	52(MPP)	-0.154	49-53,95-99	20-29-low	-	-	-	-	-	-	-	-	-	-	-	-	-	-	
synMTS_8_483_hac1	0.000	No mitochondrial presequence	27(MPP)	-0.222		18-28-low	-	-	-	-	-	-	-	-	-	-	-	-	-	-	
synMTS_8_484_hac1	0.001	No mitochondrial presequence	75(MPP)	-0.173		9-18-low	-	-	-	-	-	-	-	-	-	-	-	-	-	-	
synMTS_8_485_hac1	0.008	No mitochondrial presequence	41(MPP)	-0.171	38-42,85-89	15-24-low	-	-	-	-	-	-	-	-	-	-	-	-	-	-	
synMTS_8_486_hac1	0.017	No mitochondrial presequence	72(MPP)	-0.181		6-15-low	-	-	-	-	-	-	-	-	-	-	-	-	-	-	
synMTS_8_487_hac1	0.001	No mitochondrial presequence	65(MPP), 66(Icp55)	-0.200		2-12-low	-	-	-	-	-	-	-	-	-	-	-	-	-	-	
synMTS_8_488_hac1	0.001	No mitochondrial presequence	27(MPP)	-0.259		21-30-low	-	-	-	-	-	-	-	-	-	-	-	-	-	-	
synMTS_8_489_hac1	0.000	No mitochondrial presequence	90(MPP)	-0.200		9-18-low	-	-	-	-	-	-	-	-	-	-	-	-	-	-	
synMTS_8_490_hac1	0.002	No mitochondrial presequence	4(MPP)	-0.250		21-30-low	-	-	-	-	-	-	-	-	-	-	-	-	-	-	
synMTS_8_491_hac1	0.002	No mitochondrial presequence	43(MPP)	-0.233	79-83	7-16-high	-	-	-	-	-	-	-	-	-	-	-	-	-	-	
synMTS_8_492_hac1	0.000	No mitochondrial presequence	61(MPP)	-0.230	27-31	15-24-low	-	-	-	-	-	-	-	-	-	-	-	-	-	-	
synMTS_8_493_hac1	0.023	No mitochondrial presequence	55(MPP)	-0.236		8-17-low	-	-	-	-	-	-	-	-	-	-	-	-	-	-	
synMTS_8_494_hac1	0.000	No mitochondrial presequence	80(MPP)	-0.175		10-21-low	-	-	-	-	-	-	-	-	-	-	-	-	-	-	
synMTS_8_495_hac1	0.001	No mitochondrial presequence	54(MPP)	-0.167	51-55	16-26-low	-	-	-	-	-	-	-	-	-	-	-	-	-	-	
synMTS_8_496_hac1	0.001	No mitochondrial presequence	28(MPP)	-0.250		15-25-low	-	-	-	-	-	-	-	-	-	-	-	-	-	-	
synMTS_8_497_hac1	0.001	No mitochondrial presequence	67(MPP)	-0.209		1-11-low	-	-	-	-	-	-	-	-	-	-	-	-	-	-	
synMTS_8_498_hac1	0.001	No mitochondrial presequence	63(MPP), 64(Icp55)	-0.222		12-21-low	-	-	-	-	-	-	-	-	-	-	-	-	-	-	
synMTS_8_499_hac1	0.001	No mitochondrial presequence	59(MPP)	-0.186	56-60	3-12-low	-	-	-	-	-	-	-	-	-	-	-	-	-	-	
synMTS_8_500_hac1	0.001	No mitochondrial presequence	54(MPP)	-0.167		3-12-low	-	-	-	-	-	-	-	-	-	-	-	-	-	-	
synMTS_8_501_hac1	0.017	No mitochondrial presequence	46(MPP)	-0.152	9-13,43-47,90-94	9-18-low	-	-	-	-	-	-	-	-	-	-	-	-	-	-	
synMTS_8_502_hac1	0.001	No mitochondrial presequence	54(MPP)	-0.185	51-55	17-27-low	-	-	-	-	-	-	-	-	-	-	-	-	-	-	
synMTS_8_503_hac1	0.000	No mitochondrial presequence	81(MPP)	-0.198		2-11-low	-	-	-	-	-	-	-	-	-	-	-	-	-	-	
synMTS_8_504_hac1	0.001	No mitochondrial presequence	83(MPP)	-0.205	60-64	2-11-low	-	-	-	-	-	-	-	-	-	-	-	-	-	-	
synMTS_8_505_hac1	0.003	No mitochondrial presequence	55(MPP), 63(Oct1)	-0.200	1-5	15-24-low	-	-	-	-	-	-	-	-	-	-	-	-	-	-	
synMTS_8_506_hac1	0.000	No mitochondrial presequence	89(MPP), 90(Icp55)	-0.225	92-96,96-100	15-25-low	-	-	-	-	-	-	-	-	-	-	-	-	-	-	
synMTS_8_507_hac1	0.000	No mitochondrial presequence	53(MPP)	-0.189	50-54	11-22-low	-	-	-	-	-	-	-	-	-	-	-	-	-	-	
synMTS_8_508_hac1	0.003	No mitochondrial presequence	62(MPP)	-0.177		17-28-low	-	-	-	-	-	-	-	-	-	-	-	-	-	-	
synMTS_8_509_hac1	0.016	No mitochondrial presequence	27(MPP)	-0.222		13-22-low	-	-	-	-	-	-	-	-	-	-	-	-	-	-	
synMTS_8_510_hac1	0.004	No mitochondrial presequence	90(MPP)	-0.200		8-17-low	-	-	-	-	-	-	-	-	-	-	-	-	-	-	
synMTS_8_511_hac1	0.000	No mitochondrial presequence	91(MPP)	-0.220		9-18-low	-	-	-	-	-	-	-	-	-	-	-	-	-	-	
synMTS_8_512_hac1	0.001	No mitochondrial presequence	56(MPP)	-0.179	53-57	16-27-low	-	-	-	-	-	-	-	-	-	-	-	-	-	-	
synMTS_8_513_hac1	0.000	No mitochondrial presequence	73(MPP)	-0.192		11-22-low	-	-	-	-	-	-	-	-	-	-	-	-	-	-	
synMTS_8_514_hac1	0.001	No mitochondrial presequence	86(MPP)	-0.198		1-10-low	-	-	-	-	-	-	-	-	-	-	-	-	-	-	
synMTS_8_515_hac1	0.004	No mitochondrial presequence	83(MPP)	-0.229		20-29-low	-	-	-	-	-	-	-	-	-	-	-	-	-	-	
synMTS_8_516_hac1	0.000	No mitochondrial presequence	11(MPP)	-0.182	32-36	16-25-low	-	-	-	-	-	-	-	-	-	-	-	-	-	-	
synMTS_8_517_hac1	0.002	No mitochondrial presequence	59(MPP)	-0.169		9-18-low	-	-	-	-	-	-	-	-	-	-	-	-	-	-	
synMTS_8_518_hac1	0.000	No mitochondrial presequence	47(MPP)	-0.170	90-94	12-21-low	-	-	-	-	-	-	-	-	-	-	-	-	-	-	
synMTS_8_519_hac1	0.001	No mitochondrial presequence	73(MPP)	-0.205	71-75	11-22-low	-	-	-	-	-	-	-	-	-	-	-	-	-	-	
synMTS_8_520_hac1	0.000	No mitochondrial presequence	64(MPP)	-0.188		1-10-low	-	-	-	-	-	-	-	-	-	-	-	-	-	-	
synMTS_8_521_hac1	0.001	No mitochondrial presequence	19(MPP)	-0.263		17-26-low	-	-	-	-	-	-	-	-	-	-	-	-	-	-	
synMTS_8_522_hac1	0.002	No mitochondrial presequence	9(MPP)	-0.222	95-99	20-29-low	-	-	-	-	-	-	-	-	-	-	-	-	-	-	
synMTS_8_523_hac1	0.002	No mitochondrial presequence	85(MPP)	-0.200		19-28-low	-	-	-	-	-	-	-	-	-	-	-	-	-	-	
synMTS_8_524_hac1	0.001	No mitochondrial presequence	87(MPP)	-0.195	84-88	13-22-low	-	-	-	-	-	-	-	-	-	-	-	-	-	-	
synMTS_8_525_hac1	0.001	No mitochondrial presequence	38(MPP)	-0.237	95-99	2-11-low	-	-	-	-	-	-	-	-	-	-	-	-	-	-	
synMTS_8_526_hac1	0.001	No mitochondrial presequence	76(MPP)	-0.197	57-61,61-65,73-77	3-14-low	-	-	-	-	-	-	-	-	-	-	-	-	-	-	
synMTS_8_527_hac1	0.000	No mitochondrial presequence	63(MPP)	-0.175		19-28-low	-	-	-	-	-	-	-	-	-	-	-	-	-	-	
synMTS_8_528_hac1	0.001	No mitochondrial presequence	50(MPP)	-0.180	47-51,93-97	16-25-low	-	-	-	-	-	-	-	-	-	-	-	-	-	-	
synMTS_8_529_hac1	0.001	No mitochondrial presequence	50(MPP)	-0.160	94-98	9-18-low	-	-	-	-	-	-	-	-	-	-	-	-	-	-	
synMTS_8_530_hac1	0.003	No mitochondrial presequence	58(MPP)	-0.190		18-27-low	-	-	-	-	-	-	-	-	-	-	-	-	-	-	
synMTS_8_531_hac1	0.000	No mitochondrial presequence	48(MPP)	-0.167	91-95	11-20-low	-	-	-	-	-	-	-	-	-	-	-	-	-	-	
synMTS_8_532_hac1	0.007	No mitochondrial presequence	13(MPP), 14(Icp55)	-0.231	30-34	5-14-low	-	-	-	-	-	-	-	-	-	-	-	-	-	-	
synMTS_8_533_hac1	0.001	No mitochondrial presequence	89(MPP)	-0.236		17-26-low	-	-	-	-	-	-	-	-	-	-	-	-	-	-	
synMTS_8_534_hac1	0.000	No mitochondrial presequence	40(MPP)	-0.200		1-10-low	-	-	-	-	-	-	-	-	-	-	-	-	-	-	
synMTS_8_535_hac1	0.000	No mitochondrial presequence	74(MPP)	-0.203		3-12-low	-	-	-	-	-	-	-	-	-	-	-	-	-	-	
synMTS_8_536_hac1	0.001	No mitochondrial presequence	64(MPP)	-0.188		16-26-low	-	-	-	-	-	-	-	-	-	-	-	-	-	-	
synMTS_8_537_hac1	0.015	No mitochondrial presequence	40(MPP)	-0.200	84-88	11-20-low	-	-	-	-	-	-	-	-	-	-	-	-	-	-	
synMTS_8_538_hac1	0.000	No mitochondrial presequence	68(MPP)	-0.176		20-29-low	-	-	-	-	-	-	-	-	-	-	-	-	-	-	
synMTS_8_539_hac1	0.003	No mitochondrial presequence	55(MPP)	-0.164		8-17-low	-	-	-	-	-	-	-	-	-	-	-	-	-	-	
synMTS_8_540_hac1	0.002	No mitochondrial presequence	68(MPP)	-0.176		6-15-low	-	-	-	-	-	-	-	-	-	-	-	-	-	-	
synMTS_8_541_hac1	0.010	No mitochondrial presequence	73(MPP)	-0.192		20-29-high	-	-	-	-	-	-	-	-	-	-	-	-	-	-	
synMTS_8_542_hac1	0.008	No mitochondrial presequence	82(MPP)	-0.183		5-14-low	-	-	-	-	-	-	-	-	-	-	-	-	-	-	
synMTS_8_543_hac1	0.001	No mitochondrial presequence	63(MPP)	-0.190		2-11-low	-	-	-	-	-	-	-	-	-	-	-	-	-	-	
synMTS_8_544_hac1	0.006	No mitochondrial presequence	93(MPP)	-0.237		14-23-low	-	-	-	-	-	-	-	-	-	-	-	-	-	-	
synMTS_8_545_hac1	0.000	No mitochondrial presequence	13(MPP), 14(Icp55)	-0.231		10-19-low	-	-	-	-	-	-	-	-	-	-	-	-	-	-	
synMTS_8_546_hac1	0.000	No mitochondrial presequence	89(MPP)	-0.202		11-20-low	-	-	-	-	-	-	-	-	-	-	-	-	-	-	
synMTS_8_547_hac1	0.000	No mitochondrial presequence	11(MPP)	-0.273		17-27-low	-	-	-	-	-	-	-	-	-	-	-	-	-	-	
synMTS_8_548_hac1	0.001	No mitochondrial presequence	5(MPP)	-0.200		11-20-low	-	-	-	-	-	-	-	-	-	-	-	-	-	-	
synMTS_8_549_hac1	0.000	No mitochondrial presequence	71(MPP)	-0.211		7-16-low	-	-	-	-	-	-	-	-	-	-	-	-	-	-	
synMTS_8_550_hac1	0.001	No mitochondrial presequence	94(MPP)	-0.021	85-89	6-15-low	-	-	-	-	-	-	-	-	-	-	-	-	-	-	
synMTS_8_551_hac1	0.002	No mitochondrial presequence	60(MPP)	-0.200		8-17-low	-	-	-	-	-	-	-	-	-	-	-	-	-	-	
synMTS_8_552_hac1	0.000	No mitochondrial presequence	81(MPP)	-0.185		13-23-low	-	-	-	-	-	-	-	-	-	-	-	-	-	-	
synMTS_8_553_hac1	0.000	No mitochondrial presequence	87(MPP)	-0.207		10-19-low	-	-	-	-	-	-	-	-	-	-	-	-	-	-	
synMTS_8_554_hac1	0.000	No mitochondrial presequence	45(MPP)	-0.222	88-92	15-24-low	-	-	-	-	-	-	-	-	-	-	-	-	-	-	
synMTS_8_555_hac1	0.003	No mitochondrial presequence	53(MPP)	-0.170		17-26-low	-	-	-	-	-	-	-	-	-	-	-	-	-	-	
synMTS_8_556_hac1	0.000	No mitochondrial presequence	80(MPP)	-0.188	26-30	2-11-low	-	-	-	-	-	-	-	-	-	-	-	-	-	-	
synMTS_8_557_hac1	0.011	No mitochondrial presequence	91(MPP)	-0.220		13-22-low	-	-	-	-	-	-	-	-	-	-	-	-	-	-	
synMTS_8_558_hac1	0.001	No mitochondrial presequence	83(MPP)	-0.193	13-17,22-26	18-29-low	-	-	-	-	-	-	-	-	-	-	-	-	-	-	
synMTS_8_559_hac1	0.000	No mitochondrial presequence	90(MPP)	-0.189		9-20-low	-	-	-	-	-	-	-	-	-	-	-	-	-	-	
synMTS_8_560_hac1	0.001	No mitochondrial presequence	59(MPP)	-0.237		13-22-low	-	-	-	-	-	-	-	-	-	-	-	-	-	-	
synMTS_8_561_hac1	0.003	No mitochondrial presequence	60(MPP)	-0.200	57-61	16-25-low	-	-	-	-	-	-	-	-	-	-	-	-	-	-	
synMTS_8_562_hac1	0.004	No mitochondrial presequence	50(MPP)	-0.140	93-97	20-30-low	-	-	-	-	-	-	-	-	-	-	-	-	-	-	
synMTS_8_563_hac1	0.001	No mitochondrial presequence	70(MPP)	-0.186	67-71	11-20-low	-	-	-	-	-	-	-	-	-	-	-	-	-	-	
synMTS_8_564_hac1	0.000	No mitochondrial presequence	73(MPP)	-0.192		3-12-low	-	-	-	-	-	-	-	-	-	-	-	-	-	-	
synMTS_8_565_hac1	0.000	No mitochondrial presequence	84(MPP)	-0.202	81-85	10-19-low	-	-	-	-	-	-	-	-	-	-	-	-	-	-	
synMTS_8_566_hac1	0.003	No mitochondrial presequence	60(MPP)	-0.200		15-26-low	-	-	-	-	-	-	-	-	-	-	-	-	-	-	
synMTS_8_567_hac1	0.008	No mitochondrial presequence	8(MPP), 9(Icp55)	-0.250		12-21-low	-	-	-	-	-	-	-	-	-	-	-	-	-	-	
synMTS_8_568_hac1	0.003	No mitochondrial presequence	92(MPP)	-0.196		13-22-low	-	-	-	-	-	-	-	-	-	-	-	-	-	-	
synMTS_8_569_hac1	0.002	No mitochondrial presequence	70(MPP)	-0.186		16-28-low	-	-	-	-	-	-	-	-	-	-	-	-	-	-	
synMTS_8_570_hac1	0.000	No mitochondrial presequence	57(MPP)	-0.193	54-58	16-27-low	-	-	-	-	-	-	-	-	-	-	-	-	-	-	
synMTS_8_571_hac1	0.002	No mitochondrial presequence	50(MPP)	-0.180	94-98	19-28-low	-	-	-	-	-	-	-	-	-	-	-	-	-	-	
synMTS_8_572_hac1	0.002	No mitochondrial presequence	10(MPP)	-0.200		1-10-high	-	-	-	-	-	-	-	-	-	-	-	-	-	-	
synMTS_8_573_hac1	0.000	No mitochondrial presequence	44(MPP)	-0.159	87-91	16-25-low	-	-	-	-	-	-	-	-	-	-	-	-	-	-	
synMTS_8_574_hac1	0.007	No mitochondrial presequence	65(MPP)	-0.185		5-14-high	-	-	-	-	-	-	-	-	-	-	-	-	-	-	
synMTS_8_575_hac1	0.005	No mitochondrial presequence	13(MPP)	-0.231	93-97	12-21-low	-	-	-	-	-	-	-	-	-	-	-	-	-	-	
synMTS_8_576_hac1	0.014	No mitochondrial presequence	56(MPP)	-0.196		19-30-low	-	-	-	-	-	-	-	-	-	-	-	-	-	-	
synMTS_8_577_hac1	0.001	No mitochondrial presequence	84(MPP), 85(Icp55)	-0.202		14-23-low	-	-	-	-	-	-	-	-	-	-	-	-	-	-	
synMTS_8_578_hac1	0.003	No mitochondrial presequence	46(MPP)	-0.152	44-48,90-94	13-22-low	-	-	-	-	-	-	-	-	-	-	-	-	-	-	
synMTS_8_579_hac1	0.002	No mitochondrial presequence	58(MPP)	-0.172		13-22-low	-	-	-	-	-	-	-	-	-	-	-	-	-	-	
synMTS_8_580_hac1	0.000	No mitochondrial presequence	25(MPP), 26(Icp55)	-0.240		3-14-low	-	-	-	-	-	-	-	-	-	-	-	-	-	-	
synMTS_8_581_hac1	0.008	No mitochondrial presequence	41(MPP)	-0.171	85-89	21-30-low	-	-	-	-	-	-	-	-	-	-	-	-	-	-	
synMTS_8_582_hac1	0.001	No mitochondrial presequence	82(MPP)	-0.207		5-14-low	-	-	-	-	-	-	-	-	-	-	-	-	-	-	
synMTS_8_583_hac1	0.001	No mitochondrial presequence	54(MPP)	-0.167		14-23-low	-	-	-	-	-	-	-	-	-	-	-	-	-	-	
synMTS_8_584_hac1	0.000	No mitochondrial presequence	10(MPP), 11(Icp55)	-0.200		11-22-low	-	-	-	-	-	-	-	-	-	-	-	-	-	-	
synMTS_8_585_hac1	0.003	No mitochondrial presequence	50(MPP)	-0.160	94-98	8-17-low	-	-	-	-	-	-	-	-	-	-	-	-	-	-	
synMTS_8_586_hac1	0.002	No mitochondrial presequence	47(MPP)	-0.191		3-12-low	-	-	-	-	-	-	-	-	-	-	-	-	-	-	
synMTS_8_587_hac1	0.003	No mitochondrial presequence	73(MPP)	-0.205		17-26-low	-	-	-	-	-	-	-	-	-	-	-	-	-	-	
synMTS_8_588_hac1	0.035	No mitochondrial presequence	80(MPP)	-0.163	78-82	4-13-low	-	-	-	-	-	-	-	-	-	-	-	-	-	-	
synMTS_8_589_hac1	0.001	No mitochondrial presequence	32(MPP)	-0.219		18-27-low	-	-	-	-	-	-	-	-	-	-	-	-	-	-	
synMTS_8_590_hac1	0.025	No mitochondrial presequence	70(MPP)	-0.200		16-25-low	-	-	-	-	-	-	-	-	-	-	-	-	-	-	
synMTS_8_591_hac1	0.000	No mitochondrial presequence	49(MPP)	-0.143	46-50,92-96	1-10-low	-	-	-	-	-	-	-	-	-	-	-	-	-	-	
synMTS_8_592_hac1	0.001	No mitochondrial presequence	15(MPP)	-0.200		13-22-low	-	-	-	-	-	-	-	-	-	-	-	-	-	-	
synMTS_8_593_hac1	0.003	No mitochondrial presequence	90(MPP)	-0.200	87-91	13-22-low	-	-	-	-	-	-	-	-	-	-	-	-	-	-	
synMTS_8_594_hac1	0.000	No mitochondrial presequence	27(MPP)	-0.259		6-15-low	-	-	-	-	-	-	-	-	-	-	-	-	-	-	
synMTS_8_595_hac1	0.001	No mitochondrial presequence	65(MPP)	-0.231		9-18-low	-	-	-	-	-	-	-	-	-	-	-	-	-	-	
synMTS_8_596_hac1	0.003	No mitochondrial presequence	77(MPP)	-0.208		13-22-low	-	-	-	-	-	-	-	-	-	-	-	-	-	-	
synMTS_8_597_hac1	0.000	No mitochondrial presequence	90(MPP)	-0.244	25-29	21-30-low	-	-	-	-	-	-	-	-	-	-	-	-	-	-	
synMTS_8_598_hac1	0.001	No mitochondrial presequence	50(MPP)	-0.200	47-51,94-98	6-15-low	-	-	-	-	-	-	-	-	-	-	-	-	-	-	
synMTS_8_599_hac1	0.001	No mitochondrial presequence	45(MPP)	-0.178	42-46,88-92	8-17-low	-	-	-	-	-	-	-	-	-	-	-	-	-	-	
synMTS_8_600_hac1	0.011	No mitochondrial presequence	68(MPP)	-0.206		20-29-low	-	-	-	-	-	-	-	-	-	-	-	-	-	-	
synMTS_9_401_hac1	0.000	No mitochondrial presequence	5(MPP)	-0.200	41-45	4-13-low	-	-	-	-	-	-	-	-	-	-	-	-	-	-	
synMTS_9_402_hac1	0.001	No mitochondrial presequence	71(MPP)	-0.099	2-6,69-73	6-15-low	-	-	-	-	-	-	-	-	-	-	-	-	-	-	
synMTS_9_403_hac1	0.000	No mitochondrial presequence	44(MPP)	-0.045	34-38,41-45,87-91	18-27-low	-	-	-	-	-	-	-	-	-	-	-	-	-	-	
synMTS_9_404_hac1	0.002	No mitochondrial presequence	44(MPP)	0.068	22-26,36-40,41-45,87-91	6-15-low	-	-	-	-	-	-	-	-	-	-	-	-	-	-	
synMTS_9_405_hac1	0.005	No mitochondrial presequence	46(MPP)	0.174	44-48,90-94	18-27-low	-	-	-	-	-	-	-	-	-	-	-	-	-	-	
synMTS_9_406_hac1	0.008	No mitochondrial presequence	66(MPP)	0.121	11-15,19-23,51-55,60-64	7-16-high	-	-	-	-	-	-	-	-	-	-	-	10-15	-	-	
synMTS_9_407_hac1	0.001	No mitochondrial presequence	55(MPP)	0.018		15-24-low	-	-	-	-	-	-	-	-	-	23-28	-	-	-	-	
synMTS_9_408_hac1	0.007	No mitochondrial presequence	17(MPP)	0.118	8-12	13-22-low	-	-	-	-	8-13	-	-	-	-	-	-	-	-	-	
synMTS_9_409_hac1	0.001	No mitochondrial presequence	82(MPP)	-0.110	9-13,55-59	5-14-high	-	-	-	-	-	-	-	-	-	-	-	-	-	-	
synMTS_9_410_hac1	0.048	No mitochondrial presequence	71(MPP), 79(Oct1)	0.127	15-19,44-48,60-64,83-87,92-96	21-30-high	-	-	-	-	-	-	-	-	-	-	18-23	14-19	-	-	
synMTS_9_411_hac1	0.001	No mitochondrial presequence	55(MPP)	0.091	20-24	13-24-high	-	-	-	-	-	-	-	-	-	-	-	-	-	-	
synMTS_9_412_hac1	0.001	No mitochondrial presequence	94(MPP)	0.096	85-89	17-26-low	-	-	-	-	-	-	-	-	-	-	-	-	-	-	
synMTS_9_413_hac1	0.002	No mitochondrial presequence	50(MPP)	0.140	47-51,93-97	13-22-high	-	-	-	-	-	-	-	-	-	-	-	-	-	-	
synMTS_9_414_hac1	0.005	No mitochondrial presequence	56(MPP)	0.071	17-21,33-37,52-56,86-90	13-22-high	-	-	-	-	-	-	-	-	-	-	-	-	-	-	
synMTS_9_415_hac1	0.019	No mitochondrial presequence	49(MPP)	0.082	92-96	6-19-high	-	-	-	-	-	-	-	-	7-12	-	-	-	-	-	
synMTS_9_416_hac1	0.002	No mitochondrial presequence	92(MPP)	0.087	64-68,68-72	9-18-high	-	-	-	-	-	-	-	-	-	-	-	-	-	-	
synMTS_9_417_hac1	0.019	No mitochondrial presequence	63(MPP)	0.048	44-48	15-24-low	-	-	-	-	-	20-25	-	-	-	-	-	-	-	19-24	
synMTS_9_418_hac1	0.009	No mitochondrial presequence	52(MPP)	-0.019	96-100	11-20-low	-	-	-	-	-	-	-	-	-	-	-	-	-	-	
synMTS_9_419_hac1	0.042	No mitochondrial presequence	92(MPP)	0.033	3-7,15-19,42-46,76-80	15-25-high	-	-	-	-	-	-	-	-	-	-	-	-	-	-	
synMTS_9_420_hac1	0.015	No mitochondrial presequence	6(MPP)	0.167	10-14	15-26-low	-	-	-	-	-	-	-	-	-	-	-	-	-	-	
synMTS_9_421_hac1	0.002	No mitochondrial presequence	74(MPP)	0.054	71-75	16-25-high	-	-	-	-	-	-	-	-	-	-	-	-	-	-	
synMTS_9_422_hac1	0.038	No mitochondrial presequence	65(MPP)	0.046	2-6	2-11-high	-	-	-	-	-	-	-	-	-	-	-	1-6	2-7	-	
synMTS_9_423_hac1	0.011	No mitochondrial presequence	50(MPP)	0.040	32-36,46-50,71-75	19-28-high	-	-	-	-	-	-	-	-	-	-	-	-	-	-	
synMTS_9_424_hac1	0.037	No mitochondrial presequence	59(MPP)	0.119	4-8,43-47,51-55	20-29-low	-	-	-	-	-	-	19-24,23-28	-	-	-	-	-	-	22-27	
synMTS_9_425_hac1	0.001	No mitochondrial presequence	46(MPP)	0.130	89-93	6-15-low	-	-	-	-	-	-	-	-	-	-	-	-	-	-	
synMTS_9_426_hac1	0.009	No mitochondrial presequence	67(MPP)	0.045	19-23	18-27-high	-	-	-	-	-	-	-	-	-	-	-	-	-	-	
synMTS_9_427_hac1	0.004	No mitochondrial presequence	17(MPP), 25(Oct1)	-0.059	34-38,95-99	18-30-low	-	-	-	-	-	-	-	-	-	-	-	-	-	-	
synMTS_9_428_hac1	0.001	No mitochondrial presequence	80(MPP)	-0.113	2-6,37-41	6-16-low	-	-	-	-	2-7	-	-	-	-	-	-	-	-	-	
synMTS_9_429_hac1	0.015	No mitochondrial presequence	45(MPP)	0.178		20-29-high	-	-	-	-	-	-	-	-	-	-	-	-	-	-	
synMTS_9_430_hac1	0.002	No mitochondrial presequence	53(MPP)	0.019	96-100	20-29-high	-	-	-	-	-	-	-	-	-	-	-	-	-	-	
synMTS_9_431_hac1	0.025	No mitochondrial presequence	25(MPP)	0.080	11-15,34-38,69-73,91-95	17-26-low	-	-	-	-	-	-	-	-	-	-	-	-	-	-	
synMTS_9_432_hac1	0.001	No mitochondrial presequence	15(MPP)	0.067	46-50,56-60	14-23-low	-	-	-	-	-	-	-	-	-	-	-	-	-	-	
synMTS_9_433_hac1	0.009	No mitochondrial presequence	6(MPP)	-0.167	10-14,35-39,45-49,50-54	7-16-high	-	-	-	-	-	-	-	-	-	-	-	-	10-15	-	
synMTS_9_434_hac1	0.005	No mitochondrial presequence	73(MPP)	0.055	36-40	10-19-low	-	-	-	-	-	-	-	-	-	2-7	-	-	-	-	
synMTS_9_435_hac1	0.015	No mitochondrial presequence	78(MPP)	0.000		9-18-low	-	-	-	-	-	-	-	-	-	-	-	-	-	-	
synMTS_9_436_hac1	0.000	No mitochondrial presequence	64(MPP)	0.016	27-31,40-44	2-14-low	-	-	-	-	-	-	-	-	-	-	-	-	-	-	
synMTS_9_437_hac1	0.000	No mitochondrial presequence	6(MPP)	-0.167	34-38,38-42,57-61	2-11-low	-	-	-	-	-	-	-	-	-	-	-	-	-	-	
synMTS_9_438_hac1	0.008	No mitochondrial presequence	8(MPP)	0.125	33-37,47-51,51-55,82-86	7-22-low	-	-	-	-	-	-	-	-	-	-	-	-	-	-	
synMTS_9_439_hac1	0.004	No mitochondrial presequence	73(MPP)	-0.068		20-29-low	-	-	-	-	-	-	-	-	-	-	-	-	-	-	
synMTS_9_440_hac1	0.003	No mitochondrial presequence	65(MPP)	0.031	38-42,46-50	14-23-low	-	-	-	-	-	-	-	-	-	-	-	-	-	-	
synMTS_9_441_hac1	0.035	No mitochondrial presequence	9(MPP)	-0.111	18-22,30-34,50-54,79-83,83-87	16-25-high	-	-	-	-	-	-	-	-	-	-	7-12	-	-	-	
synMTS_9_442_hac1	0.045	No mitochondrial presequence	42(MPP)	0.048	83-87	3-15-low	-	-	-	-	-	-	-	-	-	-	-	-	-	-	
synMTS_9_443_hac1	0.005	No mitochondrial presequence	58(MPP)	0.086		17-26-low	-	-	-	-	-	-	-	-	-	-	-	-	-	-	
synMTS_9_444_hac1	0.002	No mitochondrial presequence	75(MPP)	0.013		16-27-high	-	-	-	-	-	-	-	-	-	-	-	-	-	-	
synMTS_9_445_hac1	0.010	No mitochondrial presequence	75(MPP)	0.000	68-72,72-76	12-26-low	-	-	-	-	-	-	-	-	-	-	-	-	-	-	
synMTS_9_446_hac1	0.003	No mitochondrial presequence	28(MPP)	0.000	51-55	10-20-low	-	-	-	-	-	-	-	-	-	-	-	-	-	-	
synMTS_9_447_hac1	0.004	No mitochondrial presequence	46(MPP)	0.022	90-94	20-29-low	-	-	-	-	-	-	-	-	-	-	-	-	-	-	
synMTS_9_448_hac1	0.000	No mitochondrial presequence	10(MPP)	-0.200	39-43,69-73,95-99	1-10-low	-	-	-	-	-	-	-	-	-	-	-	-	-	-	
synMTS_9_449_hac1	0.032	No mitochondrial presequence	30(MPP)	-0.100	13-17,24-28,40-44,66-70,70-74	9-18-high	-	-	-	-	-	-	-	-	-	-	-	-	-	-	
synMTS_9_450_hac1	0.024	No mitochondrial presequence	33(MPP)	0.091		2-11-low	-	-	-	-	-	-	-	-	-	-	-	-	-	-	
synMTS_9_451_hac1	0.030	No mitochondrial presequence	93(MPP)	0.108	10-14,14-18,84-88	7-18-high	-	-	-	-	-	-	-	-	-	-	-	-	-	-	
synMTS_9_452_hac1	0.002	No mitochondrial presequence	66(MPP)	0.015	45-49	12-21-high	-	-	-	-	-	-	-	-	-	-	-	-	-	-	
synMTS_9_453_hac1	0.015	No mitochondrial presequence	86(MPP)	0.058	9-13,18-22	5-14-low	-	-	-	-	-	-	-	-	22-27	-	21-26	-	-	-	
synMTS_9_454_hac1	0.021	No mitochondrial presequence	62(MPP)	0.000		17-26-high	-	-	-	-	-	22-27	-	-	-	-	-	-	-	-	
synMTS_9_455_hac1	0.010	No mitochondrial presequence	39(MPP), 40(Icp55)	0.103	32-36,79-83	16-26-low	-	-	-	-	-	-	-	-	-	3-8	-	-	-	-	
synMTS_9_456_hac1	0.010	No mitochondrial presequence	63(MPP)	0.095	15-19,29-33,53-57,57-61,60-64	12-21-high	-	-	-	-	-	-	-	-	-	-	-	-	-	-	
synMTS_9_457_hac1	0.052	No mitochondrial presequence	85(MPP)	0.106	18-22,44-48,83-87	13-22-high	-	-	-	-	-	-	-	-	-	-	-	-	-	-	
synMTS_9_458_hac1	0.000	No mitochondrial presequence	80(MPP)	-0.050	35-39	2-11-low	-	-	-	-	-	-	-	-	-	-	-	-	-	-	
synMTS_9_459_hac1	0.006	No mitochondrial presequence	87(MPP)	0.023		1-10-low	-	-	-	-	-	-	-	-	-	-	-	-	-	-	
synMTS_9_460_hac1	0.002	No mitochondrial presequence	38(MPP)	0.053	35-39,50-54,94-98	13-23-high	-	-	-	-	-	-	-	-	-	-	-	-	-	-	
synMTS_9_461_hac1	0.010	No mitochondrial presequence	58(MPP)	0.086	50-54	2-16-high	-	-	-	-	-	-	-	-	-	-	-	-	-	-	
synMTS_9_462_hac1	0.002	No mitochondrial presequence	8(MPP)	0.125	14-18	18-27-low	-	-	-	-	-	-	-	-	-	-	-	-	-	-	
synMTS_9_463_hac1	0.070	No mitochondrial presequence	53(MPP)	0.057	18-22,94-98	18-27-high	-	-	-	-	18-23	-	-	-	3-8	10-15	2-7	-	-	-	
synMTS_9_464_hac1	0.005	No mitochondrial presequence	63(MPP)	0.079	22-26,44-48,50-54,61-65	12-21-low	-	-	-	-	-	-	-	-	-	-	-	-	-	-	
synMTS_9_465_hac1	0.014	No mitochondrial presequence	89(MPP)	0.045		3-12-high	-	-	-	-	-	-	-	-	1-6	-	-	-	-	-	
synMTS_9_466_hac1	0.001	No mitochondrial presequence	50(MPP)	-0.020	21-25,94-98	8-19-low	-	-	-	-	-	-	-	-	-	-	-	-	-	-	
synMTS_9_467_hac1	0.136	No mitochondrial presequence	46(MPP)	0.152	12-16,16-20,43-47,90-94	12-21-high	-	-	-	-	-	-	-	-	-	-	-	15-20	12-17	-	
synMTS_9_468_hac1	0.002	No mitochondrial presequence	58(MPP)	0.069	47-51	19-28-low	-	-	-	-	-	-	-	-	-	-	-	-	-	-	
synMTS_9_469_hac1	0.001	No mitochondrial presequence	57(MPP)	0.018	49-53	19-28-high	-	-	-	-	-	-	-	-	-	-	-	-	-	-	
synMTS_9_470_hac1	0.001	No mitochondrial presequence	75(MPP)	-0.040	7-11,15-19,28-32,39-43	15-24-low	-	-	-	-	-	-	-	-	-	-	-	-	-	-	
synMTS_9_471_hac1	0.035	No mitochondrial presequence	64(MPP)	0.125	58-62,61-65	4-13-high	-	-	-	-	-	-	-	-	-	-	-	-	-	-	
synMTS_9_472_hac1	0.144	No mitochondrial presequence	73(MPP)	0.178	40-44,57-61	8-17-high	-	-	-	-	-	-	-	-	-	-	-	-	-	-	
synMTS_9_473_hac1	0.055	No mitochondrial presequence	10(MPP)	0.200	3-7,7-11,47-51,51-55,87-91	9-18-high	-	-	-	-	7-12	-	-	-	-	-	-	-	-	-	
synMTS_9_474_hac1	0.005	No mitochondrial presequence	87(MPP)	0.069	28-32,68-72	4-13-low	-	-	-	-	-	-	-	-	-	-	-	-	-	-	
synMTS_9_475_hac1	0.001	No mitochondrial presequence	10(MPP)	-0.200	27-31,62-66,68-72,72-76,76-80,89-93,92-96	3-13-low	-	-	-	-	-	-	-	-	-	-	-	-	-	-	
synMTS_9_476_hac1	0.014	No mitochondrial presequence	81(MPP)	0.037	45-49,69-73,78-82	2-13-low	-	-	-	-	-	-	-	-	-	1-6	-	-	-	-	
synMTS_9_477_hac1	0.016	No mitochondrial presequence	40(MPP)	-0.100	18-22,84-88	10-22-low	-	-	-	-	-	-	-	-	-	-	-	-	-	-	
synMTS_9_478_hac1	0.002	No mitochondrial presequence	11(MPP)	-0.091	88-92,96-100	2-13-low	-	-	-	-	-	-	-	5-10	-	-	-	-	-	-	
synMTS_9_479_hac1	0.002	No mitochondrial presequence	46(MPP)	-0.109	90-94	15-24-low	-	-	-	-	-	-	-	-	-	-	-	-	-	-	
synMTS_9_480_hac1	0.002	No mitochondrial presequence	10(MPP)	0.000	2-6,19-23,22-26,45-49,68-72	14-23-low	-	-	-	-	19-24	-	-	-	-	-	-	-	-	-	
synMTS_9_481_hac1	0.004	No mitochondrial presequence	84(MPP)	0.024	32-36,82-86	14-23-high	-	-	-	-	-	-	-	-	-	-	-	-	-	-	
synMTS_9_482_hac1	0.001	No mitochondrial presequence	63(MPP)	0.032		7-16-high	-	-	-	-	-	-	-	-	-	-	-	-	-	-	
synMTS_9_483_hac1	0.048	No mitochondrial presequence	46(MPP)	0.043	16-20,44-48,90-94	14-24-high	-	-	-	-	-	-	-	-	-	-	-	-	-	-	
synMTS_9_484_hac1	0.002	No mitochondrial presequence	11(MPP)	0.091	80-84	18-27-low	-	-	-	-	-	-	-	-	-	-	-	-	-	-	
synMTS_9_485_hac1	0.032	No mitochondrial presequence	58(MPP)	0.069	17-21,40-44	14-23-high	-	-	-	-	-	-	-	-	-	-	-	-	-	-	
synMTS_9_486_hac1	0.074	No mitochondrial presequence	10(MPP)	0.000	32-36,49-53,95-99	4-15-high	-	-	-	-	-	-	-	-	2-7	-	1-6	-	-	-	
synMTS_9_487_hac1	0.000	No mitochondrial presequence	57(MPP)	0.035		7-16-low	-	-	-	-	-	-	-	-	-	-	-	-	-	-	
synMTS_9_488_hac1	0.011	No mitochondrial presequence	45(MPP)	0.089	9-13,13-17,29-33,88-92	20-29-high	-	-	-	-	-	-	-	-	-	-	-	-	-	-	
synMTS_9_489_hac1	0.041	No mitochondrial presequence	75(MPP)	-0.013	11-15,14-18,52-56,60-64,72-76	7-16-high	-	-	-	-	-	23-28	-	-	-	22-27	-	-	-	-	
synMTS_9_490_hac1	0.001	No mitochondrial presequence	71(MPP)	-0.014	8-12,68-72	14-23-low	-	-	-	-	-	-	-	-	-	-	-	-	-	-	
synMTS_9_491_hac1	0.013	No mitochondrial presequence	93(MPP)	-0.022	11-15,22-26	7-18-low	-	-	-	-	-	-	-	-	25-30	-	-	-	-	-	
synMTS_9_492_hac1	0.002	No mitochondrial presequence	57(MPP)	-0.088		9-21-low	-	-	-	-	-	-	-	-	1-6	-	-	-	-	-	
synMTS_9_493_hac1	0.000	No mitochondrial presequence	10(MPP)	-0.200	58-62	15-24-high	-	-	-	-	-	-	-	-	-	-	-	-	-	-	
synMTS_9_494_hac1	0.000	No mitochondrial presequence	40(MPP)	0.100		1-10-low	-	-	-	-	-	-	-	-	-	-	-	-	-	-	
synMTS_9_495_hac1	0.005	No mitochondrial presequence	51(MPP)	0.078	35-39,94-98	17-26-low	-	-	-	-	-	-	-	-	-	-	-	-	-	14-19	
synMTS_9_496_hac1	0.001	No mitochondrial presequence	84(MPP)	0.012		3-12-low	-	-	-	-	-	-	-	-	-	-	-	-	-	-	
synMTS_9_497_hac1	0.009	No mitochondrial presequence	67(MPP)	0.000		7-18-low	-	-	-	-	-	-	-	-	-	-	-	-	-	-	
synMTS_9_498_hac1	0.000	No mitochondrial presequence	84(MPP)	0.024	40-44,81-85	18-27-low	-	-	-	-	-	-	-	-	-	-	-	-	-	-	
synMTS_9_499_hac1	0.010	No mitochondrial presequence	26(MPP)	0.077	6-10,11-15,45-49	20-29-low	-	-	-	-	-	-	-	-	-	-	-	-	-	-	
synMTS_9_500_hac1	0.019	No mitochondrial presequence	74(MPP)	0.081	1-5,4-8,59-63,62-66,71-75	18-27-high	-	-	-	-	4-9	-	-	-	-	-	-	-	-	-	
synMTS_9_501_hac1	0.003	No mitochondrial presequence	41(MPP)	0.146	49-53,71-75	10-21-low	-	-	-	-	-	-	-	-	-	-	-	-	-	-	
synMTS_9_502_hac1	0.051	No mitochondrial presequence	64(MPP)	0.125	73-77	10-19-high	-	-	-	-	-	-	12-17	-	-	-	-	-	-	11-16	
synMTS_9_503_hac1	0.000	No mitochondrial presequence	58(MPP)	0.034		14-23-high	-	-	-	-	-	-	-	-	-	-	-	-	-	-	
synMTS_9_504_hac1	0.171	No mitochondrial presequence	55(MPP)	0.000	6-10,15-19	15-26-high	-	-	-	-	15-20	-	18-23	22-27	-	-	-	-	-	21-26	
synMTS_9_505_hac1	0.004	No mitochondrial presequence	50(MPP)	0.060	28-32,93-97	9-19-low	-	-	-	-	-	-	-	-	-	-	-	-	-	-	
synMTS_9_506_hac1	0.004	No mitochondrial presequence	48(MPP)	-0.021	14-18,38-42	5-14-low	-	-	-	-	-	-	-	-	-	-	-	-	-	-	
synMTS_9_507_hac1	0.034	No mitochondrial presequence	92(MPP)	0.011	10-14,20-24,24-28,37-41	21-30-high	-	-	-	-	-	-	-	-	-	13-18	-	23-28	20-25	-	
synMTS_9_508_hac1	0.023	No mitochondrial presequence	65(MPP)	0.077	19-23	1-10-low	-	-	-	-	-	-	-	-	-	-	-	-	19-24	-	
synMTS_9_509_hac1	0.018	No mitochondrial presequence	69(MPP)	-0.029	26-30,47-51,66-70	16-25-low	-	-	-	-	-	-	-	-	-	-	-	25-30	-	-	
synMTS_9_510_hac1	0.008	No mitochondrial presequence	64(MPP)	0.062	12-16,19-23,27-31,31-35	7-16-low	-	-	-	-	-	-	-	-	-	-	-	-	-	-	
synMTS_9_511_hac1	0.013	No mitochondrial presequence	90(MPP)	0.067	3-7,30-34,35-39,71-75,80-84,87-91	10-19-low	-	-	-	-	3-8	-	-	-	-	-	-	-	-	-	
synMTS_9_512_hac1	0.026	No mitochondrial presequence	95(MPP)	0.053	26-30,31-35,86-90	20-29-low	-	-	-	-	-	-	-	-	-	-	-	25-30	-	9-14	
synMTS_9_513_hac1	0.001	No mitochondrial presequence	9(MPP)	-0.222	35-39,95-99	11-20-low	-	-	-	-	-	-	-	-	-	-	-	-	-	-	
synMTS_9_514_hac1	0.004	No mitochondrial presequence	55(MPP)	-0.018		7-19-low	-	-	-	-	-	-	-	-	-	-	-	-	-	-	
synMTS_9_515_hac1	0.004	No mitochondrial presequence	60(MPP)	-0.017	9-13,34-38	1-12-low	-	-	-	-	-	-	-	-	-	-	-	-	-	-	
synMTS_9_516_hac1	0.031	No mitochondrial presequence	12(MPP)	0.250	9-13,38-42,83-87	14-25-low	-	-	-	-	-	-	-	-	-	-	-	-	-	-	
synMTS_9_517_hac1	0.000	No mitochondrial presequence	53(MPP)	-0.057	50-54	18-27-low	-	-	-	-	-	-	-	-	-	-	-	-	-	-	
synMTS_9_518_hac1	0.000	No mitochondrial presequence	66(MPP)	-0.106		16-25-low	-	-	-	-	-	-	-	-	-	-	-	-	-	-	
synMTS_9_519_hac1	0.028	No mitochondrial presequence	35(MPP)	0.143	46-50	3-12-high	-	-	-	-	-	-	-	-	-	-	-	-	-	-	
synMTS_9_520_hac1	0.006	No mitochondrial presequence	54(MPP)	0.056	29-33,51-55	2-11-low	-	24-29	-	-	-	-	-	-	-	-	-	-	-	-	
synMTS_9_521_hac1	0.003	No mitochondrial presequence	95(MPP)	0.084	32-36,87-91	1-10-low	-	-	-	-	-	-	-	-	-	-	-	-	-	-	
synMTS_9_522_hac1	0.089	No mitochondrial presequence	77(MPP)	0.052	8-12	8-18-high	-	-	-	-	-	23-28	-	12-17	-	11-16	-	7-12	-	-	
synMTS_9_523_hac1	0.004	No mitochondrial presequence	6(MPP)	0.167	11-15,25-29	3-14-high	-	-	-	-	-	-	-	-	-	-	-	-	-	-	
synMTS_9_524_hac1	0.008	No mitochondrial presequence	81(MPP)	0.062	35-39,39-43,53-57	21-30-high	-	-	-	-	-	-	-	-	-	-	-	-	-	-	
synMTS_9_525_hac1	0.014	No mitochondrial presequence	51(MPP)	-0.020	5-9,21-25,48-52,94-98	14-23-low	-	-	-	-	-	-	-	-	-	-	-	-	-	-	
synMTS_9_526_hac1	0.011	No mitochondrial presequence	47(MPP)	0.021	11-15,44-48,91-95	16-25-high	-	-	-	-	-	-	19-24	-	-	-	-	10-15	-	-	
synMTS_9_527_hac1	0.001	No mitochondrial presequence	54(MPP), 55(Icp55)	-0.074	4-8,74-78,85-89	1-10-high	-	-	-	-	-	-	-	-	-	-	-	-	-	-	
synMTS_9_528_hac1	0.000	No mitochondrial presequence	26(MPP)	-0.154	83-87	1-10-low	-	-	-	-	-	-	-	-	-	-	-	-	-	-	
synMTS_9_529_hac1	0.038	No mitochondrial presequence	15(MPP)	-0.067	54-58,90-94	6-15-high	-	-	-	-	-	-	-	-	-	-	-	-	-	-	
synMTS_9_530_hac1	0.015	No mitochondrial presequence	50(MPP)	0.120	47-51,93-97	2-11-low	-	-	-	-	-	-	-	-	-	-	-	-	-	-	
synMTS_9_531_hac1	0.024	No mitochondrial presequence	73(MPP)	0.041	26-30,54-58	3-12-high	-	-	-	3-8	-	-	-	-	-	-	-	-	-	-	
synMTS_9_532_hac1	0.001	No mitochondrial presequence	79(MPP)	-0.038	76-80	19-28-low	-	-	-	-	-	-	-	-	-	-	-	-	-	-	
synMTS_9_533_hac1	0.001	No mitochondrial presequence	15(MPP)	-0.067	53-57,76-80	21-30-low	-	-	-	-	-	-	-	-	-	-	-	-	-	-	
synMTS_9_534_hac1	0.002	No mitochondrial presequence	16(MPP)	-0.250	18-22,22-26	20-29-high	-	-	-	-	-	-	-	-	-	-	-	21-26	18-23	-	
synMTS_9_535_hac1	0.005	No mitochondrial presequence	60(MPP)	-0.017	35-39,54-58,57-61	18-27-low	-	-	-	-	-	-	-	-	-	-	-	-	-	-	
synMTS_9_536_hac1	0.010	No mitochondrial presequence	56(MPP)	0.107	7-11,10-14,40-44,49-53	19-30-high	-	-	-	-	-	-	-	-	-	-	-	-	-	-	
synMTS_9_537_hac1	0.004	No mitochondrial presequence	80(MPP)	-0.025	77-81	16-26-low	-	-	-	-	-	-	-	-	-	-	-	-	-	-	
synMTS_9_538_hac1	0.001	No mitochondrial presequence	81(MPP)	-0.012	6-10	2-11-low	-	-	-	-	-	-	-	-	-	-	-	-	-	-	
synMTS_9_539_hac1	0.016	No mitochondrial presequence	83(MPP)	0.000	9-13,18-22	8-17-high	-	-	-	-	-	-	13-18	-	-	12-17	-	-	-	-	
synMTS_9_540_hac1	0.004	No mitochondrial presequence	67(MPP)	0.015	14-18,18-22,52-56	12-21-high	-	-	-	-	-	-	-	-	-	-	-	17-22	-	-	
synMTS_9_541_hac1	0.003	No mitochondrial presequence	4(MPP)	-0.250	24-28,32-36,39-43,47-51	6-16-low	-	-	-	-	-	-	-	-	-	-	-	-	-	-	
synMTS_9_542_hac1	0.045	No mitochondrial presequence	47(MPP)	0.043	8-12,25-29,40-44,91-95	4-15-high	-	-	-	-	-	-	-	-	-	-	-	7-12	-	-	
synMTS_9_543_hac1	0.007	No mitochondrial presequence	83(MPP)	0.096	65-69	18-29-low	-	-	-	-	-	-	-	-	-	-	-	-	-	-	
synMTS_9_544_hac1	0.029	No mitochondrial presequence	58(MPP)	0.103	10-14	3-14-high	-	-	-	-	-	-	-	-	-	-	-	-	-	-	
synMTS_9_545_hac1	0.034	No mitochondrial presequence	86(MPP)	0.058	12-16,17-21,21-25,25-29,47-51,59-63,69-73	21-30-high	-	-	-	-	-	-	-	-	-	-	-	-	-	-	
synMTS_9_546_hac1	0.002	No mitochondrial presequence	20(MPP)	-0.250	61-65,82-86	7-16-low	-	-	-	-	-	-	-	-	-	-	-	-	-	-	
synMTS_9_547_hac1	0.013	No mitochondrial presequence	42(MPP)	0.048	35-39,86-90	13-22-low	-	-	-	-	-	-	-	-	-	-	-	-	-	-	
synMTS_9_548_hac1	0.002	No mitochondrial presequence	57(MPP)	0.035		11-20-low	-	-	-	-	-	-	-	-	-	-	-	-	-	-	
synMTS_9_549_hac1	0.018	No mitochondrial presequence	67(MPP)	-0.015	31-35	2-11-low	-	-	-	-	-	-	-	-	-	-	-	-	-	-	
synMTS_9_550_hac1	0.004	No mitochondrial presequence	12(MPP), 13(Icp55)	-0.167	1-5,13-17,35-39,38-42,53-57	11-21-low	-	-	-	-	-	-	-	-	-	-	-	-	-	-	
synMTS_9_551_hac1	0.006	No mitochondrial presequence	84(MPP)	0.012	16-20,63-67	5-14-low	-	-	-	-	-	-	-	-	-	-	-	-	-	-	
synMTS_9_552_hac1	0.002	No mitochondrial presequence	78(MPP)	0.000		21-30-high	-	-	-	-	-	-	-	-	-	-	-	-	-	-	
synMTS_9_553_hac1	0.004	No mitochondrial presequence	22(MPP)	-0.182	12-16,65-69	14-23-low	-	-	-	-	-	-	-	-	-	-	-	-	-	-	
synMTS_9_554_hac1	0.006	No mitochondrial presequence	8(MPP)	-0.250	82-86	6-15-low	-	-	-	-	-	-	-	-	-	-	-	-	-	-	
synMTS_9_555_hac1	0.003	No mitochondrial presequence	86(MPP)	-0.058	15-19	21-30-low	-	-	-	-	-	-	-	-	-	-	-	-	-	-	
synMTS_9_556_hac1	0.000	No mitochondrial presequence	19(MPP)	0.105		4-13-low	-	-	-	-	-	-	-	-	-	-	-	-	-	-	
synMTS_9_557_hac1	0.001	No mitochondrial presequence	69(MPP)	-0.043		21-30-low	-	19-24	-	-	-	-	-	-	-	-	-	-	-	-	
synMTS_9_558_hac1	0.000	No mitochondrial presequence	78(MPP)	0.026	70-74	20-29-low	-	-	-	-	-	-	-	-	-	-	-	-	-	-	
synMTS_9_559_hac1	0.001	No mitochondrial presequence	67(MPP), 68(Icp55)	-0.015	61-65	7-16-low	-	-	-	-	-	-	-	-	-	-	-	-	-	-	
synMTS_9_560_hac1	0.013	No mitochondrial presequence	68(MPP)	-0.029	65-69	3-13-low	-	-	-	-	-	-	-	-	-	-	-	-	-	-	
synMTS_9_561_hac1	0.000	No mitochondrial presequence	53(MPP)	0.075	33-37	10-19-low	-	-	-	-	-	-	-	-	-	-	-	-	-	-	
synMTS_9_562_hac1	0.009	No mitochondrial presequence	75(MPP)	0.093	31-35,64-68	19-28-high	-	-	-	-	-	-	-	-	-	-	-	-	-	-	
synMTS_9_563_hac1	0.039	No mitochondrial presequence	83(MPP)	0.000	4-8,7-11,15-19,43-47	2-11-high	-	-	-	-	4-9	-	-	-	-	-	-	-	-	-	
synMTS_9_564_hac1	0.004	No mitochondrial presequence	64(MPP)	0.000	7-11,39-43	3-12-low	-	-	-	-	-	-	-	-	-	-	-	6-11	7-12	-	
synMTS_9_565_hac1	0.002	No mitochondrial presequence	35(MPP)	-0.086	23-27	20-29-low	-	-	-	-	-	-	-	-	-	-	-	-	-	-	
synMTS_9_566_hac1	0.009	No mitochondrial presequence	69(MPP)	0.000	29-33,41-45,44-48	20-29-high	-	-	-	-	-	-	-	-	-	-	-	-	-	-	
synMTS_9_567_hac1	0.023	No mitochondrial presequence	73(MPP)	0.123	33-37,58-62	19-28-low	-	-	-	-	-	-	-	-	-	-	-	-	-	-	
synMTS_9_568_hac1	0.001	No mitochondrial presequence	5(MPP)	-0.200	25-29,40-44,75-79	21-30-high	-	-	-	-	-	-	-	-	-	-	-	-	-	6-11	
synMTS_9_569_hac1	0.002	No mitochondrial presequence	53(MPP)	0.038	50-54	20-30-low	-	-	-	-	-	-	-	-	-	-	-	-	-	-	
synMTS_9_570_hac1	0.006	No mitochondrial presequence	86(MPP)	-0.012	57-61,83-87	9-19-low	-	-	-	-	-	-	-	-	-	-	-	-	-	-	
synMTS_9_571_hac1	0.014	No mitochondrial presequence	19(MPP)	0.105	10-14,13-17,58-62,80-84	6-15-high	-	-	-	-	-	-	-	-	-	-	-	-	-	-	
synMTS_9_572_hac1	0.000	No mitochondrial presequence	74(MPP)	-0.027	29-33	2-19-low	-	-	-	-	-	-	-	-	-	-	-	-	-	-	
synMTS_9_573_hac1	0.001	No mitochondrial presequence	76(MPP)	0.000	31-35,35-39	7-16-low	-	-	-	-	-	-	-	-	-	-	-	-	-	-	
synMTS_9_574_hac1	0.000	No mitochondrial presequence	7(MPP), 8(Icp55)	-0.286		15-25-low	-	-	-	-	-	-	-	-	-	-	-	-	-	-	
synMTS_9_575_hac1	0.000	No mitochondrial presequence	81(MPP)	0.037	37-41	14-23-low	-	-	-	-	-	-	-	-	-	-	-	-	-	-	
synMTS_9_576_hac1	0.014	No mitochondrial presequence	25(MPP)	0.080	45-49,48-52	21-30-high	-	-	-	-	-	-	-	-	-	-	-	-	-	-	
synMTS_9_577_hac1	0.013	No mitochondrial presequence	69(MPP)	-0.058		13-22-low	-	-	-	-	-	-	-	-	-	-	-	-	-	-	
synMTS_9_578_hac1	0.002	No mitochondrial presequence	80(MPP)	-0.013		10-21-low	-	-	-	-	-	-	-	-	-	-	-	-	-	-	
synMTS_9_579_hac1	0.014	No mitochondrial presequence	10(MPP)	0.000		17-26-high	-	-	-	-	-	-	-	21-26	-	20-25	-	-	-	-	
synMTS_9_580_hac1	0.008	No mitochondrial presequence	51(MPP)	0.039	41-45,95-99	9-18-high	-	-	-	-	-	-	-	-	-	-	-	-	-	-	
synMTS_9_581_hac1	0.063	No mitochondrial presequence	90(MPP)	-0.033	7-11	11-22-low	-	-	-	-	-	-	2-7	-	-	1-6	-	-	-	-	
synMTS_9_582_hac1	0.018	No mitochondrial presequence	15(MPP)	0.133		21-30-low	-	-	-	-	-	-	-	-	-	-	-	-	-	-	
synMTS_9_583_hac1	0.019	No mitochondrial presequence	23(MPP)	-0.043	26-30	16-25-low	-	-	-	-	-	-	-	-	-	-	-	-	-	-	
synMTS_9_584_hac1	0.000	No mitochondrial presequence	84(MPP)	-0.083	38-42	19-29-low	-	-	-	-	-	-	-	-	-	-	-	-	-	-	
synMTS_9_585_hac1	0.014	No mitochondrial presequence	86(MPP)	-0.081		21-30-high	-	-	-	-	-	-	-	-	-	-	-	-	-	-	
synMTS_9_586_hac1	0.013	No mitochondrial presequence	49(MPP)	0.061	46-50,92-96	18-30-low	-	-	-	-	-	-	-	-	-	-	-	-	-	-	
synMTS_9_587_hac1	0.039	No mitochondrial presequence	69(MPP)	0.014	2-6,32-36	11-22-low	-	-	-	-	2-7	-	-	-	-	-	-	-	-	-	
synMTS_9_588_hac1	0.006	No mitochondrial presequence	80(MPP)	-0.050	58-62	8-17-high	-	-	-	-	-	-	-	-	-	-	-	-	-	-	
synMTS_9_589_hac1	0.030	No mitochondrial presequence	62(MPP)	0.016	43-47,52-56,59-63	18-30-low	-	-	-	-	-	-	-	18-23	-	17-22	-	-	-	-	
synMTS_9_590_hac1	0.041	No mitochondrial presequence	91(MPP)	0.110	41-45,46-50,73-77,78-82,88-92	12-21-high	-	-	-	-	-	-	-	14-19	-	-	-	-	-	13-18	
synMTS_9_591_hac1	0.040	No mitochondrial presequence	85(MPP)	0.024	45-49	2-11-high	-	-	-	-	-	-	-	-	-	-	-	-	-	-	
synMTS_9_592_hac1	0.005	No mitochondrial presequence	14(MPP)	-0.071	3-7,55-59,64-68	8-17-low	-	-	-	-	-	-	-	-	-	-	-	-	-	-	
synMTS_9_593_hac1	0.005	No mitochondrial presequence	87(MPP)	0.011	56-60,60-64,67-71	20-30-low	-	-	-	-	-	-	-	-	-	-	-	-	-	-	
synMTS_9_594_hac1	0.001	No mitochondrial presequence	39(MPP)	-0.154	83-87	9-21-low	-	-	-	-	-	-	-	-	-	-	-	-	-	-	
synMTS_9_595_hac1	0.016	No mitochondrial presequence	36(MPP)	0.083	16-20	9-20-low	-	23-28	-	-	-	-	-	-	-	-	-	-	-	-	
synMTS_9_596_hac1	0.044	No mitochondrial presequence	56(MPP)	0.107	20-24	19-28-high	-	-	-	-	-	-	-	-	-	-	-	-	20-25	-	
synMTS_9_597_hac1	0.120	No mitochondrial presequence	44(MPP)	0.136	3-7,9-13,87-91	8-17-high	-	-	-	-	-	-	-	-	-	12-17	-	2-7	-	-	
synMTS_9_598_hac1	0.006	No mitochondrial presequence	60(MPP)	-0.117	48-52	2-11-low	-	-	-	-	-	-	-	-	-	-	-	-	-	-	
synMTS_9_599_hac1	0.001	No mitochondrial presequence	66(MPP)	-0.015		5-16-high	-	-	-	-	-	-	-	-	-	-	-	-	-	-	
synMTS_9_600_hac1	0.017	No mitochondrial presequence	39(MPP)	0.026	37-41,83-87	20-29-high	-	-	-	-	-	-	-	-	-	-	-	-	-	-	
</pre>