<pre>Sequence ID	Probability of presequence	Prediction	Cleavage site (processing enzyme)	Net charge	Positions for TOM20 recognition motif (deliminated by comma)	Position of amphypathic alpha-helix	BHHPPP	BPHBHH	HBHHBb	HBHHbB	HHBHHB	HHBPHB	HHBPHH	HHBPHP	HHHBBH	HHHBPH	HHHHBB	HHPBHH	HPBHHP	PHHBPH
synMTS_1_006_var1	0.349	No mitochondrial presequence	19(MPP)	0.105	13-17,16-20	3-14-low	-	-	-	-	13-18	-	-	-	-	-	-	-	-	-	
synMTS_1_126_var1	0.004	No mitochondrial presequence	6(MPP)	0.333		1-12-low	-	-	-	-	-	-	-	-	-	-	-	-	-	-	
synMTS_1_095_var1	0.050	No mitochondrial presequence	39(MPP)	0.051	24-28,31-35	19-28-high	-	-	-	-	-	-	-	-	-	-	-	-	-	-	
synMTS_1_061_var1	0.043	No mitochondrial presequence	10(MPP)	0.300	1-5,18-22,82-86	17-26-high	-	-	-	-	-	-	-	-	-	-	4-9	-	-	-	
synMTS_1_058_var1	0.015	No mitochondrial presequence	14(MPP)	-0.071	30-34	9-18-low	-	-	-	-	-	-	-	-	-	-	-	-	-	-	
synMTS_1_192_var1	0.023	No mitochondrial presequence	34(MPP)	0.029		4-13-low	-	-	-	-	-	-	-	-	-	-	-	-	-	-	
synMTS_1_007_var1	0.070	No mitochondrial presequence	64(MPP)	0.031		1-10-low	-	-	-	-	-	-	-	-	-	-	-	-	-	-	
synMTS_1_165_var1	0.042	No mitochondrial presequence	28(MPP)	0.179	7-11,11-15,46-50,52-56	7-16-high	-	-	-	-	-	-	-	-	-	-	-	-	-	-	
synMTS_1_157_var1	0.014	No mitochondrial presequence	92(MPP)	-0.033	34-38,39-43,79-83	18-27-low	-	-	-	-	-	-	-	-	-	-	-	-	-	-	
synMTS_1_114_var1	0.001	No mitochondrial presequence	44(MPP)	0.000		3-12-low	-	-	-	-	-	-	-	-	-	-	-	-	-	-	
synMTS_1_180_var1	0.034	No mitochondrial presequence	24(MPP), 25(Icp55)	-0.167		16-25-low	-	-	-	-	-	-	-	-	-	-	-	-	-	-	
synMTS_1_045_var1	0.001	No mitochondrial presequence	17(MPP)	-0.059		5-14-low	-	-	-	-	-	-	-	-	-	-	-	-	-	-	
synMTS_1_004_var1	0.027	No mitochondrial presequence	51(MPP)	-0.020	15-19,48-52,81-85	14-23-low	-	-	-	-	-	-	-	-	-	-	-	-	-	-	
synMTS_1_081_var1	0.040	No mitochondrial presequence	38(MPP)	0.026	31-35,50-54	18-29-low	-	-	-	-	-	-	-	-	-	-	-	-	-	-	
synMTS_1_134_var1	0.040	No mitochondrial presequence	56(MPP)	0.000	53-57,56-60	19-29-low	-	-	-	-	-	-	-	-	-	-	-	-	-	-	
synMTS_1_083_var1	0.089	No mitochondrial presequence	11(MPP)	0.273	8-12	1-10-high	-	-	-	-	-	-	1-6	-	-	-	-	-	-	-	
synMTS_1_028_var1	0.001	No mitochondrial presequence	5(MPP)	-0.400		1-12-low	-	-	-	-	-	-	-	-	-	-	-	-	-	-	
synMTS_1_026_var1	0.012	No mitochondrial presequence	74(MPP)	0.027	38-42	8-19-low	-	-	-	-	-	-	-	-	-	-	-	-	-	-	
synMTS_1_009_var1	0.019	No mitochondrial presequence	49(MPP)	0.061	66-70	10-19-high	-	-	-	-	-	15-20	-	-	-	-	-	-	-	14-19	
synMTS_1_049_var1	0.002	No mitochondrial presequence	58(MPP)	0.017	46-50	1-14-low	-	-	-	-	-	-	-	-	-	-	-	-	-	-	
synMTS_1_077_var1	0.025	No mitochondrial presequence	24(MPP)	-0.125		15-24-high	-	-	-	-	-	-	-	-	-	-	-	-	-	-	
synMTS_1_109_var1	0.036	No mitochondrial presequence	27(MPP)	0.074	24-28	19-28-high	-	-	-	-	-	-	-	-	-	-	-	-	-	-	
synMTS_1_017_var1	0.003	No mitochondrial presequence	48(MPP)	-0.083	57-61,95-99	4-15-high	-	-	-	-	-	-	-	-	-	-	-	-	-	-	
synMTS_1_188_var1	0.006	No mitochondrial presequence	65(MPP)	-0.046	30-34,47-51,62-66	9-19-low	-	-	-	-	-	-	-	-	-	-	-	-	-	-	
synMTS_1_101_var1	0.008	No mitochondrial presequence	34(MPP)	-0.029	52-56,69-73	15-24-low	-	-	-	-	-	-	-	-	-	-	-	-	-	-	
synMTS_1_128_var1	0.005	No mitochondrial presequence	83(MPP)	-0.060		19-30-high	-	-	-	-	-	-	-	-	-	-	-	-	-	-	
synMTS_1_107_var1	0.046	No mitochondrial presequence	25(MPP)	0.200	19-23,22-26	9-18-high	-	-	-	-	-	-	-	-	-	-	-	-	-	-	
synMTS_1_169_var1	0.158	No mitochondrial presequence	40(MPP), 41(Icp55)	0.075	7-11,15-19,96-100	7-18-high	-	-	-	-	-	-	-	-	-	-	-	-	-	-	
synMTS_1_046_var1	0.003	No mitochondrial presequence	7(MPP)	0.143		8-18-low	-	-	-	-	-	-	-	-	-	-	-	-	-	-	
synMTS_1_193_var1	0.054	No mitochondrial presequence	45(MPP)	0.022	14-18	9-18-high	-	-	-	-	-	-	-	-	-	-	-	-	-	-	
synMTS_1_147_var1	0.002	No mitochondrial presequence	49(MPP)	-0.122		8-17-low	-	-	-	-	-	-	-	-	-	-	-	-	-	-	
synMTS_1_106_var1	0.001	No mitochondrial presequence	41(MPP)	-0.122	20-24,38-42	2-14-low	-	-	-	-	-	-	-	-	-	-	-	-	-	-	
synMTS_1_113_var1	0.078	No mitochondrial presequence	47(MPP)	0.021	40-44,52-56,76-80,79-83,87-91	3-12-low	-	-	-	-	-	-	-	-	11-16	-	10-15	-	-	-	
synMTS_1_178_var1	0.019	No mitochondrial presequence	74(MPP)	-0.041	5-9,32-36,64-68,83-87	4-13-high	-	-	-	-	-	-	-	-	-	-	-	-	-	-	
synMTS_1_174_var1	0.020	No mitochondrial presequence	9(MPP)	0.111	37-41	20-29-low	21-26	-	-	-	-	-	-	-	-	-	-	-	-	-	
synMTS_1_153_var1	0.007	No mitochondrial presequence	80(MPP)	0.000	59-63,94-98	3-13-low	-	-	-	-	-	-	-	-	-	-	-	-	-	-	
synMTS_1_056_var1	0.016	No mitochondrial presequence	63(MPP)	-0.079	45-49	4-13-low	-	-	-	-	-	-	-	-	-	-	-	-	-	-	
synMTS_1_159_var1	0.020	No mitochondrial presequence	10(MPP)	-0.100		3-12-low	-	-	-	-	-	-	-	-	-	-	-	-	-	-	
synMTS_1_016_var1	0.004	No mitochondrial presequence	85(MPP)	-0.012	82-86	16-25-high	-	-	-	-	-	-	-	-	-	-	-	-	-	-	
synMTS_1_166_var1	0.061	No mitochondrial presequence	39(MPP)	0.128		18-27-low	-	-	-	-	-	-	-	-	-	-	-	-	-	-	
synMTS_1_129_var1	0.019	No mitochondrial presequence	24(MPP)	0.125	64-68	9-18-low	-	-	-	-	-	-	-	-	-	-	-	-	-	-	
synMTS_1_025_var1	0.032	No mitochondrial presequence	13(MPP)	0.154	10-14	10-19-high	-	-	-	-	-	-	-	-	-	-	-	-	-	-	
synMTS_1_040_var1	0.194	No mitochondrial presequence	45(MPP)	0.067	73-77	2-11-high	-	-	-	-	-	-	-	-	-	-	-	-	-	-	
synMTS_1_149_var1	0.015	No mitochondrial presequence	26(MPP)	-0.038		18-27-low	-	25-30	-	-	-	-	-	-	-	-	-	-	-	-	
synMTS_1_152_var1	0.009	No mitochondrial presequence	55(MPP), 63(Oct1)	-0.036		17-26-low	-	-	-	-	-	-	-	-	-	-	-	-	-	-	
synMTS_1_164_var1	0.121	No mitochondrial presequence	30(MPP)	0.100	23-27	18-27-high	-	-	-	-	-	-	-	-	-	-	-	-	-	-	
synMTS_1_100_var1	0.217	No mitochondrial presequence	29(MPP)	0.138	27-31	11-20-low	-	-	-	-	-	-	-	-	-	-	-	-	-	-	
synMTS_1_111_var1	0.015	No mitochondrial presequence	34(MPP)	0.000	3-7,73-77	20-29-low	-	-	-	-	-	-	-	-	-	-	-	-	-	-	
synMTS_1_102_var1	0.001	No mitochondrial presequence	92(MPP)	-0.076		1-12-low	-	-	-	-	-	-	-	-	-	-	-	-	-	-	
synMTS_1_155_var1	0.033	No mitochondrial presequence	39(MPP)	-0.051	53-57	20-29-low	-	-	-	-	-	-	-	-	-	-	-	-	-	-	
synMTS_1_175_var1	0.002	No mitochondrial presequence	37(MPP)	0.108		18-27-high	-	-	-	-	-	-	-	-	-	-	-	-	-	-	
synMTS_1_021_var1	0.025	No mitochondrial presequence	39(MPP)	0.000	31-35,44-48	3-13-low	-	-	-	-	-	-	-	-	-	-	-	-	-	-	
synMTS_1_184_var1	0.093	No mitochondrial presequence	14(MPP)	0.071	12-16,16-20,93-97	12-23-high	-	-	-	-	-	-	-	-	-	-	-	-	-	-	
synMTS_1_008_var1	0.014	No mitochondrial presequence	10(MPP)	0.100		5-14-high	-	-	-	-	-	-	-	-	-	-	-	-	-	-	
synMTS_1_084_var1	0.023	No mitochondrial presequence	46(MPP)	0.022		12-22-low	-	-	-	-	-	-	-	1-6	-	-	-	-	-	-	
synMTS_1_064_var1	0.070	No mitochondrial presequence	31(MPP), 39(Oct1)	0.065	21-25	17-26-high	-	-	-	-	21-26	-	-	-	-	-	-	-	-	-	
synMTS_1_125_var1	0.000	No mitochondrial presequence	41(MPP)	-0.049		11-20-low	-	-	-	-	-	-	-	-	-	-	-	-	-	-	
synMTS_1_060_var1	0.007	No mitochondrial presequence	47(MPP)	-0.064		12-21-high	-	-	-	-	-	-	-	-	-	-	-	-	-	-	
synMTS_1_163_var1	0.042	No mitochondrial presequence	54(MPP)	0.056		3-12-high	-	-	-	-	-	-	-	-	-	-	-	-	-	-	
synMTS_1_075_var1	0.037	No mitochondrial presequence	54(MPP)	0.093		1-10-low	-	-	-	-	-	-	-	-	-	-	-	-	-	-	
synMTS_1_043_var1	0.368	No mitochondrial presequence	48(MPP)	0.062	11-15,15-19,73-77	10-19-high	-	-	-	-	-	-	-	-	-	-	-	-	-	-	
synMTS_1_191_var1	0.111	No mitochondrial presequence	46(MPP)	0.109	48-52,52-56	11-20-high	-	-	-	-	-	-	-	-	-	-	-	-	-	-	
synMTS_1_094_var1	0.185	No mitochondrial presequence	34(MPP)	0.000	2-6,5-9,8-12,31-35	13-22-low	-	-	-	-	5-10	-	-	-	-	-	-	1-6	-	-	
synMTS_1_171_var1	0.023	No mitochondrial presequence	45(MPP)	0.022	16-20,65-69,91-95	14-23-high	-	-	-	-	-	-	-	-	-	-	-	-	-	-	
synMTS_1_018_var1	0.024	No mitochondrial presequence	35(MPP)	0.057	49-53,55-59	11-22-low	-	-	-	-	-	-	-	-	-	-	-	-	-	-	
synMTS_1_199_var1	0.030	No mitochondrial presequence	12(MPP)	0.083		18-27-low	-	-	-	-	-	-	-	-	-	-	-	-	-	-	
synMTS_1_197_var1	0.110	No mitochondrial presequence	6(MPP)	0.333	6-10,11-15,81-85	19-28-high	-	-	-	-	-	-	-	-	9-14	-	-	-	-	-	
synMTS_1_144_var1	0.029	No mitochondrial presequence	29(MPP)	0.069	26-30,96-100	13-24-low	-	-	-	-	-	-	-	-	-	-	-	-	-	-	
synMTS_1_173_var1	0.022	No mitochondrial presequence	43(MPP)	0.047		5-16-high	-	-	-	-	-	-	-	-	-	-	-	-	-	-	
synMTS_1_093_var1	0.031	No mitochondrial presequence	59(MPP)	0.085	51-55	16-25-low	-	-	-	-	-	-	-	-	-	-	-	-	-	-	
synMTS_1_172_var1	0.061	No mitochondrial presequence	36(MPP)	0.083		21-30-low	-	-	-	-	-	-	-	-	-	-	-	-	-	-	
synMTS_1_160_var1	0.010	No mitochondrial presequence	69(MPP)	-0.014	29-33,66-70	16-27-low	-	-	-	-	-	-	-	-	-	-	-	-	-	-	
synMTS_1_073_var1	0.048	No mitochondrial presequence	17(MPP)	0.059	14-18,57-61,84-88	10-19-low	-	-	-	-	-	-	-	-	-	-	-	-	-	-	
synMTS_1_080_var1	0.056	No mitochondrial presequence	54(MPP)	0.074	4-8,34-38	8-17-low	-	-	-	-	-	-	-	-	-	-	-	3-8	-	-	
synMTS_1_118_var1	0.000	No mitochondrial presequence	56(MPP)	-0.107	63-67	11-20-low	-	-	-	-	-	-	-	-	-	-	-	-	-	-	
synMTS_1_189_var1	0.058	No mitochondrial presequence	13(MPP)	0.000	17-21,32-36,72-76	7-16-low	-	-	-	-	-	-	-	-	-	-	-	-	-	-	
synMTS_1_140_var1	0.031	No mitochondrial presequence	36(MPP)	0.083		12-21-low	-	-	-	-	-	-	-	-	-	-	-	-	-	-	
synMTS_1_012_var1	0.020	No mitochondrial presequence	27(MPP)	0.074	5-9,54-58	13-24-high	-	-	-	-	-	-	-	-	-	-	-	-	-	-	
synMTS_1_105_var1	0.413	Possessing mitochondrial presequence	42(MPP)	0.119	21-25	1-10-low	-	-	-	-	-	-	-	-	-	-	-	-	-	-	
synMTS_1_117_var1	0.005	No mitochondrial presequence	33(MPP)	0.121		3-12-high	-	-	-	-	-	-	-	-	-	-	-	-	-	-	
synMTS_1_048_var1	0.040	No mitochondrial presequence	14(MPP)	0.071	11-15	1-10-low	-	-	-	-	-	-	-	-	-	-	-	-	-	-	
synMTS_1_089_var1	0.012	No mitochondrial presequence	77(MPP)	-0.065		8-17-low	-	-	-	-	-	-	-	-	-	-	-	-	-	-	
synMTS_1_168_var1	0.081	No mitochondrial presequence	35(MPP)	0.057	9-13	14-23-low	-	-	-	-	-	-	-	-	-	-	-	-	-	-	
synMTS_1_119_var1	0.008	No mitochondrial presequence	31(MPP)	-0.032	29-33	19-28-low	-	-	-	-	-	-	-	-	-	-	-	-	-	-	
synMTS_1_170_var1	0.002	No mitochondrial presequence	46(MPP)	0.022		20-30-high	-	-	-	-	-	-	-	-	-	-	-	-	-	-	
synMTS_1_096_var1	0.073	No mitochondrial presequence	42(MPP)	0.024	6-10,20-24	20-29-high	-	-	-	-	-	-	-	-	-	-	-	-	-	-	
synMTS_1_086_var1	0.003	No mitochondrial presequence	35(MPP)	0.057		13-22-low	-	-	-	-	-	-	-	-	-	-	-	-	-	-	
synMTS_1_133_var1	0.012	No mitochondrial presequence	69(MPP)	0.029	13-17	13-26-high	-	-	-	-	-	-	-	-	-	-	-	-	-	-	
synMTS_1_104_var1	0.048	No mitochondrial presequence	25(MPP)	-0.040	36-40,39-43	1-10-low	-	-	-	-	-	-	-	-	-	-	-	-	-	-	
synMTS_1_020_var1	0.004	No mitochondrial presequence	69(MPP)	-0.043		14-23-low	-	-	-	-	-	-	-	-	-	-	-	-	-	-	
synMTS_1_076_var1	0.050	No mitochondrial presequence	22(MPP)	0.136	40-44,44-48	4-15-high	-	-	-	-	-	-	-	-	-	-	-	-	-	-	
synMTS_1_127_var1	0.013	No mitochondrial presequence	51(MPP)	-0.020	49-53,72-76	19-28-low	-	-	-	-	-	-	-	-	-	-	-	-	-	-	
synMTS_1_110_var1	0.200	No mitochondrial presequence	38(MPP)	0.079	46-50,79-83	12-21-low	-	-	-	-	-	7-12	-	-	-	6-11	23-28	-	-	-	
synMTS_1_183_var1	0.026	No mitochondrial presequence	39(MPP)	0.077	36-40,65-69	17-27-low	-	-	-	-	-	-	-	-	-	-	-	-	-	-	
synMTS_1_079_var1	0.022	No mitochondrial presequence	65(MPP), 66(Icp55)	0.000		6-15-low	-	-	-	-	-	-	-	-	7-12	-	6-11	-	-	-	
synMTS_1_091_var1	0.034	No mitochondrial presequence	23(MPP)	0.000	1-5,96-100	11-20-low	-	-	-	-	-	-	-	-	-	-	-	-	-	-	
synMTS_1_057_var1	0.026	No mitochondrial presequence	33(MPP)	-0.030	17-21	9-18-high	-	-	-	-	-	-	-	-	-	-	-	-	-	-	
synMTS_1_156_var1	0.004	No mitochondrial presequence	56(MPP)	0.018	14-18	19-28-low	-	-	-	-	-	-	-	-	-	-	-	-	-	-	
synMTS_1_115_var1	0.071	No mitochondrial presequence	22(MPP)	0.182		18-27-high	-	-	-	-	-	-	-	-	-	-	-	-	-	-	
synMTS_1_027_var1	0.009	No mitochondrial presequence	49(MPP)	-0.082		17-26-low	-	-	-	-	-	-	-	-	-	-	-	-	-	-	
synMTS_1_141_var1	0.106	No mitochondrial presequence	65(MPP)	-0.046		9-18-high	-	-	-	-	-	-	-	-	-	-	-	-	-	-	
synMTS_1_038_var1	0.011	No mitochondrial presequence	62(MPP)	-0.016		1-11-low	-	-	-	-	-	-	-	-	-	-	-	-	-	-	
synMTS_1_034_var1	0.006	No mitochondrial presequence	10(MPP)	-0.100	30-34,47-51	15-26-low	-	-	-	-	-	-	-	-	-	-	-	-	-	-	
synMTS_1_138_var1	0.039	No mitochondrial presequence	36(MPP)	0.056	13-17,79-83	13-22-low	-	-	-	-	-	-	-	-	-	-	-	-	-	-	
synMTS_1_035_var1	0.027	No mitochondrial presequence	57(MPP)	-0.070	54-58,88-92,91-95	7-16-low	-	-	-	-	-	-	-	-	-	-	-	-	-	-	
synMTS_1_039_var1	0.014	No mitochondrial presequence	14(MPP)	0.000		21-30-low	-	-	-	-	-	-	-	-	-	-	-	-	-	-	
synMTS_1_090_var1	0.025	No mitochondrial presequence	35(MPP)	-0.029		4-16-high	-	-	-	-	-	-	-	-	-	-	-	-	-	-	
synMTS_1_030_var1	0.007	No mitochondrial presequence	69(MPP)	-0.087	66-70	17-26-low	-	-	-	-	-	-	-	-	-	-	-	-	-	-	
synMTS_1_158_var1	0.051	No mitochondrial presequence	27(MPP)	0.074		14-23-high	-	-	-	-	-	-	24-29	-	-	-	-	-	-	-	
synMTS_1_082_var1	0.014	No mitochondrial presequence	59(MPP)	-0.068		17-28-low	-	-	-	-	-	-	-	-	-	-	-	-	-	-	
synMTS_1_015_var1	0.236	No mitochondrial presequence	29(MPP)	0.138	26-30	19-30-low	-	-	-	-	-	-	-	-	5-10	-	4-9	25-30	-	-	
synMTS_1_047_var1	0.051	No mitochondrial presequence	86(MPP), 87(Icp55)	-0.023		16-25-low	-	-	-	-	-	-	-	-	-	-	-	-	-	-	
synMTS_1_072_var1	0.090	No mitochondrial presequence	15(MPP)	0.067	7-11,33-37	6-15-low	-	-	-	-	7-12	-	-	-	-	-	-	-	-	-	
synMTS_1_122_var1	0.002	No mitochondrial presequence	39(MPP)	-0.077		13-22-low	-	-	-	-	-	-	-	-	-	-	-	-	-	-	
synMTS_1_182_var1	0.020	No mitochondrial presequence	43(MPP)	0.047	1-5	4-13-low	-	-	-	-	-	-	-	-	-	-	-	-	-	-	
synMTS_1_148_var1	0.009	No mitochondrial presequence	26(MPP)	0.038		2-11-low	-	-	-	-	-	-	-	-	-	-	-	-	-	-	
synMTS_1_041_var1	0.023	No mitochondrial presequence	58(MPP)	-0.052	73-77	10-19-low	-	-	-	-	-	-	-	-	-	-	-	-	-	-	
synMTS_1_142_var1	0.001	No mitochondrial presequence	56(MPP)	-0.071		1-10-low	-	-	-	-	-	-	-	-	-	-	-	-	-	-	
synMTS_1_033_var1	0.012	No mitochondrial presequence	45(MPP)	0.089	11-15,29-33	12-22-low	-	-	-	-	-	-	-	-	-	-	-	-	-	-	
synMTS_1_050_var1	0.002	No mitochondrial presequence	11(MPP)	-0.091		12-22-low	-	-	-	-	-	-	-	-	-	-	-	-	-	-	
synMTS_1_023_var1	0.035	No mitochondrial presequence	31(MPP)	0.161	95-99	10-19-high	-	-	-	-	-	-	-	-	-	-	-	-	-	-	
synMTS_1_054_var1	0.041	No mitochondrial presequence	41(MPP)	0.049		21-30-low	-	-	-	-	-	-	-	-	-	-	-	-	-	-	
synMTS_1_139_var1	0.006	No mitochondrial presequence	25(MPP)	0.040	22-26	21-30-low	-	-	-	-	-	-	-	-	-	-	-	21-26	-	-	
synMTS_1_185_var1	0.158	No mitochondrial presequence	31(MPP)	0.161	8-12,48-52	13-24-high	-	-	-	-	-	-	-	-	1-6	-	-	-	-	-	
synMTS_1_032_var1	0.034	No mitochondrial presequence	15(MPP), 16(Icp55)	0.067	4-8	1-10-low	-	-	-	-	4-9	-	-	-	-	-	-	-	-	-	
synMTS_1_194_var1	0.185	No mitochondrial presequence	29(MPP)	0.103		7-17-high	-	-	-	-	-	-	-	-	-	-	-	-	-	-	
synMTS_1_070_var1	0.044	No mitochondrial presequence	46(MPP)	0.000		14-26-high	-	-	-	-	-	-	-	-	-	-	12-17	-	-	-	
synMTS_1_146_var1	0.116	No mitochondrial presequence	42(MPP)	0.095	16-20,46-50,74-78	16-25-high	-	-	-	-	-	-	-	-	-	-	-	-	-	-	
synMTS_1_108_var1	0.005	No mitochondrial presequence	39(MPP)	-0.077		14-23-low	-	-	-	-	-	-	-	-	-	-	-	-	-	-	
synMTS_1_013_var1	0.035	No mitochondrial presequence	21(MPP)	-0.048		19-28-high	-	-	-	-	-	-	-	-	-	-	-	-	-	-	
synMTS_1_001_var1	0.003	No mitochondrial presequence	6(MPP)	-0.333		19-30-low	-	-	-	-	-	-	-	-	-	-	-	-	-	-	
synMTS_1_074_var1	0.020	No mitochondrial presequence	36(MPP)	-0.194		21-30-low	-	-	-	-	-	-	-	-	-	-	-	-	-	-	
synMTS_1_088_var1	0.007	No mitochondrial presequence	29(MPP)	0.000	40-44	10-21-low	-	-	-	-	-	-	-	-	-	-	-	-	-	-	
synMTS_1_161_var1	0.246	No mitochondrial presequence	22(MPP)	0.000	28-32,76-80	18-27-high	-	-	-	-	-	-	-	19-24	-	18-23	-	-	-	-	
synMTS_1_151_var1	0.019	No mitochondrial presequence	92(MPP)	0.043	1-5,31-35	19-28-low	-	-	-	-	-	-	-	-	-	-	-	-	1-6	-	
synMTS_1_131_var1	0.009	No mitochondrial presequence	42(MPP)	0.000		7-17-low	-	-	-	-	-	-	-	-	-	-	-	-	-	-	
synMTS_1_066_var1	0.056	No mitochondrial presequence	46(MPP)	0.000	43-47	5-16-low	-	-	-	-	-	-	-	-	-	-	-	-	-	-	
synMTS_1_135_var1	0.003	No mitochondrial presequence	60(MPP)	-0.067	57-61	1-10-low	-	-	-	-	-	-	-	-	-	-	-	-	-	-	
synMTS_1_181_var1	0.152	No mitochondrial presequence	31(MPP)	0.097		1-12-low	-	-	-	-	-	-	-	-	-	-	-	-	-	-	
synMTS_1_150_var1	0.003	No mitochondrial presequence	38(MPP)	-0.053		19-28-low	-	-	-	-	-	-	-	-	-	-	-	-	-	-	
synMTS_1_116_var1	0.035	No mitochondrial presequence	42(MPP)	-0.024		18-30-low	-	-	-	-	-	-	-	-	-	-	-	-	-	-	
synMTS_1_154_var1	0.034	No mitochondrial presequence	64(MPP)	0.000	45-49,56-60,66-70,70-74,83-87	6-15-low	-	-	-	-	-	-	-	-	-	-	-	-	-	-	
synMTS_1_051_var1	0.043	No mitochondrial presequence	48(MPP)	0.021	50-54,66-70,69-73	17-26-low	-	-	-	-	-	-	-	-	-	-	-	-	-	-	
synMTS_1_031_var1	0.003	No mitochondrial presequence	59(MPP)	-0.119	47-51	14-23-low	-	-	-	-	-	-	-	-	-	-	-	-	-	-	
synMTS_1_052_var1	0.027	No mitochondrial presequence	23(MPP)	0.043		7-16-low	-	-	-	-	-	-	-	-	-	-	-	-	-	-	
synMTS_1_196_var1	0.005	No mitochondrial presequence	6(MPP)	0.000	53-57	21-30-low	-	-	-	-	-	-	-	-	-	-	-	-	-	-	
synMTS_1_097_var1	0.048	No mitochondrial presequence	41(MPP)	0.024	85-89	3-12-high	-	-	-	-	-	-	-	-	-	-	-	-	-	-	
synMTS_1_190_var1	0.063	No mitochondrial presequence	64(MPP)	-0.016	10-14,20-24	8-18-low	-	-	-	-	-	-	-	-	-	25-30	-	-	-	-	
synMTS_1_037_var1	0.003	No mitochondrial presequence	24(MPP)	0.042		1-10-high	-	-	-	-	-	-	-	-	-	-	-	-	-	-	
synMTS_1_002_var1	0.003	No mitochondrial presequence	35(MPP)	0.086	2-6,32-36,58-62,61-65,72-76	20-29-low	-	-	-	-	-	-	-	-	-	-	-	-	-	-	
synMTS_1_145_var1	0.034	No mitochondrial presequence	39(MPP)	-0.077	36-40	15-24-low	-	-	-	-	-	-	-	18-23	-	-	-	-	-	-	
synMTS_1_103_var1	0.010	No mitochondrial presequence	7(MPP)	0.143	31-35,40-44,53-57	19-28-low	-	-	-	-	-	-	-	-	-	-	-	-	-	-	
synMTS_1_059_var1	0.046	No mitochondrial presequence	38(MPP)	0.026	1-5,14-18,32-36	10-19-high	-	-	-	-	-	-	-	-	-	-	-	-	-	-	
synMTS_1_044_var1	0.017	No mitochondrial presequence	6(MPP)	0.000		18-27-low	-	-	-	-	-	-	-	-	-	-	-	-	-	-	
synMTS_1_065_var1	0.190	No mitochondrial presequence	9(MPP)	0.000	6-10	1-10-low	-	-	-	-	-	-	-	-	23-28	-	-	-	-	-	
synMTS_1_042_var1	0.041	No mitochondrial presequence	20(MPP)	0.100		5-14-high	-	-	-	-	-	-	-	-	-	-	-	-	-	-	
synMTS_1_120_var1	0.061	No mitochondrial presequence	6(MPP), 7(Icp55)	0.167	3-7,93-97	4-13-low	-	-	-	-	-	-	-	-	-	-	-	-	-	-	
synMTS_1_087_var1	0.010	No mitochondrial presequence	50(MPP)	0.000	34-38	18-27-low	-	-	-	-	-	-	-	-	-	-	-	-	-	-	
synMTS_1_019_var1	0.006	No mitochondrial presequence	26(MPP)	-0.038	15-19	15-24-low	-	-	-	-	-	-	-	-	-	-	-	-	-	-	
synMTS_1_069_var1	0.002	No mitochondrial presequence	16(MPP)	0.000	55-59	21-30-low	-	-	-	-	-	-	-	-	-	-	-	-	-	-	
synMTS_1_198_var1	0.001	No mitochondrial presequence	4(MPP)	0.250	46-50	9-19-high	-	-	-	-	-	-	-	-	-	-	-	-	-	-	
synMTS_1_011_var1	0.010	No mitochondrial presequence	54(MPP)	-0.019	47-51	15-24-low	-	-	-	-	-	-	-	-	-	-	-	-	-	-	
synMTS_1_085_var1	0.038	No mitochondrial presequence	11(MPP)	0.182		8-20-low	-	-	-	-	-	-	-	8-13	-	7-12	-	-	-	-	
synMTS_1_024_var1	0.009	No mitochondrial presequence	61(MPP)	-0.066		20-29-low	-	-	-	-	-	-	-	-	-	-	-	-	-	-	
synMTS_1_010_var1	0.005	No mitochondrial presequence	56(MPP)	-0.089	44-48,53-57,74-78	11-21-low	-	-	-	-	-	-	-	-	-	-	-	-	-	-	
synMTS_1_067_var1	0.041	No mitochondrial presequence	77(MPP)	0.013	16-20	4-13-low	-	-	-	-	-	-	-	-	-	-	-	-	-	-	
synMTS_1_005_var1	0.241	No mitochondrial presequence	24(MPP)	0.208	2-6	20-29-high	-	-	-	-	-	-	7-12	-	-	6-11	-	1-6	-	-	
synMTS_1_123_var1	0.049	No mitochondrial presequence	26(MPP)	0.077		15-26-low	-	-	-	-	-	-	-	-	-	-	-	-	-	-	
synMTS_1_162_var1	0.003	No mitochondrial presequence	54(MPP)	0.019	51-55	13-22-low	-	-	-	-	-	-	-	-	-	-	-	-	-	-	
synMTS_1_195_var1	0.009	No mitochondrial presequence	61(MPP)	0.066		21-30-low	-	-	-	-	-	-	-	-	-	-	-	-	-	-	
synMTS_1_063_var1	0.505	Possessing mitochondrial presequence	13(MPP)	0.077	10-14,18-22,50-54	12-21-high	-	-	-	-	10-15	-	-	-	-	-	-	-	-	-	
synMTS_1_130_var1	0.021	No mitochondrial presequence	33(MPP)	-0.030	36-40,49-53,57-61	3-12-low	-	-	-	-	-	-	-	-	-	-	-	-	-	-	
synMTS_1_068_var1	0.004	No mitochondrial presequence	76(MPP)	-0.013	37-41,73-77	1-11-low	-	-	-	-	-	-	-	-	-	-	-	-	-	-	
synMTS_1_124_var1	0.006	No mitochondrial presequence	35(MPP)	0.029		3-14-low	-	-	-	-	-	-	-	-	-	-	-	-	-	-	
synMTS_1_099_var1	0.170	No mitochondrial presequence	11(MPP)	0.182	30-34,74-78	4-13-high	-	-	-	-	-	-	-	-	-	-	-	-	-	-	
synMTS_1_098_var1	0.064	No mitochondrial presequence	20(MPP)	0.000		4-13-high	-	-	-	-	-	-	-	-	-	-	-	-	-	-	
synMTS_1_132_var1	0.045	No mitochondrial presequence	39(MPP)	-0.051		21-30-low	-	-	-	-	-	-	-	-	-	-	-	-	-	-	
synMTS_1_177_var1	0.040	No mitochondrial presequence	22(MPP)	-0.045		12-21-low	-	-	-	-	-	-	-	-	-	-	-	-	-	-	
synMTS_1_179_var1	0.488	Possessing mitochondrial presequence	19(MPP)	0.211	16-20,77-81	18-28-low	-	-	-	-	-	-	-	-	-	-	-	15-20	-	-	
synMTS_1_176_var1	0.042	No mitochondrial presequence	38(MPP)	0.158	42-46	6-15-low	-	-	-	-	-	-	-	-	-	-	-	-	-	-	
synMTS_1_053_var1	0.032	No mitochondrial presequence	22(MPP)	0.091	75-79	16-25-low	-	-	-	-	-	-	-	-	-	-	-	-	-	-	
synMTS_1_092_var1	0.033	No mitochondrial presequence	38(MPP)	-0.079		19-28-low	-	-	-	-	-	-	-	-	-	-	-	-	-	-	
synMTS_1_200_var1	0.101	No mitochondrial presequence	23(MPP)	0.043	9-13	11-24-high	-	-	-	-	-	-	-	-	-	-	-	-	-	-	
synMTS_1_055_var1	0.022	No mitochondrial presequence	18(MPP)	0.000		12-21-high	-	-	-	-	-	-	-	-	-	-	-	-	-	-	
synMTS_1_112_var1	0.026	No mitochondrial presequence	57(MPP), 58(Icp55)	-0.070	78-82	19-30-low	-	-	-	-	-	-	-	-	-	-	-	-	-	-	
synMTS_1_143_var1	0.006	No mitochondrial presequence	60(MPP)	-0.083	12-16,57-61	5-14-low	-	-	-	-	-	-	-	-	-	-	-	-	-	-	
synMTS_1_003_var1	0.001	No mitochondrial presequence	88(MPP)	-0.091	7-11	4-15-low	-	-	-	-	-	-	-	-	-	-	-	-	7-12	-	
synMTS_1_121_var1	0.005	No mitochondrial presequence	38(MPP), 46(Oct1)	-0.026	36-40,76-80	9-18-low	-	-	-	-	-	-	-	-	-	-	-	-	-	-	
synMTS_1_186_var1	0.026	No mitochondrial presequence	86(MPP)	-0.047		10-20-low	-	-	-	-	-	-	-	-	-	-	-	-	-	-	
synMTS_1_137_var1	0.061	No mitochondrial presequence	38(MPP)	0.105		12-21-low	-	-	-	-	-	-	-	-	-	-	-	-	-	-	
synMTS_1_167_var1	0.123	No mitochondrial presequence	26(MPP)	0.038	31-35,78-82	16-25-low	-	-	-	-	-	-	-	-	-	-	-	-	-	-	
synMTS_1_071_var1	0.003	No mitochondrial presequence	38(MPP)	-0.079	28-32,35-39	1-10-low	-	-	-	-	-	-	-	-	-	-	-	-	-	-	
synMTS_1_022_var1	0.020	No mitochondrial presequence	52(MPP)	0.077	24-28,39-43,59-63,67-71	20-29-high	-	-	-	-	-	-	-	-	-	-	-	-	-	-	
synMTS_1_014_var1	0.016	No mitochondrial presequence	67(MPP)	0.045	38-42,64-68	17-26-high	-	-	-	-	-	-	-	-	-	-	-	-	-	-	
synMTS_1_029_var1	0.018	No mitochondrial presequence	62(MPP), 63(Icp55)	-0.081	28-32,59-63	11-20-low	-	-	-	-	-	-	-	-	-	-	-	-	-	-	
synMTS_1_187_var1	0.056	No mitochondrial presequence	20(MPP)	0.050		6-17-low	-	-	-	-	-	-	-	-	-	-	-	-	-	-	
synMTS_1_036_var1	0.029	No mitochondrial presequence	30(MPP)	-0.033	13-17,43-47	21-30-low	-	-	-	-	-	-	-	-	-	-	-	-	-	-	
synMTS_1_078_var1	0.001	No mitochondrial presequence	56(MPP)	-0.089	58-62	20-29-low	-	-	-	-	-	-	-	-	-	-	-	-	-	-	
synMTS_1_062_var1	0.011	No mitochondrial presequence	40(MPP)	-0.025		12-21-high	-	-	-	-	-	-	-	-	-	-	-	-	-	-	
synMTS_1_136_var1	0.006	No mitochondrial presequence	51(MPP)	0.059	31-35	19-28-low	-	-	-	-	-	-	-	-	-	-	-	-	-	-	
synMTS_2_184_var1	0.010	No mitochondrial presequence	41(MPP)	-0.073	38-42,94-98	5-14-high	-	-	-	-	-	-	-	-	-	-	-	-	-	-	
synMTS_2_151_var1	0.002	No mitochondrial presequence	47(MPP)	-0.064		17-26-low	-	-	-	-	-	-	-	-	-	-	-	-	-	-	
synMTS_2_045_var1	0.001	No mitochondrial presequence	69(MPP)	-0.058		16-25-high	-	-	-	-	-	-	-	-	-	-	-	-	-	-	
synMTS_2_188_var1	0.091	No mitochondrial presequence	35(MPP)	0.057	32-36,46-50	3-12-low	-	-	-	-	-	-	-	-	-	-	-	-	-	-	
synMTS_2_088_var1	0.124	No mitochondrial presequence	19(MPP)	0.000		12-21-high	-	-	-	-	-	-	-	-	-	-	-	-	-	-	
synMTS_2_007_var1	0.002	No mitochondrial presequence	58(MPP)	-0.052	11-15	10-19-high	-	-	-	-	-	-	-	-	-	-	-	-	-	-	
synMTS_2_030_var1	0.014	No mitochondrial presequence	64(MPP)	0.016		1-12-low	-	-	-	-	-	-	-	-	-	-	-	-	-	-	
synMTS_2_078_var1	0.114	No mitochondrial presequence	80(MPP)	0.050	21-25,71-75	15-25-high	-	-	-	-	-	13-18	-	-	-	12-17	-	-	-	-	
synMTS_2_098_var1	0.012	No mitochondrial presequence	44(MPP)	-0.068	30-34	11-21-low	-	-	-	-	-	-	-	-	-	-	-	-	-	-	
synMTS_2_001_var1	0.032	No mitochondrial presequence	38(MPP)	0.026	45-49	1-10-low	-	-	-	-	-	-	-	-	-	-	-	-	-	-	
synMTS_2_060_var1	0.041	No mitochondrial presequence	46(MPP)	0.000	21-25,44-48,74-78	20-29-high	-	-	-	-	-	-	-	-	-	-	-	-	-	-	
synMTS_2_006_var1	0.002	No mitochondrial presequence	68(MPP)	0.044		16-29-low	-	-	-	-	-	-	-	-	-	-	-	-	-	-	
synMTS_2_059_var1	0.003	No mitochondrial presequence	52(MPP)	-0.038	64-68,67-71	13-22-low	-	-	-	-	-	-	-	-	-	-	-	-	-	-	
synMTS_2_198_var1	0.007	No mitochondrial presequence	51(MPP)	0.039		11-23-low	-	-	-	-	-	-	-	-	-	-	-	-	-	-	
synMTS_2_134_var1	0.082	No mitochondrial presequence	19(MPP)	0.158	10-14,48-52	9-18-high	-	-	-	-	-	-	-	-	-	-	-	9-14	10-15	-	
synMTS_2_116_var1	0.004	No mitochondrial presequence	23(MPP)	0.000	26-30,96-100	2-11-low	-	-	-	-	-	-	-	-	-	-	-	-	-	-	
synMTS_2_197_var1	0.001	No mitochondrial presequence	40(MPP)	-0.025	68-72	4-13-low	-	-	-	-	-	-	-	-	-	-	-	-	-	-	
synMTS_2_189_var1	0.022	No mitochondrial presequence	43(MPP)	-0.047		7-16-low	-	-	-	-	-	-	-	-	-	-	-	-	-	-	
synMTS_2_055_var1	0.026	No mitochondrial presequence	34(MPP)	-0.029		14-25-high	-	-	-	-	-	-	-	-	-	-	-	-	-	-	
synMTS_2_149_var1	0.050	No mitochondrial presequence	64(MPP)	0.016	23-27	2-11-high	-	-	-	-	-	-	-	-	-	-	-	-	-	-	
synMTS_2_155_var1	0.004	No mitochondrial presequence	9(MPP)	0.111		3-14-low	-	-	-	-	-	-	-	-	-	-	-	-	-	-	
synMTS_2_002_var1	0.040	No mitochondrial presequence	62(MPP), 70(Oct1)	0.032	56-60	11-22-low	-	-	-	-	-	-	-	-	-	-	-	-	-	-	
synMTS_2_096_var1	0.042	No mitochondrial presequence	28(MPP)	0.179	19-23	18-29-low	-	-	-	-	-	-	-	-	-	-	-	-	-	-	
synMTS_2_064_var1	0.072	No mitochondrial presequence	79(MPP)	0.076	21-25,35-39	21-30-low	-	-	-	-	-	-	-	-	-	-	-	20-25	-	-	
synMTS_2_050_var1	0.017	No mitochondrial presequence	6(MPP)	0.167	69-73	4-13-high	-	-	-	-	-	-	-	-	-	-	-	-	-	-	
synMTS_2_040_var1	0.072	No mitochondrial presequence	30(MPP)	0.000	12-16	8-19-low	-	-	-	-	-	-	-	-	-	-	-	-	-	-	
synMTS_2_187_var1	0.373	No mitochondrial presequence	14(MPP)	0.214		2-11-high	-	5-10	-	-	-	-	-	-	-	-	-	-	-	-	
synMTS_2_101_var1	0.027	No mitochondrial presequence	47(MPP), 48(Icp55)	-0.021	2-6,11-15,44-48	1-10-high	-	-	-	-	-	-	-	-	-	-	-	-	-	-	
synMTS_2_049_var1	0.000	No mitochondrial presequence	71(MPP)	-0.042	37-41	2-11-low	-	-	-	-	-	-	-	-	-	-	-	-	-	-	
synMTS_2_065_var1	0.006	No mitochondrial presequence	43(MPP)	-0.023	19-23	21-30-low	-	-	-	-	-	-	-	-	-	-	-	-	-	-	
synMTS_2_108_var1	0.033	No mitochondrial presequence	60(MPP)	0.000		18-27-high	-	-	-	-	-	-	25-30	-	-	-	-	-	-	-	
synMTS_2_140_var1	0.157	No mitochondrial presequence	69(MPP)	-0.043		19-30-low	-	-	-	-	-	-	-	-	-	-	-	-	-	-	
synMTS_2_186_var1	0.040	No mitochondrial presequence	70(MPP)	-0.057	32-36,48-52,67-71,71-75	20-29-low	-	-	-	-	-	-	-	-	-	-	-	-	-	-	
synMTS_2_015_var1	0.003	No mitochondrial presequence	33(MPP)	-0.030		14-25-low	-	-	-	-	-	-	-	-	-	-	-	-	-	-	
synMTS_2_019_var1	0.011	No mitochondrial presequence	60(MPP)	-0.017	57-61	13-22-high	-	-	-	-	-	-	-	-	-	-	-	-	-	-	
synMTS_2_196_var1	0.006	No mitochondrial presequence	34(MPP)	0.000	38-42,83-87	15-24-low	-	-	-	-	-	-	-	-	-	-	-	-	-	-	
synMTS_2_106_var1	0.009	No mitochondrial presequence	11(MPP)	-0.182	17-21,33-37	5-14-low	-	-	-	-	-	-	-	-	-	-	-	-	-	-	
synMTS_2_118_var1	0.112	No mitochondrial presequence	31(MPP)	0.161	75-79,80-84	21-30-high	-	-	-	-	-	-	-	-	-	-	13-18	-	-	-	
synMTS_2_107_var1	0.074	No mitochondrial presequence	39(MPP)	0.077	65-69,79-83	5-14-low	-	-	-	-	-	-	-	-	-	-	-	-	-	-	
synMTS_2_024_var1	0.001	No mitochondrial presequence	42(MPP)	0.048		21-30-low	-	-	-	-	-	-	-	-	-	-	-	-	-	-	
synMTS_2_119_var1	0.050	No mitochondrial presequence	47(MPP)	-0.043	62-66	10-19-low	-	-	-	-	-	-	-	-	-	-	-	-	-	-	
synMTS_2_130_var1	0.041	No mitochondrial presequence	61(MPP)	0.066		9-18-low	-	-	-	-	-	-	-	-	-	-	-	-	-	-	
synMTS_2_141_var1	0.016	No mitochondrial presequence	70(MPP)	0.043	51-55,57-61,64-68	10-19-low	-	-	-	-	-	-	-	-	-	-	-	-	-	-	
synMTS_2_193_var1	0.264	No mitochondrial presequence	80(MPP)	0.150	77-81	12-21-high	-	-	-	-	-	-	-	-	-	-	-	-	-	-	
synMTS_2_074_var1	0.018	No mitochondrial presequence	53(MPP)	-0.057	26-30	10-19-low	-	-	-	-	-	-	-	-	-	-	-	-	-	-	
synMTS_2_017_var1	0.009	No mitochondrial presequence	41(MPP)	-0.024		13-22-low	-	-	-	-	-	-	-	-	-	-	-	-	-	-	
synMTS_2_034_var1	0.001	No mitochondrial presequence	6(MPP), 7(Icp55)	0.000		5-14-low	-	-	-	-	-	-	-	-	-	-	-	-	-	-	
synMTS_2_177_var1	0.019	No mitochondrial presequence	39(MPP)	-0.026	40-44,91-95	3-12-low	-	-	-	-	-	-	-	-	-	-	-	-	-	-	
synMTS_2_062_var1	0.024	No mitochondrial presequence	8(MPP)	0.125	23-27	10-19-high	-	-	-	-	-	-	-	-	-	-	-	-	-	-	
synMTS_2_126_var1	0.002	No mitochondrial presequence	78(MPP)	-0.038		15-24-high	-	-	-	-	-	-	-	-	-	-	-	-	-	-	
synMTS_2_003_var1	0.003	No mitochondrial presequence	74(MPP)	-0.041	71-75	11-20-low	-	-	-	-	-	-	-	-	-	-	-	-	-	-	
synMTS_2_084_var1	0.008	No mitochondrial presequence	33(MPP)	0.000		13-22-high	-	-	-	-	-	-	-	-	-	-	-	-	-	-	
synMTS_2_004_var1	0.013	No mitochondrial presequence	41(MPP)	0.000	26-30,30-34,38-42,81-85	21-30-low	-	-	-	-	-	-	-	-	-	-	-	-	-	-	
synMTS_2_135_var1	0.032	No mitochondrial presequence	51(MPP)	0.039	16-20,19-23,41-45,45-49,48-52	4-13-low	-	-	-	-	16-21	-	-	-	-	-	-	-	-	-	
synMTS_2_125_var1	0.027	No mitochondrial presequence	36(MPP)	0.056		21-30-low	-	-	-	-	-	-	-	-	-	-	-	-	-	-	
synMTS_2_180_var1	0.004	No mitochondrial presequence	59(MPP)	-0.017		17-27-low	-	-	-	-	-	-	-	-	-	-	-	-	-	-	
synMTS_2_075_var1	0.006	No mitochondrial presequence	12(MPP)	0.083		1-12-low	-	-	-	-	-	-	-	-	-	-	-	-	-	-	
synMTS_2_016_var1	0.370	No mitochondrial presequence	20(MPP)	0.200	17-21,21-25,26-30	16-25-high	-	13-18	-	-	17-22	-	-	-	-	-	-	-	-	-	
synMTS_2_093_var1	0.035	No mitochondrial presequence	41(MPP)	0.000	94-98	15-24-low	-	-	-	-	-	-	-	-	-	-	-	-	-	-	
synMTS_2_121_var1	0.035	No mitochondrial presequence	41(MPP), 42(Icp55)	0.024	10-14,38-42	6-15-low	-	-	-	-	-	-	-	-	-	-	-	-	10-15	-	
synMTS_2_095_var1	0.051	No mitochondrial presequence	26(MPP)	0.038		9-18-low	-	-	-	-	-	-	-	-	-	-	-	-	-	-	
synMTS_2_011_var1	0.034	No mitochondrial presequence	24(MPP)	0.042	70-74	7-16-low	-	-	-	18-23	-	-	-	-	-	-	-	-	-	-	
synMTS_2_032_var1	0.032	No mitochondrial presequence	15(MPP)	0.000	43-47	15-24-low	-	-	-	-	-	-	-	-	-	-	9-14	-	-	-	
synMTS_2_115_var1	0.011	No mitochondrial presequence	49(MPP)	-0.061	36-40,46-50	7-16-low	-	-	-	-	-	-	-	-	-	-	-	-	-	-	
synMTS_2_097_var1	0.026	No mitochondrial presequence	39(MPP)	0.000	93-97	3-12-low	-	-	-	-	-	-	-	-	-	-	-	-	-	-	
synMTS_2_182_var1	0.046	No mitochondrial presequence	58(MPP)	-0.017	7-11	19-28-low	-	-	-	-	-	-	1-6	-	-	-	-	-	-	-	
synMTS_2_008_var1	0.026	No mitochondrial presequence	58(MPP)	-0.034		17-26-low	-	-	-	-	-	-	-	-	-	16-21	-	-	-	-	
synMTS_2_111_var1	0.009	No mitochondrial presequence	80(MPP)	0.025	25-29,67-71	19-29-high	-	-	-	-	-	-	-	-	-	-	-	-	-	-	
synMTS_2_122_var1	0.022	No mitochondrial presequence	47(MPP)	0.000	32-36,48-52,64-68	18-27-low	-	-	-	-	-	-	-	-	-	-	-	-	-	-	
synMTS_2_009_var1	0.018	No mitochondrial presequence	81(MPP)	-0.025	70-74,78-82	14-23-low	-	-	-	-	-	-	-	-	-	-	-	-	-	-	
synMTS_2_014_var1	0.015	No mitochondrial presequence	66(MPP)	0.000		6-15-high	-	-	-	-	-	-	-	-	-	-	-	-	-	-	
synMTS_2_175_var1	0.027	No mitochondrial presequence	11(MPP)	0.182		9-18-high	-	-	-	-	-	-	-	-	-	-	-	-	-	-	
synMTS_2_068_var1	0.018	No mitochondrial presequence	52(MPP)	-0.038	26-30	14-24-low	-	-	-	-	-	-	-	-	-	-	-	-	-	-	
synMTS_2_145_var1	0.033	No mitochondrial presequence	92(MPP)	-0.076		14-23-high	-	-	-	-	-	-	-	-	-	-	-	-	-	-	
synMTS_2_181_var1	0.004	No mitochondrial presequence	65(MPP)	-0.077	50-54	14-23-low	-	-	-	-	-	-	-	-	-	-	-	-	-	-	
synMTS_2_103_var1	0.013	No mitochondrial presequence	17(MPP)	0.000	14-18,22-26,48-52,70-74	18-27-low	-	-	-	-	-	-	-	-	-	-	-	-	-	-	
synMTS_2_052_var1	0.002	No mitochondrial presequence	83(MPP)	-0.024	59-63	1-10-low	-	-	-	-	-	-	-	-	-	-	-	-	-	-	
synMTS_2_066_var1	0.017	No mitochondrial presequence	17(MPP)	-0.059		4-14-low	-	-	-	-	-	-	-	-	-	-	-	-	-	-	
synMTS_2_136_var1	0.016	No mitochondrial presequence	40(MPP)	0.075	94-98	1-10-low	-	-	-	-	-	-	-	-	-	-	-	-	-	-	
synMTS_2_026_var1	0.016	No mitochondrial presequence	37(MPP)	0.081	96-100	1-12-high	-	-	-	-	-	-	-	-	-	-	-	-	-	-	
synMTS_2_200_var1	0.197	No mitochondrial presequence	39(MPP), 40(Icp55)	0.128	64-68	17-26-low	-	-	-	-	-	-	-	-	20-25	-	-	-	-	-	
synMTS_2_132_var1	0.026	No mitochondrial presequence	15(MPP)	0.133	7-11,43-47,75-79	4-13-high	-	-	-	-	-	-	-	-	-	-	-	-	7-12	-	
synMTS_2_167_var1	0.029	No mitochondrial presequence	10(MPP)	0.200	91-95	18-27-high	-	-	-	-	-	-	-	-	-	-	-	-	-	-	
synMTS_2_112_var1	0.007	No mitochondrial presequence	46(MPP)	0.000	82-86	9-25-low	-	-	-	-	-	-	-	-	-	-	-	-	-	-	
synMTS_2_129_var1	0.010	No mitochondrial presequence	18(MPP)	0.000	41-45,50-54	21-30-low	-	-	-	-	-	-	-	-	-	-	-	-	-	-	
synMTS_2_069_var1	0.017	No mitochondrial presequence	18(MPP)	0.167	40-44	21-30-low	-	-	-	-	-	-	-	-	-	-	-	-	-	-	
synMTS_2_150_var1	0.043	No mitochondrial presequence	55(MPP), 56(Icp55)	0.000	47-51	17-26-low	-	-	-	-	-	-	-	-	-	-	-	-	-	-	
synMTS_2_100_var1	0.032	No mitochondrial presequence	17(MPP)	0.118	8-12,72-76,75-79	1-13-high	-	-	-	-	-	-	-	-	-	-	-	-	-	-	
synMTS_2_120_var1	0.059	No mitochondrial presequence	65(MPP)	0.062		17-27-high	-	20-25	-	-	-	-	-	-	-	-	-	-	-	-	
synMTS_2_099_var1	0.092	No mitochondrial presequence	49(MPP)	0.143	15-19,19-23,46-50	3-12-high	-	-	-	-	-	-	-	-	-	-	-	-	-	-	
synMTS_2_036_var1	0.010	No mitochondrial presequence	49(MPP)	0.041	9-13	2-11-high	-	-	-	-	-	-	-	-	-	-	-	-	-	-	
synMTS_2_010_var1	0.035	No mitochondrial presequence	52(MPP)	0.019	21-25	14-23-high	-	-	-	-	-	-	-	-	-	-	-	-	-	-	
synMTS_2_170_var1	0.225	No mitochondrial presequence	43(MPP)	0.070	21-25	21-30-high	-	-	-	-	-	-	-	-	-	-	-	20-25	-	-	
synMTS_2_091_var1	0.081	No mitochondrial presequence	87(MPP)	0.034	12-16	12-23-high	-	-	-	-	-	-	-	-	-	-	-	-	-	-	
synMTS_2_113_var1	0.010	No mitochondrial presequence	60(MPP)	-0.017		6-15-low	-	-	-	-	-	-	-	-	-	-	-	-	-	-	
synMTS_2_195_var1	0.030	No mitochondrial presequence	13(MPP)	0.000		1-10-low	-	-	-	-	-	-	-	-	-	-	-	-	-	-	
synMTS_2_168_var1	0.005	No mitochondrial presequence	52(MPP)	-0.058	64-68	18-27-low	-	-	-	-	-	-	-	-	-	-	-	-	-	-	
synMTS_2_089_var1	0.001	No mitochondrial presequence	53(MPP)	-0.057	47-51,50-54	11-20-low	-	-	-	-	-	-	-	-	-	-	-	-	-	-	
synMTS_2_114_var1	0.012	No mitochondrial presequence	62(MPP)	0.016	56-60	4-13-low	-	-	-	-	-	-	-	-	-	-	-	-	-	-	
synMTS_2_043_var1	0.007	No mitochondrial presequence	22(MPP)	-0.136	96-100	21-30-low	-	-	-	-	-	-	-	-	-	-	-	-	-	-	
synMTS_2_169_var1	0.001	No mitochondrial presequence	7(MPP)	0.000	29-33,59-63	1-10-low	-	-	-	-	-	-	-	-	-	-	-	-	-	-	
synMTS_2_157_var1	0.008	No mitochondrial presequence	45(MPP)	-0.022		4-14-low	-	-	-	-	-	-	-	-	-	-	-	-	-	-	
synMTS_2_124_var1	0.048	No mitochondrial presequence	80(MPP)	-0.013	3-7,68-72,78-82	2-11-high	-	-	-	-	-	-	-	-	-	-	-	-	-	-	
synMTS_2_165_var1	0.014	No mitochondrial presequence	47(MPP)	-0.128		4-13-high	-	-	-	-	-	-	-	-	-	-	-	-	-	-	
synMTS_2_171_var1	0.004	No mitochondrial presequence	23(MPP)	-0.087	49-53	10-19-low	-	-	-	-	-	-	-	-	-	-	-	-	-	-	
synMTS_2_110_var1	0.006	No mitochondrial presequence	18(MPP)	-0.056		15-24-low	-	-	-	-	-	-	-	-	-	-	-	-	-	-	
synMTS_2_070_var1	0.004	No mitochondrial presequence	23(MPP)	-0.087		16-25-high	-	-	-	-	-	-	-	-	-	-	-	-	-	-	
synMTS_2_104_var1	0.033	No mitochondrial presequence	72(MPP), 73(Icp55)	0.014	11-15,69-73	7-16-high	-	-	-	-	-	-	-	-	-	-	-	-	-	-	
synMTS_2_123_var1	0.061	No mitochondrial presequence	17(MPP)	0.118	10-14,48-52	7-20-high	-	-	-	-	-	-	-	-	-	-	-	-	-	-	
synMTS_2_137_var1	0.031	No mitochondrial presequence	39(MPP)	0.077	1-5	19-28-low	-	-	-	-	-	-	-	-	-	-	-	-	-	-	
synMTS_2_102_var1	0.021	No mitochondrial presequence	91(MPP)	-0.011		1-12-low	-	-	-	-	-	-	-	-	-	-	-	-	-	-	
synMTS_2_012_var1	0.007	No mitochondrial presequence	51(MPP)	-0.157	49-53	6-15-low	-	-	-	-	-	-	-	-	-	-	-	-	-	-	
synMTS_2_056_var1	0.028	No mitochondrial presequence	9(MPP)	0.111	10-14	11-20-low	-	-	-	-	-	-	-	-	-	-	-	-	-	-	
synMTS_2_159_var1	0.885	Possessing mitochondrial presequence	41(MPP)	0.146		9-18-low	-	-	-	-	-	-	-	-	-	-	-	-	-	-	
synMTS_2_051_var1	0.001	No mitochondrial presequence	31(MPP)	-0.032		12-21-low	-	-	-	-	-	-	-	-	-	-	-	-	-	-	
synMTS_2_156_var1	0.039	No mitochondrial presequence	19(MPP)	0.211	35-39	11-20-low	-	-	-	-	-	-	-	-	-	-	-	-	-	-	
synMTS_2_166_var1	0.006	No mitochondrial presequence	69(MPP)	-0.101	16-20,66-70	21-30-low	-	-	-	-	-	-	-	-	-	-	-	-	-	-	
synMTS_2_073_var1	0.134	No mitochondrial presequence	35(MPP), 43(Oct1)	0.200	25-29,35-39,79-83	8-17-high	-	-	-	-	-	-	-	-	-	-	-	-	25-30	-	
synMTS_2_092_var1	0.054	No mitochondrial presequence	23(MPP), 31(Oct1)	-0.043	95-99	18-27-low	-	-	-	-	-	-	-	20-25	-	-	-	-	-	19-24	
synMTS_2_152_var1	0.031	No mitochondrial presequence	12(MPP)	0.167	6-10,9-13,38-42,95-99	5-15-high	-	-	-	-	6-11	-	-	-	-	-	-	-	-	-	
synMTS_2_191_var1	0.036	No mitochondrial presequence	41(MPP)	-0.073	64-68,68-72,71-75,92-96	2-16-high	-	-	-	-	-	-	-	2-7	-	1-6	-	-	-	-	
synMTS_2_080_var1	0.014	No mitochondrial presequence	27(MPP)	0.000		18-27-low	-	-	-	-	-	-	-	-	-	-	-	-	-	-	
synMTS_2_127_var1	0.032	No mitochondrial presequence	46(MPP)	0.022		12-21-low	-	-	-	-	-	-	-	-	-	-	-	-	-	-	
synMTS_2_148_var1	0.080	No mitochondrial presequence	26(MPP)	0.154	68-72	5-14-low	-	-	-	-	-	-	-	-	-	-	-	-	-	-	
synMTS_2_162_var1	0.009	No mitochondrial presequence	80(MPP)	-0.113	91-95,94-98	8-19-low	-	-	-	-	-	-	-	-	-	-	-	-	-	-	
synMTS_2_021_var1	0.056	No mitochondrial presequence	37(MPP)	0.108		1-10-low	-	-	-	-	-	-	-	-	-	-	22-27	-	-	-	
synMTS_2_190_var1	0.028	No mitochondrial presequence	30(MPP)	0.167		1-10-high	-	-	-	-	-	-	-	-	-	-	-	-	-	-	
synMTS_2_109_var1	0.023	No mitochondrial presequence	92(MPP)	0.087		9-18-low	-	-	-	-	-	-	-	-	-	-	-	-	-	-	
synMTS_2_081_var1	0.003	No mitochondrial presequence	37(MPP)	-0.054	70-74,75-79	17-26-high	-	-	-	-	-	-	-	-	-	-	-	-	-	-	
synMTS_2_013_var1	0.018	No mitochondrial presequence	20(MPP)	-0.050	93-97	11-20-low	-	-	-	-	-	-	-	-	-	-	-	-	-	-	
synMTS_2_163_var1	0.035	No mitochondrial presequence	25(MPP)	0.080		21-30-high	-	-	-	-	-	-	-	-	-	-	-	-	-	-	
synMTS_2_176_var1	0.001	No mitochondrial presequence	88(MPP)	-0.068	38-42	13-22-low	-	-	-	-	-	-	-	-	-	-	-	-	-	-	
synMTS_2_029_var1	0.008	No mitochondrial presequence	65(MPP)	0.000	3-7,22-26	10-21-low	-	-	-	-	-	-	-	-	-	-	-	-	-	-	
synMTS_2_076_var1	0.009	No mitochondrial presequence	41(MPP)	0.000	31-35	21-30-high	-	-	-	-	-	-	-	-	-	-	-	-	-	-	
synMTS_2_044_var1	0.073	No mitochondrial presequence	28(MPP)	0.071		14-23-low	-	-	-	-	-	-	-	16-21	-	-	-	-	-	-	
synMTS_2_143_var1	0.005	No mitochondrial presequence	55(MPP)	0.036	34-38,46-50,87-91,95-99	19-28-low	-	-	-	-	-	-	-	-	-	-	-	-	-	-	
synMTS_2_025_var1	0.008	No mitochondrial presequence	34(MPP), 35(Icp55)	0.118		4-13-low	-	-	-	-	-	-	-	-	-	-	-	-	-	-	
synMTS_2_154_var1	0.026	No mitochondrial presequence	79(MPP)	0.038	11-15,29-33,39-43,76-80	11-20-high	-	-	-	-	-	-	-	-	-	-	-	-	-	-	
synMTS_2_020_var1	0.001	No mitochondrial presequence	8(MPP)	-0.125	46-50,68-72	6-15-low	-	-	-	-	-	-	-	-	-	-	-	-	-	-	
synMTS_2_183_var1	0.028	No mitochondrial presequence	41(MPP)	-0.024		8-17-high	-	-	-	-	-	-	-	-	-	-	-	-	-	-	
synMTS_2_039_var1	0.059	No mitochondrial presequence	19(MPP)	0.000	75-79	1-10-low	-	-	-	-	-	-	-	-	-	-	-	-	-	-	
synMTS_2_153_var1	0.014	No mitochondrial presequence	46(MPP)	0.000		14-23-low	-	-	-	-	-	-	-	-	-	-	-	-	-	-	
synMTS_2_031_var1	0.125	No mitochondrial presequence	32(MPP)	0.031	26-30	21-30-high	-	-	-	23-28	-	-	-	-	-	-	-	-	-	-	
synMTS_2_033_var1	0.011	No mitochondrial presequence	17(MPP)	0.118	14-18	9-18-high	-	-	-	-	-	-	-	-	-	-	-	-	-	-	
synMTS_2_105_var1	0.023	No mitochondrial presequence	61(MPP)	0.000	30-34	15-24-low	-	-	-	-	-	-	-	-	-	-	-	-	-	-	
synMTS_2_086_var1	0.129	No mitochondrial presequence	38(MPP)	0.132	69-73,92-96,95-99	1-10-high	-	-	-	-	-	-	-	-	25-30	-	-	-	-	-	
synMTS_2_138_var1	0.311	No mitochondrial presequence	15(MPP)	0.133	1-5,13-17,25-29,32-36	20-29-high	-	-	-	-	-	-	-	-	-	-	-	-	-	-	
synMTS_2_035_var1	0.015	No mitochondrial presequence	56(MPP)	-0.036	50-54	20-29-low	-	-	-	-	-	-	-	-	-	-	-	-	-	-	
synMTS_2_164_var1	0.013	No mitochondrial presequence	10(MPP)	0.000	60-64	1-10-low	-	-	-	-	-	-	-	-	-	-	-	-	-	-	
synMTS_2_037_var1	0.042	No mitochondrial presequence	48(MPP)	-0.042	33-37,45-49,51-55	14-23-low	-	-	-	-	-	-	-	-	-	-	-	-	-	-	
synMTS_2_023_var1	0.016	No mitochondrial presequence	54(MPP)	0.019	14-18,20-24,33-37	10-19-high	-	-	-	-	-	-	-	-	-	-	-	-	-	-	
synMTS_2_199_var1	0.011	No mitochondrial presequence	54(MPP)	-0.056	1-5,58-62	21-30-low	-	-	-	-	-	-	-	-	-	-	-	-	-	-	
synMTS_2_072_var1	0.006	No mitochondrial presequence	38(MPP)	0.079		13-22-low	-	-	-	-	-	-	-	-	-	-	-	-	-	-	
synMTS_2_172_var1	0.141	No mitochondrial presequence	55(MPP)	0.073	26-30,30-34,43-47,47-51,63-67	11-20-high	-	-	-	-	-	-	-	-	-	-	-	25-30	-	-	
synMTS_2_173_var1	0.003	No mitochondrial presequence	9(MPP)	0.111		19-28-low	-	-	-	-	-	-	-	-	-	-	-	-	-	-	
synMTS_2_041_var1	0.229	No mitochondrial presequence	61(MPP), 62(Icp55)	0.148	78-82	16-25-high	-	-	-	-	-	-	-	-	-	-	-	-	-	-	
synMTS_2_005_var1	0.000	No mitochondrial presequence	59(MPP)	0.000	15-19	8-19-low	-	-	-	-	-	-	-	-	-	-	-	-	-	-	
synMTS_2_077_var1	0.011	No mitochondrial presequence	32(MPP)	0.188		2-11-low	-	-	-	-	-	-	-	-	-	-	-	-	-	-	
synMTS_2_161_var1	0.006	No mitochondrial presequence	67(MPP), 68(Icp55)	-0.090	64-68,70-74	14-23-low	-	-	-	-	-	-	-	-	-	-	-	-	-	-	
synMTS_2_179_var1	0.006	No mitochondrial presequence	47(MPP)	0.064	6-10	10-26-low	-	-	-	-	-	-	-	-	-	-	-	-	-	-	
synMTS_2_038_var1	0.040	No mitochondrial presequence	59(MPP)	-0.017		1-10-low	-	-	-	-	-	-	12-17	-	-	11-16	-	-	-	-	
synMTS_2_185_var1	0.031	No mitochondrial presequence	44(MPP)	-0.068	9-13	18-27-low	-	-	-	-	-	-	-	-	-	-	-	-	-	-	
synMTS_2_090_var1	0.030	No mitochondrial presequence	84(MPP)	0.071	28-32	20-30-low	-	-	-	-	-	-	-	-	-	-	-	-	-	-	
synMTS_2_117_var1	0.009	No mitochondrial presequence	53(MPP)	0.057		1-10-low	-	-	-	-	-	-	-	-	-	-	-	-	-	-	
synMTS_2_158_var1	0.015	No mitochondrial presequence	32(MPP)	-0.031	11-15,38-42	11-20-low	-	-	-	-	-	-	-	-	-	-	-	-	-	-	
synMTS_2_192_var1	0.083	No mitochondrial presequence	35(MPP)	-0.057		2-11-low	-	-	-	-	-	-	2-7	-	-	1-6	-	-	-	-	
synMTS_2_144_var1	0.008	No mitochondrial presequence	37(MPP)	-0.027	47-51,50-54	19-28-low	-	-	-	-	-	-	-	-	-	-	-	-	-	-	
synMTS_2_160_var1	0.058	No mitochondrial presequence	27(MPP)	0.148	20-24,60-64	1-10-low	-	-	-	-	-	-	-	-	-	-	-	-	-	-	
synMTS_2_022_var1	0.027	No mitochondrial presequence	28(MPP)	-0.071	45-49,93-97,96-100	3-13-low	-	-	-	-	-	-	-	-	-	-	-	-	-	-	
synMTS_2_063_var1	0.001	No mitochondrial presequence	40(MPP)	-0.100		20-29-low	-	-	-	-	-	-	-	-	-	-	-	-	-	-	
synMTS_2_083_var1	0.018	No mitochondrial presequence	49(MPP)	-0.020	28-32	7-16-low	-	-	-	-	-	-	-	-	-	-	-	-	-	-	
synMTS_2_128_var1	0.121	No mitochondrial presequence	25(MPP)	0.000		9-18-low	-	-	-	-	-	-	-	-	-	-	-	-	-	-	
synMTS_2_079_var1	0.030	No mitochondrial presequence	91(MPP), 92(Icp55)	0.044	6-10,26-30,36-40,39-43	15-30-high	-	-	-	-	-	-	-	-	-	-	-	-	-	-	
synMTS_2_139_var1	0.039	No mitochondrial presequence	11(MPP)	0.091		12-21-high	-	-	-	-	-	-	-	-	-	-	-	-	-	-	
synMTS_2_054_var1	0.183	No mitochondrial presequence	15(MPP)	0.133	12-16	8-17-high	-	-	-	-	-	-	-	-	-	-	-	-	-	-	
synMTS_2_047_var1	0.011	No mitochondrial presequence	39(MPP)	0.000		21-30-low	-	-	-	-	-	-	-	-	-	-	-	-	-	-	
synMTS_2_142_var1	0.121	No mitochondrial presequence	30(MPP), 38(Oct1)	0.033		16-29-high	-	-	-	-	-	-	-	-	-	-	-	-	-	-	
synMTS_2_146_var1	0.012	No mitochondrial presequence	55(MPP)	0.036		19-29-low	-	-	-	-	-	-	-	-	-	-	-	-	-	-	
synMTS_2_133_var1	0.015	No mitochondrial presequence	83(MPP)	0.036		2-11-low	-	-	-	-	-	-	-	-	-	-	-	-	-	-	
synMTS_2_174_var1	0.373	No mitochondrial presequence	26(MPP), 27(Icp55)	0.154	35-39,40-44,78-82	4-13-low	-	-	-	-	-	-	-	-	-	-	-	-	-	-	
synMTS_2_131_var1	0.007	No mitochondrial presequence	35(MPP)	0.000	32-36,51-55	1-10-low	-	-	-	-	-	-	-	-	-	-	-	-	-	-	
synMTS_2_028_var1	0.011	No mitochondrial presequence	23(MPP)	-0.087	12-16,20-24	16-27-high	-	-	-	-	-	23-28	-	-	-	-	-	-	-	-	
synMTS_2_058_var1	0.021	No mitochondrial presequence	59(MPP), 60(Icp55)	-0.017		6-17-low	-	-	-	-	-	-	-	-	-	-	-	-	-	-	
synMTS_2_061_var1	0.132	No mitochondrial presequence	14(MPP)	0.071	42-46	8-17-high	-	-	-	-	-	-	11-16,15-20	-	-	-	-	-	-	14-19	
synMTS_2_082_var1	0.000	No mitochondrial presequence	16(MPP)	0.000		16-25-low	-	-	-	-	-	-	-	-	-	-	-	-	-	-	
synMTS_2_057_var1	0.020	No mitochondrial presequence	56(MPP)	-0.071		3-16-low	-	-	-	-	-	-	-	-	-	-	-	-	-	-	
synMTS_2_085_var1	0.016	No mitochondrial presequence	73(MPP)	-0.068	60-64	21-30-low	2-7	-	-	-	-	-	-	-	-	-	-	-	-	-	
synMTS_2_048_var1	0.007	No mitochondrial presequence	66(MPP)	0.015	35-39	10-19-high	-	-	-	-	-	-	-	-	-	-	-	-	-	-	
synMTS_2_053_var1	0.016	No mitochondrial presequence	22(MPP)	0.000		9-20-low	-	-	-	-	-	-	-	-	-	-	-	-	-	-	
synMTS_2_094_var1	0.434	Possessing mitochondrial presequence	10(MPP)	0.200		17-26-low	-	-	-	-	-	-	-	-	-	-	-	-	-	-	
synMTS_2_178_var1	0.013	No mitochondrial presequence	39(MPP)	-0.051	14-18,36-40	9-18-high	-	-	-	-	-	-	-	-	-	-	-	-	-	-	
synMTS_2_147_var1	0.144	No mitochondrial presequence	14(MPP)	0.143	11-15,60-64	6-15-high	-	-	-	-	-	-	-	-	9-14	-	-	-	-	-	
synMTS_2_087_var1	0.457	Possessing mitochondrial presequence	55(MPP)	0.127	14-18,77-81,89-93	7-16-high	-	-	-	-	-	-	7-12	-	-	6-11	-	-	-	-	
synMTS_2_042_var1	0.059	No mitochondrial presequence	22(MPP)	0.045	1-5,67-71,84-88	1-11-low	-	-	-	-	-	-	-	-	-	-	-	-	-	-	
synMTS_2_071_var1	0.037	No mitochondrial presequence	51(MPP)	0.059		13-22-low	-	-	-	-	-	-	-	-	-	-	-	-	-	-	
synMTS_2_027_var1	0.002	No mitochondrial presequence	11(MPP)	-0.273		10-19-high	-	-	-	-	-	-	-	-	-	-	-	-	-	-	
synMTS_2_018_var1	0.019	No mitochondrial presequence	57(MPP)	-0.070		6-17-low	-	-	-	-	-	-	-	-	-	-	-	-	-	-	
synMTS_2_194_var1	0.007	No mitochondrial presequence	58(MPP)	-0.017	55-59	14-23-low	-	-	-	-	-	-	-	-	-	-	-	-	-	-	
synMTS_2_067_var1	0.170	No mitochondrial presequence	14(MPP), 15(Icp55)	0.000	11-15	8-17-high	-	-	-	-	-	-	-	-	-	-	-	-	-	-	
synMTS_2_046_var1	0.016	No mitochondrial presequence	34(MPP)	-0.088	74-78	21-30-low	-	-	-	-	-	-	-	-	-	-	-	-	-	-	
synMTS_3_142_var1	0.130	No mitochondrial presequence	28(MPP)	0.143	21-25,40-44	21-30-high	-	-	-	-	-	-	-	-	-	-	-	-	21-26	-	
synMTS_3_128_var1	0.259	No mitochondrial presequence	48(MPP), 49(Icp55)	0.104	60-64	1-10-high	-	-	-	-	-	-	-	-	-	-	-	-	-	-	
synMTS_3_139_var1	0.491	Possessing mitochondrial presequence	40(MPP)	0.150	5-9,19-23	1-10-high	-	-	-	-	-	-	-	-	-	-	-	18-23	-	-	
synMTS_3_167_var1	0.038	No mitochondrial presequence	60(MPP)	0.117	13-17,28-32	9-18-high	-	-	-	-	-	-	-	-	-	-	-	-	-	-	
synMTS_3_093_var1	0.478	Possessing mitochondrial presequence	28(MPP), 29(Icp55)	0.071	52-56	11-20-high	-	-	-	-	-	-	16-21	-	-	15-20	-	-	-	-	
synMTS_3_049_var1	0.015	No mitochondrial presequence	34(MPP)	0.029	21-25,31-35	17-26-low	-	-	-	-	-	-	-	-	-	-	-	-	-	-	
synMTS_3_019_var1	0.044	No mitochondrial presequence	32(MPP)	0.062		8-17-high	-	-	-	-	-	-	-	-	-	-	-	-	-	-	
synMTS_3_185_var1	0.069	No mitochondrial presequence	52(MPP)	0.019		3-12-low	-	-	-	-	-	-	-	-	-	-	-	-	-	-	
synMTS_3_101_var1	0.003	No mitochondrial presequence	30(MPP)	-0.033	88-92	6-15-low	-	-	-	-	-	-	-	-	-	-	-	-	-	-	
synMTS_3_179_var1	0.178	No mitochondrial presequence	17(MPP)	0.176	20-24,28-32	13-22-high	-	-	-	-	20-25	-	-	-	-	-	-	-	-	-	
synMTS_3_199_var1	0.059	No mitochondrial presequence	88(MPP)	0.102	15-19,51-55,85-89	15-24-low	-	-	-	-	-	-	-	-	-	-	-	-	-	-	
synMTS_3_092_var1	0.174	No mitochondrial presequence	53(MPP)	0.075		5-14-low	-	-	-	-	-	-	-	-	-	-	-	-	-	-	
synMTS_3_087_var1	0.171	No mitochondrial presequence	10(MPP)	0.300		15-24-low	-	-	-	-	-	-	-	-	-	-	-	-	-	-	
synMTS_3_125_var1	0.015	No mitochondrial presequence	50(MPP)	0.100		1-10-high	-	-	-	-	-	-	-	-	-	-	-	-	-	-	
synMTS_3_161_var1	0.115	No mitochondrial presequence	35(MPP)	0.086	32-36,62-66	5-14-low	-	-	-	-	-	-	-	-	-	-	-	-	-	-	
synMTS_3_075_var1	0.003	No mitochondrial presequence	74(MPP)	0.122	33-37	17-26-high	-	-	-	-	-	-	-	-	-	-	-	-	-	-	
synMTS_3_044_var1	0.034	No mitochondrial presequence	10(MPP)	0.200	32-36	2-11-low	-	-	-	-	-	-	-	-	-	-	-	-	-	-	
synMTS_3_088_var1	0.176	No mitochondrial presequence	14(MPP)	0.143	40-44,43-47	1-12-low	-	10-15	-	-	-	-	-	-	-	-	-	-	-	-	
synMTS_3_060_var1	0.015	No mitochondrial presequence	56(MPP)	0.179	43-47	8-17-low	-	-	-	-	-	-	-	-	-	-	-	-	-	-	
synMTS_3_057_var1	0.025	No mitochondrial presequence	53(MPP)	0.170	45-49,51-55	14-23-high	-	-	-	-	-	-	-	-	-	-	-	-	-	-	
synMTS_3_041_var1	0.020	No mitochondrial presequence	40(MPP)	-0.025		20-29-low	-	-	-	-	-	-	-	-	-	-	-	-	-	-	
synMTS_3_067_var1	0.066	No mitochondrial presequence	18(MPP)	0.278		11-20-high	-	-	-	-	-	-	-	-	-	-	-	-	-	-	
synMTS_3_073_var1	0.091	No mitochondrial presequence	60(MPP)	0.100	40-44,87-91,90-94	1-10-high	-	-	-	-	-	-	8-13	-	-	7-12	-	-	-	-	
synMTS_3_007_var1	0.154	No mitochondrial presequence	61(MPP)	0.164	24-28	20-29-high	-	-	-	-	-	-	-	-	-	-	-	-	-	-	
synMTS_3_084_var1	0.071	No mitochondrial presequence	37(MPP)	0.189	29-33,37-41	1-10-low	-	-	-	-	-	-	-	-	-	-	-	-	-	-	
synMTS_3_091_var1	0.339	No mitochondrial presequence	28(MPP)	0.179		1-11-low	-	-	-	-	-	-	-	-	-	-	-	-	-	-	
synMTS_3_076_var1	0.117	No mitochondrial presequence	12(MPP)	0.333	21-25,42-46	8-19-low	-	-	-	-	-	-	-	-	-	-	-	-	-	-	
synMTS_3_122_var1	0.132	No mitochondrial presequence	17(MPP)	0.118	49-53,52-56,63-67,80-84,91-95	1-10-high	-	-	-	-	-	-	-	-	-	-	-	-	-	-	
synMTS_3_078_var1	0.029	No mitochondrial presequence	39(MPP)	0.154		21-30-low	-	-	-	-	-	-	-	-	-	-	-	-	-	-	
synMTS_3_153_var1	0.043	No mitochondrial presequence	59(MPP)	0.153	42-46,46-50	8-17-high	-	-	-	-	-	-	-	-	-	-	-	-	-	-	
synMTS_3_180_var1	0.230	No mitochondrial presequence	18(MPP)	0.222	46-50	20-29-low	-	-	-	-	-	-	-	-	-	-	-	-	-	-	
synMTS_3_025_var1	0.024	No mitochondrial presequence	19(MPP)	0.263		14-23-low	-	-	-	-	-	-	-	-	-	-	-	-	-	-	
synMTS_3_005_var1	0.031	No mitochondrial presequence	36(MPP)	0.167		9-18-low	-	-	-	-	-	-	-	-	-	-	-	-	-	-	
synMTS_3_026_var1	0.005	No mitochondrial presequence	43(MPP)	0.233		21-30-low	-	-	-	-	-	-	-	-	-	-	-	-	-	-	
synMTS_3_133_var1	0.018	No mitochondrial presequence	42(MPP)	0.190	72-76,91-95	18-27-high	-	-	-	-	-	-	-	-	-	-	-	-	-	-	
synMTS_3_024_var1	0.073	No mitochondrial presequence	43(MPP)	0.209		9-18-low	-	-	-	-	-	-	-	-	-	-	-	-	-	-	
synMTS_3_001_var1	0.066	No mitochondrial presequence	8(MPP)	0.125	16-20	4-14-low	-	-	-	-	-	-	-	-	-	-	-	-	-	-	
synMTS_3_002_var1	0.010	No mitochondrial presequence	20(MPP)	0.200	47-51,62-66,89-93	1-10-low	-	-	-	-	-	-	-	-	-	-	-	-	-	-	
synMTS_3_136_var1	0.210	No mitochondrial presequence	25(MPP), 26(Icp55)	0.160	3-7,22-26,35-39	17-26-high	-	-	-	-	-	-	-	-	-	-	-	-	-	-	
synMTS_3_173_var1	0.339	No mitochondrial presequence	41(MPP), 42(Icp55)	0.171	12-16,34-38,60-64	12-21-high	-	-	-	13-18	-	-	-	-	-	-	-	-	-	-	
synMTS_3_104_var1	0.067	No mitochondrial presequence	51(MPP)	0.059	81-85	18-29-low	-	-	-	-	-	-	-	-	-	-	-	-	-	-	
synMTS_3_046_var1	0.247	No mitochondrial presequence	30(MPP)	0.167	88-92	11-20-high	-	-	-	-	-	-	-	12-17	-	-	-	-	-	-	
synMTS_3_172_var1	0.002	No mitochondrial presequence	62(MPP)	0.000		1-10-low	-	-	-	-	-	-	-	-	-	-	-	-	-	-	
synMTS_3_110_var1	0.193	No mitochondrial presequence	20(MPP)	0.250		4-13-low	-	-	-	-	-	-	-	-	-	-	-	-	-	-	
synMTS_3_070_var1	0.122	No mitochondrial presequence	31(MPP)	0.065	7-11	6-15-high	-	-	-	-	7-12	-	-	10-15	-	-	-	-	-	-	
synMTS_3_175_var1	0.149	No mitochondrial presequence	15(MPP)	0.200	6-10,86-90,90-94	15-24-high	-	-	-	-	-	-	-	-	-	-	-	-	-	-	
synMTS_3_155_var1	0.389	Possessing mitochondrial presequence	42(MPP)	0.262	96-100	19-28-high	-	-	-	-	-	-	-	-	-	-	-	-	-	-	
synMTS_3_107_var1	0.179	No mitochondrial presequence	39(MPP)	0.154	25-29,56-60,81-85,94-98	1-10-low	-	-	-	-	25-30	-	-	-	-	-	-	-	-	-	
synMTS_3_090_var1	0.028	No mitochondrial presequence	31(MPP)	0.065	25-29,60-64	21-30-high	-	-	-	-	-	-	-	-	-	-	-	-	-	-	
synMTS_3_064_var1	0.015	No mitochondrial presequence	50(MPP)	0.120	31-35,47-51,71-75	7-16-low	-	-	-	-	-	-	-	-	-	-	-	-	-	-	
synMTS_3_135_var1	0.183	No mitochondrial presequence	21(MPP)	0.333	12-16,41-45	6-17-low	-	-	-	-	-	-	-	-	-	-	-	-	-	-	
synMTS_3_183_var1	0.107	No mitochondrial presequence	7(MPP)	0.143	42-46	14-23-low	-	-	-	-	-	-	-	-	-	-	-	-	-	-	
synMTS_3_138_var1	0.003	No mitochondrial presequence	61(MPP)	0.131	37-41,55-59,58-62	15-25-low	-	-	-	-	-	-	-	-	-	-	-	-	-	-	
synMTS_3_118_var1	0.010	No mitochondrial presequence	15(MPP)	0.067	77-81	20-29-low	-	-	-	-	-	-	-	-	-	-	-	-	-	-	
synMTS_3_164_var1	0.008	No mitochondrial presequence	61(MPP)	0.131	28-32,58-62	4-13-low	-	-	-	-	-	-	-	-	-	-	-	-	-	-	
synMTS_3_013_var1	0.137	No mitochondrial presequence	57(MPP), 58(Icp55)	0.175		6-15-high	-	-	-	-	-	-	-	-	-	-	-	-	-	-	
synMTS_3_052_var1	0.082	No mitochondrial presequence	39(MPP)	0.103	30-34,49-53	1-12-high	-	-	-	-	-	-	-	-	-	-	-	-	-	-	
synMTS_3_191_var1	0.171	No mitochondrial presequence	38(MPP)	0.132	64-68,81-85	2-11-low	-	-	-	-	-	20-25	-	-	-	19-24	-	-	-	-	
synMTS_3_182_var1	0.092	No mitochondrial presequence	33(MPP)	0.273	93-97	1-11-low	-	-	-	-	-	-	-	-	-	-	-	-	-	-	
synMTS_3_149_var1	0.136	No mitochondrial presequence	10(MPP)	0.400	1-5,14-18,21-25	16-25-high	-	-	-	-	21-26	-	-	-	-	-	-	-	-	-	
synMTS_3_010_var1	0.174	No mitochondrial presequence	42(MPP)	0.214	1-5,96-100	20-29-high	-	-	-	-	1-6	-	-	-	-	-	-	-	-	-	
synMTS_3_015_var1	0.009	No mitochondrial presequence	47(MPP)	0.213		21-30-low	-	-	-	-	-	-	-	-	-	-	-	-	-	-	
synMTS_3_069_var1	0.076	No mitochondrial presequence	63(MPP)	0.143	14-18,28-32	16-25-low	-	-	-	-	-	-	-	-	-	-	-	-	-	-	
synMTS_3_042_var1	0.481	Possessing mitochondrial presequence	26(MPP)	0.269		12-21-low	-	-	-	-	-	-	-	-	-	-	-	-	-	-	
synMTS_3_032_var1	0.601	Possessing mitochondrial presequence	51(MPP)	0.216		3-12-low	-	-	-	-	-	-	-	-	-	-	-	-	-	-	
synMTS_3_065_var1	0.050	No mitochondrial presequence	45(MPP)	0.067	4-8,23-27,70-74,73-77,78-82,88-92	19-28-high	-	-	-	-	-	-	-	-	-	-	-	-	-	-	
synMTS_3_086_var1	0.262	No mitochondrial presequence	7(MPP)	0.571	71-75,79-83	1-10-high	-	-	-	-	-	-	-	-	-	-	-	-	-	-	
synMTS_3_043_var1	0.014	No mitochondrial presequence	14(MPP)	0.143		21-30-low	-	-	-	-	-	-	-	-	-	-	-	-	-	-	
synMTS_3_134_var1	0.293	No mitochondrial presequence	17(MPP)	0.353	43-47	21-30-low	-	-	-	-	-	-	-	-	-	-	-	-	-	-	
synMTS_3_040_var1	0.078	No mitochondrial presequence	77(MPP)	0.104	7-11,12-16,75-79,95-99	7-16-high	-	-	-	-	-	-	-	-	10-15	-	-	-	-	-	
synMTS_3_195_var1	0.015	No mitochondrial presequence	41(MPP)	0.122		1-10-low	-	-	-	-	-	-	-	-	-	-	-	-	-	-	
synMTS_3_023_var1	0.015	No mitochondrial presequence	33(MPP), 34(Icp55)	-0.061	30-34,56-60	12-21-low	-	-	-	-	-	-	-	-	-	-	-	-	-	-	
synMTS_3_098_var1	0.075	No mitochondrial presequence	58(MPP)	0.121	81-85	7-16-low	-	-	-	-	-	-	-	-	-	-	-	-	-	-	
synMTS_3_089_var1	0.008	No mitochondrial presequence	53(MPP)	0.000		2-11-low	-	-	-	-	-	-	-	-	-	-	-	-	-	-	
synMTS_3_012_var1	0.008	No mitochondrial presequence	18(MPP)	0.000		18-28-low	-	-	-	-	-	-	-	-	-	-	-	-	-	-	
synMTS_3_145_var1	0.018	No mitochondrial presequence	17(MPP)	0.000	24-28,43-47,92-96	14-23-low	-	-	-	-	-	-	-	-	-	-	-	-	-	-	
synMTS_3_154_var1	0.179	No mitochondrial presequence	23(MPP)	0.174	5-9,35-39,44-48	1-10-low	-	-	-	-	-	-	-	-	3-8	-	-	-	-	-	
synMTS_3_121_var1	0.069	No mitochondrial presequence	17(MPP)	0.000		4-13-low	-	-	-	-	-	-	-	-	-	-	-	-	-	-	
synMTS_3_035_var1	0.036	No mitochondrial presequence	33(MPP)	0.121	22-26,64-68	6-15-low	-	-	-	-	-	-	-	-	-	-	-	-	-	-	
synMTS_3_187_var1	0.029	No mitochondrial presequence	33(MPP)	0.030	66-70,69-73,76-80	1-10-low	-	-	-	-	-	-	-	-	-	-	-	-	-	-	
synMTS_3_162_var1	0.040	No mitochondrial presequence	38(MPP)	0.132	4-8	1-10-low	-	-	-	-	-	-	-	-	-	-	-	-	-	-	
synMTS_3_126_var1	0.026	No mitochondrial presequence	45(MPP)	0.111	15-19,90-94	18-28-high	-	-	-	-	-	-	-	-	-	-	-	-	-	-	
synMTS_3_190_var1	0.038	No mitochondrial presequence	40(MPP)	0.250	2-6,38-42,94-98	1-10-high	-	-	-	-	-	-	-	-	-	-	-	-	-	-	
synMTS_3_004_var1	0.010	No mitochondrial presequence	45(MPP)	0.089	2-6	6-15-low	-	-	-	-	-	-	-	-	-	-	-	-	-	-	
synMTS_3_156_var1	0.003	No mitochondrial presequence	36(MPP)	0.000	64-68	21-30-low	-	-	-	-	-	-	-	-	-	-	-	-	-	-	
synMTS_3_168_var1	0.145	No mitochondrial presequence	33(MPP)	0.182	21-25,64-68,90-94	8-17-high	-	-	-	-	-	-	-	-	-	-	-	-	-	-	
synMTS_3_027_var1	0.053	No mitochondrial presequence	73(MPP)	0.096	20-24,32-36	19-28-low	-	-	-	-	-	-	-	-	-	-	-	-	-	-	
synMTS_3_014_var1	0.073	No mitochondrial presequence	22(MPP)	0.091		11-20-high	-	-	-	-	-	-	-	-	-	-	-	-	-	-	
synMTS_3_114_var1	0.124	No mitochondrial presequence	40(MPP)	0.075	7-11,20-24,45-49,92-96	3-12-high	-	-	8-13	-	7-12	-	-	-	-	-	-	-	-	-	
synMTS_3_031_var1	0.054	No mitochondrial presequence	35(MPP)	0.114	16-20,27-31	13-22-low	-	-	-	-	-	-	-	-	-	-	-	-	-	-	
synMTS_3_028_var1	0.247	No mitochondrial presequence	12(MPP)	0.083	9-13	6-15-high	-	-	-	-	-	-	-	-	-	-	-	8-13	9-14	-	
synMTS_3_119_var1	0.031	No mitochondrial presequence	19(MPP)	0.053	1-5	1-11-low	-	-	-	-	-	-	-	-	-	-	-	-	-	-	
synMTS_3_099_var1	0.333	No mitochondrial presequence	30(MPP)	0.133	82-86	10-19-low	-	-	-	-	-	-	-	-	-	-	-	-	-	-	
synMTS_3_147_var1	0.131	No mitochondrial presequence	66(MPP)	0.136	44-48	8-19-low	-	22-27	-	-	-	-	-	-	-	-	-	-	-	-	
synMTS_3_108_var1	0.045	No mitochondrial presequence	76(MPP)	0.066	9-13,79-83	17-26-low	-	-	-	-	-	-	-	-	-	-	-	-	-	-	
synMTS_3_030_var1	0.023	No mitochondrial presequence	20(MPP)	0.050	58-62,80-84	14-23-low	-	-	-	-	-	-	-	-	-	-	-	-	-	-	
synMTS_3_123_var1	0.027	No mitochondrial presequence	39(MPP)	0.051		19-28-high	-	-	-	-	-	-	-	-	-	-	-	-	-	-	
synMTS_3_160_var1	0.059	No mitochondrial presequence	41(MPP), 42(Icp55)	0.146	9-13,61-65	4-13-low	-	-	-	-	-	-	-	-	-	-	-	-	-	-	
synMTS_3_003_var1	0.002	No mitochondrial presequence	24(MPP)	0.000		6-17-high	-	-	-	-	-	-	-	-	-	-	-	-	-	-	
synMTS_3_171_var1	0.136	No mitochondrial presequence	45(MPP)	0.200	2-6	16-25-high	-	-	-	-	-	-	-	-	-	-	-	-	-	-	
synMTS_3_053_var1	0.004	No mitochondrial presequence	62(MPP), 63(Icp55)	0.097	15-19,60-64	15-28-low	-	-	-	-	-	-	-	-	-	-	-	-	-	-	
synMTS_3_066_var1	0.031	No mitochondrial presequence	14(MPP)	0.214		21-30-low	-	-	-	-	-	-	-	-	-	-	-	-	-	-	
synMTS_3_029_var1	0.023	No mitochondrial presequence	12(MPP)	-0.167	19-23,40-44,92-96	18-27-high	-	-	-	-	-	-	-	-	-	-	-	-	-	-	
synMTS_3_144_var1	0.079	No mitochondrial presequence	56(MPP)	0.071	7-11,30-34,53-57	19-28-low	-	-	-	-	-	-	-	-	-	-	-	-	-	-	
synMTS_3_200_var1	0.051	No mitochondrial presequence	25(MPP)	0.080		12-21-low	-	-	-	-	-	-	-	-	-	-	-	-	-	-	
synMTS_3_058_var1	0.053	No mitochondrial presequence	65(MPP), 66(Icp55)	0.138		10-19-low	-	-	-	-	-	-	-	-	-	-	-	-	-	-	
synMTS_3_159_var1	0.111	No mitochondrial presequence	26(MPP)	0.077	1-5,78-82	5-14-low	-	-	-	-	-	-	-	-	-	-	-	-	-	-	
synMTS_3_068_var1	0.038	No mitochondrial presequence	40(MPP)	0.250	94-98	17-26-high	-	-	-	-	-	-	-	-	-	-	-	-	-	-	
synMTS_3_194_var1	0.151	No mitochondrial presequence	15(MPP)	0.067		8-20-low	-	-	-	-	-	-	-	-	-	-	-	-	-	-	
synMTS_3_174_var1	0.008	No mitochondrial presequence	16(MPP)	0.062	6-10,32-36	2-11-high	-	-	-	-	-	-	-	-	-	-	-	-	-	-	
synMTS_3_170_var1	0.063	No mitochondrial presequence	45(MPP)	0.200	42-46	19-28-low	-	-	-	-	-	-	-	-	-	-	-	-	-	-	
synMTS_3_033_var1	0.053	No mitochondrial presequence	44(MPP)	0.205	14-18,41-45	17-26-low	-	-	-	-	-	-	-	-	-	-	-	-	-	-	
synMTS_3_017_var1	0.071	No mitochondrial presequence	48(MPP)	0.104	56-60,88-92,91-95	3-13-low	-	-	-	-	-	-	-	-	-	-	-	-	-	-	
synMTS_3_037_var1	0.042	No mitochondrial presequence	25(MPP)	0.160	23-27,92-96	17-26-high	-	-	-	-	-	-	-	-	-	-	-	-	-	-	
synMTS_3_094_var1	0.009	No mitochondrial presequence	30(MPP)	0.000	8-12,16-20,63-67	8-20-high	-	-	-	-	-	-	-	-	-	-	-	-	-	-	
synMTS_3_148_var1	0.123	No mitochondrial presequence	37(MPP)	0.270	17-21,28-32	12-21-low	-	-	-	-	-	-	-	-	-	-	-	-	-	-	
synMTS_3_009_var1	0.209	No mitochondrial presequence	11(MPP)	0.182	1-5,18-22,46-50	1-10-high	-	-	-	-	-	-	-	-	-	-	-	-	-	-	
synMTS_3_197_var1	0.091	No mitochondrial presequence	57(MPP)	0.158	17-21,28-32,54-58	16-28-high	-	-	-	-	-	-	-	-	15-20	-	14-19	-	-	-	
synMTS_3_152_var1	0.136	No mitochondrial presequence	44(MPP)	0.227	5-9	19-30-high	-	-	-	-	-	8-13	-	-	-	-	-	-	-	-	
synMTS_3_047_var1	0.012	No mitochondrial presequence	7(MPP), 8(Icp55)	0.000	21-25,24-28,53-57	19-28-high	-	-	-	-	-	-	-	-	-	-	-	-	-	-	
synMTS_3_081_var1	0.162	No mitochondrial presequence	15(MPP)	0.133	31-35	1-10-low	-	-	-	-	-	-	-	-	-	-	-	-	-	-	
synMTS_3_124_var1	0.079	No mitochondrial presequence	33(MPP)	0.121	34-38,55-59,77-81	3-12-low	-	-	-	-	-	-	-	-	-	-	-	-	-	-	
synMTS_3_146_var1	0.054	No mitochondrial presequence	30(MPP)	0.233		16-25-high	-	-	-	-	-	-	-	-	-	-	-	-	-	-	
synMTS_3_177_var1	0.157	No mitochondrial presequence	36(MPP), 37(Icp55)	0.167	1-5,33-37	21-30-high	-	-	-	-	1-6	-	-	-	-	-	-	-	-	-	
synMTS_3_079_var1	0.040	No mitochondrial presequence	24(MPP)	0.125	6-10,27-31,36-40	1-10-low	-	-	-	-	-	-	-	-	-	-	-	5-10	-	-	
synMTS_3_188_var1	0.064	No mitochondrial presequence	68(MPP)	0.132		16-25-low	-	-	-	-	-	-	-	-	-	-	-	-	-	-	
synMTS_3_018_var1	0.069	No mitochondrial presequence	50(MPP)	0.180	32-36,35-39,39-43	19-28-low	-	-	-	-	-	-	-	-	-	-	-	-	-	-	
synMTS_3_105_var1	0.019	No mitochondrial presequence	61(MPP)	0.049	65-69	1-13-low	-	-	-	-	-	-	-	-	-	-	-	-	-	-	
synMTS_3_131_var1	0.011	No mitochondrial presequence	11(MPP)	0.273	25-29,31-35	19-28-low	-	-	-	-	-	-	-	-	-	-	-	-	-	-	
synMTS_3_006_var1	0.042	No mitochondrial presequence	66(MPP)	0.076	89-93	12-21-low	-	-	-	-	-	-	-	-	-	1-6	-	-	-	-	
synMTS_3_158_var1	0.055	No mitochondrial presequence	61(MPP)	0.098	88-92	15-24-low	-	-	-	-	-	-	-	-	-	-	-	-	-	-	
synMTS_3_151_var1	0.197	No mitochondrial presequence	25(MPP)	0.280		12-21-low	-	-	-	-	-	-	-	-	-	-	-	-	-	-	
synMTS_3_198_var1	0.057	No mitochondrial presequence	64(MPP)	0.109	45-49	7-18-low	-	-	-	-	-	-	-	-	-	-	-	-	-	-	
synMTS_3_054_var1	0.147	No mitochondrial presequence	61(MPP)	0.082		2-11-high	-	-	-	-	-	-	-	-	-	-	-	-	-	-	
synMTS_3_077_var1	0.171	No mitochondrial presequence	48(MPP)	0.167	27-31,45-49	6-16-high	-	-	-	-	-	-	-	-	-	-	-	-	-	-	
synMTS_3_150_var1	0.021	No mitochondrial presequence	31(MPP)	0.194		10-19-low	-	-	-	-	-	-	-	-	-	-	-	-	-	-	
synMTS_3_166_var1	0.060	No mitochondrial presequence	30(MPP)	0.233		21-30-low	-	-	-	-	-	-	-	-	-	-	-	-	-	-	
synMTS_3_196_var1	0.008	No mitochondrial presequence	26(MPP)	-0.077	44-48,63-67,66-70	1-10-low	-	-	-	-	-	-	-	-	-	-	-	-	-	-	
synMTS_3_137_var1	0.040	No mitochondrial presequence	15(MPP)	0.267	50-54	18-27-low	-	-	-	-	-	-	-	-	-	-	-	-	-	-	
synMTS_3_021_var1	0.034	No mitochondrial presequence	47(MPP)	0.085	61-65,84-88	1-10-high	-	-	-	-	-	-	-	-	-	-	10-15	-	-	-	
synMTS_3_111_var1	0.146	No mitochondrial presequence	45(MPP)	0.133	22-26	15-24-low	-	-	-	-	-	-	-	-	-	-	-	-	-	-	
synMTS_3_130_var1	0.140	No mitochondrial presequence	71(MPP)	0.113	17-21,50-54	12-21-low	-	-	-	-	-	-	-	-	-	-	-	-	-	-	
synMTS_3_165_var1	0.006	No mitochondrial presequence	39(MPP)	0.256	93-97	17-26-high	-	-	-	-	-	-	-	-	-	-	-	-	-	-	
synMTS_3_115_var1	0.048	No mitochondrial presequence	47(MPP)	0.085	44-48	1-10-low	-	-	-	-	-	-	-	-	-	-	-	-	-	-	
synMTS_3_055_var1	0.038	No mitochondrial presequence	12(MPP)	0.083	53-57,56-60,62-66	21-30-low	-	-	-	-	-	-	-	-	-	-	-	-	-	-	
synMTS_3_096_var1	0.073	No mitochondrial presequence	20(MPP)	0.350	14-18,80-84	1-11-high	-	-	-	-	14-19	-	-	-	-	-	-	-	-	-	
synMTS_3_061_var1	0.002	No mitochondrial presequence	39(MPP)	0.128	92-96	6-15-low	-	-	-	-	-	-	-	-	-	-	-	-	-	-	
synMTS_3_080_var1	0.131	No mitochondrial presequence	14(MPP)	0.214	50-54	4-13-high	-	-	-	-	-	3-8	-	-	-	2-7	-	-	-	-	
synMTS_3_132_var1	0.298	No mitochondrial presequence	19(MPP), 27(Oct1)	0.211		20-29-high	-	-	-	-	-	-	-	-	-	-	7-12	-	-	-	
synMTS_3_082_var1	0.778	Possessing mitochondrial presequence	28(MPP), 29(Icp55)	0.179	32-36,55-59	15-24-high	-	-	-	-	-	-	-	-	-	-	-	-	-	-	
synMTS_3_071_var1	0.042	No mitochondrial presequence	20(MPP)	0.100	96-100	14-23-high	-	-	-	-	-	-	-	-	-	-	-	-	-	-	
synMTS_3_103_var1	0.642	Possessing mitochondrial presequence	44(MPP)	0.250	2-6	11-20-low	-	-	-	-	-	-	-	-	-	-	-	-	-	-	
synMTS_3_051_var1	0.026	No mitochondrial presequence	39(MPP)	0.026		12-21-high	-	-	-	-	-	-	-	-	-	-	-	-	-	-	
synMTS_3_016_var1	0.144	No mitochondrial presequence	42(MPP)	0.095	69-73	13-22-low	-	-	-	-	-	-	-	-	-	-	-	-	-	-	
synMTS_3_062_var1	0.048	No mitochondrial presequence	6(MPP)	0.333		20-29-high	-	-	-	-	-	-	-	-	-	-	-	-	-	-	
synMTS_3_020_var1	0.030	No mitochondrial presequence	22(MPP)	-0.091	23-27	20-29-high	-	-	-	-	-	-	-	-	-	-	-	-	-	-	
synMTS_3_192_var1	0.076	No mitochondrial presequence	7(MPP)	0.000		1-10-low	-	-	-	-	-	-	-	-	-	-	-	-	-	-	
synMTS_3_184_var1	0.086	No mitochondrial presequence	26(MPP)	0.077	10-14	9-19-low	-	-	-	-	-	-	-	-	-	-	-	-	-	-	
synMTS_3_169_var1	0.161	No mitochondrial presequence	50(MPP)	0.180		5-14-high	-	-	-	-	-	-	-	-	-	-	-	-	-	-	
synMTS_3_048_var1	0.056	No mitochondrial presequence	12(MPP)	0.250	57-61	7-16-high	13-18	-	-	-	-	-	-	-	-	-	-	-	-	-	
synMTS_3_063_var1	0.056	No mitochondrial presequence	43(MPP), 44(Icp55)	0.093	40-44,46-50,88-92	1-10-low	-	-	-	-	-	-	-	-	-	-	-	-	-	-	
synMTS_3_038_var1	0.012	No mitochondrial presequence	51(MPP)	0.176		21-30-low	-	-	-	-	-	-	-	-	1-6	-	-	-	-	-	
synMTS_3_039_var1	0.077	No mitochondrial presequence	81(MPP)	0.136	15-19,92-96	14-23-high	-	-	-	-	-	-	-	-	-	-	-	-	-	-	
synMTS_3_083_var1	0.009	No mitochondrial presequence	22(MPP)	0.091	20-24	20-30-low	-	-	-	-	-	-	-	-	-	-	-	-	-	-	
synMTS_3_112_var1	0.041	No mitochondrial presequence	41(MPP)	0.049	32-36,80-84	6-15-low	-	-	9-14	-	-	-	-	-	-	-	-	-	-	-	
synMTS_3_106_var1	0.146	No mitochondrial presequence	80(MPP)	0.125	17-21	15-24-high	-	-	-	-	-	-	-	-	-	-	-	-	-	-	
synMTS_3_193_var1	0.202	No mitochondrial presequence	74(MPP)	0.108	83-87	8-18-high	-	-	-	-	-	-	-	-	-	-	-	-	-	-	
synMTS_3_117_var1	0.133	No mitochondrial presequence	53(MPP)	0.170	3-7	2-11-high	-	-	-	-	-	-	-	-	-	-	-	-	-	-	
synMTS_3_036_var1	0.069	No mitochondrial presequence	31(MPP)	0.097	12-16	2-13-low	-	-	-	-	-	-	-	-	-	-	-	-	-	-	
synMTS_3_143_var1	0.159	No mitochondrial presequence	33(MPP)	0.121	9-13,30-34,51-55	17-26-high	-	-	-	-	-	-	-	-	-	-	-	-	-	-	
synMTS_3_011_var1	0.026	No mitochondrial presequence	45(MPP)	0.244		1-12-high	-	-	-	-	-	-	-	-	-	-	-	-	-	-	
synMTS_3_109_var1	0.029	No mitochondrial presequence	63(MPP)	0.143		17-26-high	-	-	-	-	-	-	-	-	-	-	-	-	-	-	
synMTS_3_100_var1	0.010	No mitochondrial presequence	30(MPP)	0.167	42-46,72-76,86-90	11-20-high	-	-	-	-	-	-	-	-	-	-	-	-	-	-	
synMTS_3_050_var1	0.154	No mitochondrial presequence	16(MPP)	0.188		13-22-high	-	-	-	-	-	-	-	-	-	-	5-10	-	-	-	
synMTS_3_059_var1	0.027	No mitochondrial presequence	8(MPP)	0.375		16-25-low	-	-	-	-	-	-	-	-	-	-	-	-	-	-	
synMTS_3_127_var1	0.085	No mitochondrial presequence	13(MPP)	0.231	50-54	21-30-low	-	-	-	4-9	-	-	-	-	-	-	-	-	-	-	
synMTS_3_022_var1	0.097	No mitochondrial presequence	15(MPP)	0.067	1-5,50-54	9-18-low	-	-	-	-	-	-	-	-	-	-	-	-	-	-	
synMTS_3_102_var1	0.035	No mitochondrial presequence	21(MPP)	0.048	24-28,43-47	1-10-high	-	-	-	-	-	-	-	-	-	-	-	-	-	-	
synMTS_3_186_var1	0.592	Possessing mitochondrial presequence	34(MPP)	0.118	72-76	17-26-low	-	-	-	-	-	-	-	-	-	-	-	-	-	-	
synMTS_3_163_var1	0.011	No mitochondrial presequence	53(MPP)	0.132	56-60	14-24-low	-	-	-	-	-	-	-	-	-	-	-	-	-	-	
synMTS_3_129_var1	0.038	No mitochondrial presequence	47(MPP)	0.191	27-31,31-35	13-22-low	-	-	-	-	-	-	-	-	-	-	-	-	-	-	
synMTS_3_176_var1	0.736	Possessing mitochondrial presequence	48(MPP)	0.188		1-10-low	-	-	-	-	-	-	14-19	-	-	13-18	-	-	-	-	
synMTS_3_113_var1	0.296	No mitochondrial presequence	30(MPP)	0.200	27-31	20-29-high	-	-	-	-	-	-	-	-	-	-	-	-	-	-	
synMTS_3_178_var1	0.014	No mitochondrial presequence	32(MPP)	0.125	16-20	1-10-low	-	-	-	-	-	-	-	-	14-19	-	-	-	-	-	
synMTS_3_056_var1	0.001	No mitochondrial presequence	89(MPP)	0.112		19-28-low	-	-	-	-	-	-	-	-	-	-	-	-	-	-	
synMTS_3_181_var1	0.173	No mitochondrial presequence	13(MPP)	0.077	44-48,49-53	6-15-low	-	-	-	-	-	-	-	-	-	-	-	-	-	-	
synMTS_3_189_var1	0.441	Possessing mitochondrial presequence	12(MPP)	0.333		7-16-high	-	-	-	-	-	-	-	-	-	-	-	-	-	-	
synMTS_3_120_var1	0.182	No mitochondrial presequence	14(MPP)	0.143	65-69	11-20-high	-	-	-	-	-	-	-	-	-	-	-	-	-	-	
synMTS_3_074_var1	0.224	No mitochondrial presequence	62(MPP)	0.145	59-63,66-70	9-19-low	-	-	-	-	-	-	-	-	-	-	-	-	-	-	
synMTS_3_097_var1	0.447	Possessing mitochondrial presequence	49(MPP)	0.184	41-45	20-29-high	-	-	-	-	-	-	-	-	-	-	-	-	-	-	
synMTS_3_095_var1	0.112	No mitochondrial presequence	26(MPP)	0.231		14-23-high	-	-	-	-	-	-	-	-	-	-	-	-	-	-	
synMTS_3_034_var1	0.100	No mitochondrial presequence	38(MPP)	0.237	35-39,41-45	2-12-high	-	-	-	-	-	-	-	-	-	-	-	-	-	-	
synMTS_3_072_var1	0.046	No mitochondrial presequence	42(MPP)	0.238	39-43,96-100	10-19-high	-	-	-	-	-	-	-	-	-	-	-	-	-	-	
synMTS_3_116_var1	0.040	No mitochondrial presequence	17(MPP)	0.118	40-44,49-53	21-30-low	-	-	-	-	-	-	-	-	-	-	-	-	-	-	
synMTS_3_045_var1	0.422	Possessing mitochondrial presequence	25(MPP)	0.280	5-9,8-12,14-18	1-10-high	-	-	-	-	5-10	-	-	-	12-17	-	11-16	-	-	-	
synMTS_3_141_var1	0.013	No mitochondrial presequence	43(MPP)	0.140		14-25-high	-	-	-	-	-	-	-	-	-	-	-	-	-	-	
synMTS_3_085_var1	0.182	No mitochondrial presequence	28(MPP)	0.107	69-73,94-98	12-24-low	-	-	-	-	-	-	-	-	-	-	-	-	-	-	
synMTS_3_008_var1	0.067	No mitochondrial presequence	27(MPP)	0.148	21-25	15-24-high	-	-	-	-	-	-	-	-	-	-	-	-	-	-	
synMTS_3_140_var1	0.021	No mitochondrial presequence	47(MPP)	0.170	11-15	10-19-high	-	-	-	-	-	-	-	-	-	-	-	-	-	-	
synMTS_3_157_var1	0.014	No mitochondrial presequence	55(MPP)	0.109		1-10-high	-	-	-	-	-	-	-	-	-	-	-	-	-	-	
synMTS_4_043_var1	0.490	Possessing mitochondrial presequence	18(MPP)	0.222	15-19	1-10-high	-	-	-	-	-	-	-	-	-	-	-	14-19	-	-	
synMTS_4_076_var1	0.526	Possessing mitochondrial presequence	40(MPP), 41(Icp55)	0.225	16-20,20-24,28-32,32-36,37-41,60-64,68-72,72-76,93-97	15-24-high	-	-	-	-	-	-	-	-	14-19,23-28	-	-	-	-	-	
synMTS_4_140_var1	0.459	Possessing mitochondrial presequence	24(MPP)	0.250	7-11,10-14	3-12-high	-	-	-	-	-	-	-	-	-	-	-	-	-	-	
synMTS_4_163_var1	0.202	No mitochondrial presequence	33(MPP)	0.242	40-44	6-15-high	-	-	-	-	-	24-29	-	-	-	-	-	-	-	23-28	
synMTS_4_104_var1	0.562	Possessing mitochondrial presequence	31(MPP)	0.226	12-16,54-58,57-61,85-89	12-21-high	-	-	-	-	-	-	-	-	-	-	-	-	-	-	
synMTS_4_004_var1	0.822	Possessing mitochondrial presequence	7(MPP)	0.143	4-8,37-41,58-62,71-75,74-78,89-93	17-26-high	-	-	-	-	-	19-24	-	-	-	-	-	-	-	18-23	
synMTS_4_199_var1	0.324	No mitochondrial presequence	61(MPP)	0.246	70-74	21-30-low	-	-	-	-	-	3-8	-	-	-	2-7	-	-	-	-	
synMTS_4_107_var1	0.389	Possessing mitochondrial presequence	14(MPP)	0.214	4-8,8-12,16-20,43-47,46-50,74-78,79-83,89-93,93-97	4-13-high	-	-	-	-	8-13	20-25	-	-	-	19-24	-	-	-	-	
synMTS_4_117_var1	0.770	Possessing mitochondrial presequence	50(MPP)	0.240	3-7,31-35,66-70,74-78	5-14-low	-	-	-	-	-	-	-	-	-	-	-	-	-	-	
synMTS_4_139_var1	0.089	No mitochondrial presequence	30(MPP)	0.233	27-31,31-35,53-57,60-64,64-68	20-29-high	-	-	-	-	-	-	-	-	-	-	-	-	-	-	
synMTS_4_105_var1	0.564	Possessing mitochondrial presequence	19(MPP)	0.211	76-80	19-28-high	-	-	-	-	-	-	-	-	-	-	-	-	-	-	
synMTS_4_038_var1	0.652	Possessing mitochondrial presequence	19(MPP)	0.211	67-71	21-30-high	-	21-26	-	23-28	-	-	-	-	-	-	-	-	-	-	
synMTS_4_114_var1	0.477	Possessing mitochondrial presequence	15(MPP)	0.200		6-15-high	-	-	5-10	-	-	-	-	-	-	-	-	-	-	-	
synMTS_4_197_var1	0.143	No mitochondrial presequence	42(MPP)	0.214	17-21,35-39,39-43,43-47,48-52,59-63,62-66,66-70	11-20-low	-	-	-	-	-	-	-	-	-	-	-	16-21	-	-	
synMTS_4_012_var1	0.657	Possessing mitochondrial presequence	40(MPP)	0.225	24-28,37-41,53-57,72-76,79-83,83-87,91-95	12-21-high	-	-	-	-	-	-	-	-	-	-	-	-	-	-	
synMTS_4_138_var1	0.203	No mitochondrial presequence	43(MPP)	0.279	14-18,18-22,40-44,56-60,85-89,92-96,95-99	14-23-high	-	-	-	-	-	-	-	-	-	-	-	-	-	-	
synMTS_4_120_var1	0.223	No mitochondrial presequence	26(MPP)	0.231	42-46,45-49,49-53,61-65,68-72,71-75	2-11-high	-	-	-	-	-	-	-	-	-	-	18-23	-	-	-	
synMTS_4_037_var1	0.628	Possessing mitochondrial presequence	36(MPP)	0.222	16-20,29-33,43-47,51-55	16-27-low	-	-	-	-	-	-	-	-	-	-	-	-	-	-	
synMTS_4_042_var1	0.190	No mitochondrial presequence	60(MPP)	0.250	34-38,57-61	20-29-high	-	-	-	-	-	-	-	-	-	-	-	-	-	-	
synMTS_4_182_var1	0.636	Possessing mitochondrial presequence	24(MPP)	0.208	9-13,21-25,58-62,71-75,85-89,89-93	1-11-high	-	-	-	-	-	-	14-19	-	-	13-18	-	-	21-26	-	
synMTS_4_097_var1	0.511	Possessing mitochondrial presequence	23(MPP)	0.217	12-16,16-20,21-25,95-99	10-20-high	-	-	-	-	-	-	-	-	19-24	-	-	15-20	12-17	-	
synMTS_4_173_var1	0.938	Possessing mitochondrial presequence	43(MPP)	0.233	4-8,7-11,15-19,51-55	20-29-high	-	-	-	-	4-9	-	11-16	-	-	10-15	-	-	-	-	
synMTS_4_048_var1	0.279	No mitochondrial presequence	19(MPP)	0.211	7-11,17-21,35-39,38-42,61-65,72-76,75-79,82-86,85-89	17-28-high	-	-	-	-	-	-	-	-	-	-	-	-	-	-	
synMTS_4_095_var1	0.840	Possessing mitochondrial presequence	38(MPP)	0.237	15-19,61-65	10-19-high	-	-	-	16-21	-	-	-	-	-	-	-	-	-	-	
synMTS_4_071_var1	0.290	No mitochondrial presequence	11(MPP)	0.182		7-18-low	-	-	-	-	-	-	-	-	-	-	-	-	-	-	
synMTS_4_200_var1	0.711	Possessing mitochondrial presequence	14(MPP)	0.214	2-6,20-24,60-64	16-25-high	-	-	21-26	-	2-7,20-25	-	-	-	-	-	-	-	-	-	
synMTS_4_123_var1	0.406	Possessing mitochondrial presequence	38(MPP)	0.237	30-34	5-16-high	-	-	-	-	-	4-9,12-17	-	-	-	3-8	-	-	-	-	
synMTS_4_172_var1	0.098	No mitochondrial presequence	34(MPP)	0.235	16-20,43-47,46-50	3-12-low	-	-	-	-	-	-	-	-	-	-	-	-	-	-	
synMTS_4_147_var1	0.043	No mitochondrial presequence	14(MPP)	0.214	28-32,57-61,76-80	9-23-low	-	-	-	-	-	-	-	-	-	-	-	-	-	-	
synMTS_4_162_var1	0.357	No mitochondrial presequence	53(MPP)	0.245	65-69	9-18-high	-	-	-	-	-	-	-	-	-	-	-	-	-	-	
synMTS_4_121_var1	0.215	No mitochondrial presequence	55(MPP)	0.236	28-32,31-35,62-66	9-21-low	-	-	-	-	-	-	-	-	-	-	-	-	-	-	
synMTS_4_059_var1	0.325	No mitochondrial presequence	15(MPP)	0.200	37-41	9-20-high	-	-	-	-	-	-	-	-	-	-	-	-	-	-	
synMTS_4_075_var1	0.872	Possessing mitochondrial presequence	14(MPP)	0.214	1-5,43-47,47-51,61-65	6-15-high	-	10-15	-	-	1-6	-	-	-	-	-	-	-	-	-	
synMTS_4_189_var1	0.343	No mitochondrial presequence	72(MPP)	0.236	3-7,6-10,21-25	2-11-high	-	-	-	-	-	-	-	-	-	-	-	2-7,20-25	-	-	
synMTS_4_192_var1	0.168	No mitochondrial presequence	47(MPP)	0.234	34-38,94-98	15-24-high	-	-	-	-	-	-	-	-	-	-	-	-	-	-	
synMTS_4_125_var1	0.646	Possessing mitochondrial presequence	51(MPP)	0.235	27-31,56-60,64-68	21-30-high	-	-	-	-	-	-	-	-	-	-	-	-	-	-	
synMTS_4_159_var1	0.225	No mitochondrial presequence	50(MPP)	0.260	40-44,47-51	12-21-high	-	-	-	-	-	-	-	-	-	-	-	-	-	-	
synMTS_4_167_var1	0.367	No mitochondrial presequence	45(MPP)	0.244	15-19	2-13-low	-	-	-	-	-	-	-	-	-	-	-	-	-	-	
synMTS_4_146_var1	0.514	Possessing mitochondrial presequence	45(MPP)	0.267	28-32	19-28-high	-	-	-	-	-	-	-	-	-	-	-	-	-	-	
synMTS_4_041_var1	0.405	Possessing mitochondrial presequence	47(MPP)	0.255	55-59,91-95	11-21-high	-	-	-	-	-	25-30	-	-	-	-	-	-	-	24-29	
synMTS_4_019_var1	0.269	No mitochondrial presequence	27(MPP)	0.222	53-57,82-86,87-91,90-94	20-29-high	-	-	-	-	-	-	-	-	-	-	-	-	-	-	
synMTS_4_049_var1	0.660	Possessing mitochondrial presequence	37(MPP)	0.270	7-11,35-39,65-69,69-73,85-89,90-94,95-99	15-24-high	-	-	1-6	-	-	-	-	-	-	-	-	-	-	-	
synMTS_4_069_var1	0.591	Possessing mitochondrial presequence	44(MPP)	0.250	2-6,10-14,13-17,36-40	12-21-high	-	-	-	-	-	-	-	-	-	-	-	1-6	-	-	
synMTS_4_116_var1	0.290	No mitochondrial presequence	34(MPP)	0.235	4-8,7-11,12-16,45-49	4-13-high	-	19-24	-	-	4-9	-	-	-	-	-	-	11-16	12-17	-	
synMTS_4_153_var1	0.640	Possessing mitochondrial presequence	38(MPP)	0.263	10-14,13-17,51-55,91-95,94-98	8-17-high	-	-	-	-	10-15,13-18	-	-	-	-	-	-	-	-	-	
synMTS_4_161_var1	0.093	No mitochondrial presequence	34(MPP)	0.206	23-27,28-32	12-21-high	-	-	-	-	-	-	-	-	-	-	-	-	-	-	
synMTS_4_046_var1	0.496	Possessing mitochondrial presequence	32(MPP)	0.250	33-37	21-30-high	-	-	-	-	-	-	-	-	-	-	-	-	-	-	
synMTS_4_052_var1	0.492	Possessing mitochondrial presequence	30(MPP), 31(Icp55)	0.233	12-16,27-31,34-38,37-41,49-53	12-23-high	-	-	-	-	-	-	-	-	-	-	-	-	-	-	
synMTS_4_165_var1	0.245	No mitochondrial presequence	54(MPP)	0.241	3-7,46-50,54-58	3-12-high	-	21-26	-	4-9	-	-	-	-	-	-	-	-	-	-	
synMTS_4_035_var1	0.698	Possessing mitochondrial presequence	15(MPP)	0.267	88-92,91-95	19-28-high	-	-	-	-	-	-	-	-	-	-	-	-	-	-	
synMTS_4_176_var1	0.285	No mitochondrial presequence	22(MPP)	0.227	23-27,40-44	3-13-high	-	-	-	-	-	-	-	-	-	-	-	-	-	-	
synMTS_4_080_var1	0.281	No mitochondrial presequence	26(MPP)	0.231	23-27,38-42,42-46	8-17-high	-	-	-	-	-	-	-	-	-	-	-	-	-	-	
synMTS_4_132_var1	0.565	Possessing mitochondrial presequence	40(MPP)	0.225	3-7,7-11,16-20,37-41,79-83	5-14-high	-	-	-	-	-	-	-	-	-	-	-	6-11	-	-	
synMTS_4_065_var1	0.130	No mitochondrial presequence	13(MPP)	0.231	2-6,5-9,21-25,29-33	1-10-high	-	-	-	-	-	-	-	-	-	-	-	-	-	-	
synMTS_4_131_var1	0.192	No mitochondrial presequence	60(MPP)	0.250	11-15,31-35,53-57,57-61	11-20-high	-	19-24	-	-	-	-	-	-	-	-	-	-	-	-	
synMTS_4_011_var1	0.145	No mitochondrial presequence	66(MPP)	0.227	23-27	19-30-high	-	-	24-29	-	23-28	-	-	-	-	-	-	-	-	-	
synMTS_4_157_var1	0.332	No mitochondrial presequence	68(MPP)	0.221	26-30	20-29-high	-	-	-	-	-	-	-	-	-	-	-	25-30	-	-	
synMTS_4_175_var1	0.792	Possessing mitochondrial presequence	38(MPP)	0.237	2-6,19-23,27-31,50-54	19-28-high	-	-	-	-	-	-	22-27	-	-	-	-	-	-	-	
synMTS_4_148_var1	0.953	Possessing mitochondrial presequence	30(MPP), 31(Icp55)	0.233	35-39,44-48,78-82	13-22-high	-	-	-	-	-	-	-	-	-	-	-	-	-	-	
synMTS_4_062_var1	0.077	No mitochondrial presequence	44(MPP)	0.227		20-29-high	-	-	-	-	-	-	-	19-24	-	-	-	-	-	-	
synMTS_4_001_var1	0.710	Possessing mitochondrial presequence	48(MPP)	0.229	22-26,40-44,57-61,60-64,96-100	18-27-high	-	-	-	-	-	-	-	-	-	-	-	-	-	-	
synMTS_4_003_var1	0.833	Possessing mitochondrial presequence	7(MPP)	0.143	4-8,8-12,38-42,59-63,70-74,84-88	1-10-high	-	-	-	-	-	-	-	-	-	-	-	7-12	-	-	
synMTS_4_119_var1	0.196	No mitochondrial presequence	69(MPP)	0.246	11-15,41-45	7-16-high	-	-	-	-	-	-	14-19	-	-	-	-	-	-	-	
synMTS_4_087_var1	0.624	Possessing mitochondrial presequence	55(MPP)	0.255	16-20,20-24,27-31,30-34,33-37,36-40,41-45,52-56,63-67,77-81	15-24-high	-	-	-	-	16-21	-	-	-	-	-	-	-	-	-	
synMTS_4_031_var1	0.666	Possessing mitochondrial presequence	26(MPP)	0.231	60-64	18-27-high	-	22-27	-	-	-	20-25	-	-	-	-	-	-	-	19-24	
synMTS_4_093_var1	0.892	Possessing mitochondrial presequence	39(MPP), 40(Icp55)	0.231	36-40,85-89	8-17-high	-	-	-	-	-	-	10-15	-	-	-	-	-	-	-	
synMTS_4_174_var1	0.441	Possessing mitochondrial presequence	18(MPP)	0.222	73-77	1-10-high	-	-	-	-	-	-	-	-	-	-	-	-	-	-	
synMTS_4_047_var1	0.280	No mitochondrial presequence	54(MPP)	0.241	30-34,38-42	3-12-high	-	-	-	-	-	6-11,22-27	-	-	-	21-26	-	-	-	5-10	
synMTS_4_118_var1	0.140	No mitochondrial presequence	19(MPP)	0.211	17-21,21-25,25-29,29-33,38-42,41-45	18-27-high	-	-	-	-	-	-	-	-	15-20	-	-	24-29	-	-	
synMTS_4_013_var1	0.766	Possessing mitochondrial presequence	38(MPP)	0.237	3-7,29-33,32-36,79-83,84-88,87-91,91-95,96-100	18-27-high	-	-	-	-	-	-	-	-	-	-	-	-	-	-	
synMTS_4_091_var1	0.465	Possessing mitochondrial presequence	31(MPP)	0.226	3-7,6-10,11-15,49-53	2-11-high	-	-	-	-	-	-	-	-	-	-	-	2-7,10-15	-	-	
synMTS_4_155_var1	0.746	Possessing mitochondrial presequence	6(MPP)	0.167	3-7,38-42	10-19-high	-	-	-	-	-	-	-	-	-	-	-	-	-	-	
synMTS_4_164_var1	0.494	Possessing mitochondrial presequence	59(MPP)	0.254	2-6,48-52,56-60	15-24-high	-	-	-	-	2-7	-	-	-	-	-	-	-	-	-	
synMTS_4_179_var1	0.334	No mitochondrial presequence	37(MPP)	0.216	3-7,76-80,88-92	15-24-high	-	-	-	-	-	-	-	-	-	-	-	-	-	-	
synMTS_4_068_var1	0.777	Possessing mitochondrial presequence	48(MPP)	0.229	7-11,11-15,45-49,63-67	16-25-high	-	-	-	-	11-16	-	-	21-26	-	-	-	-	-	-	
synMTS_4_177_var1	0.332	No mitochondrial presequence	64(MPP), 65(Icp55)	0.250	1-5,4-8,53-57	4-13-high	-	-	5-10	-	1-6,4-9	-	-	-	-	-	-	-	-	-	
synMTS_4_058_var1	0.405	Possessing mitochondrial presequence	33(MPP)	0.242		11-20-high	-	-	-	-	-	-	-	-	-	-	-	-	-	-	
synMTS_4_134_var1	0.895	Possessing mitochondrial presequence	18(MPP)	0.222	23-27,26-30,30-34,64-68,68-72,79-83,83-87,96-100	21-30-high	-	-	-	-	-	-	-	-	-	-	-	-	-	-	
synMTS_4_072_var1	0.766	Possessing mitochondrial presequence	26(MPP), 27(Icp55)	0.192	14-18,19-23,23-27,33-37,95-99	9-18-high	-	-	-	-	-	-	-	-	17-22	-	-	-	-	-	
synMTS_4_195_var1	0.980	Possessing mitochondrial presequence	33(MPP)	0.242	2-6,19-23,50-54,53-57,61-65,82-86	16-25-high	-	-	-	-	-	-	-	-	-	-	-	1-6,18-23	-	-	
synMTS_4_191_var1	0.302	No mitochondrial presequence	27(MPP)	0.222	19-23,32-36,75-79	5-14-high	-	-	-	-	-	-	-	-	-	-	-	18-23	-	-	
synMTS_4_124_var1	0.333	No mitochondrial presequence	28(MPP), 29(Icp55)	0.214	18-22,40-44,53-57	18-29-high	-	-	-	-	-	-	-	-	-	-	-	-	-	-	
synMTS_4_127_var1	0.117	No mitochondrial presequence	32(MPP)	0.219		20-29-low	-	-	-	-	-	-	-	-	-	-	-	-	-	-	
synMTS_4_045_var1	0.362	No mitochondrial presequence	28(MPP)	0.214	12-16,35-39,38-42,41-45,63-67,94-98	9-18-high	-	-	-	3-8,22-27	-	-	-	-	-	-	-	11-16	-	-	
synMTS_4_024_var1	0.806	Possessing mitochondrial presequence	27(MPP)	0.222	29-33	6-15-high	-	-	-	-	-	-	8-13	-	-	-	-	-	-	-	
synMTS_4_102_var1	0.199	No mitochondrial presequence	42(MPP)	0.262	21-25,25-29,28-32,32-36,36-40,44-48,70-74	19-29-high	-	-	-	-	25-30	-	-	-	-	-	-	-	-	-	
synMTS_4_171_var1	0.279	No mitochondrial presequence	67(MPP)	0.239	50-54,54-58	1-10-high	-	-	-	-	-	-	-	10-15	-	9-14	-	-	-	-	
synMTS_4_145_var1	0.215	No mitochondrial presequence	20(MPP)	0.200	90-94	20-29-high	-	-	-	-	-	-	-	-	-	-	-	-	-	-	
synMTS_4_008_var1	0.364	No mitochondrial presequence	47(MPP)	0.234	16-20,80-84,85-89	18-27-high	-	-	-	-	-	-	20-25	-	-	19-24	-	-	-	-	
synMTS_4_055_var1	0.105	No mitochondrial presequence	30(MPP)	0.233	27-31,32-36,41-45	11-20-high	-	-	-	-	-	-	-	-	-	-	-	-	-	-	
synMTS_4_051_var1	0.496	Possessing mitochondrial presequence	21(MPP)	0.238	18-22,38-42,65-69,68-72,71-75	9-18-high	-	-	-	-	-	-	-	-	-	-	-	-	-	-	
synMTS_4_061_var1	0.197	No mitochondrial presequence	69(MPP), 70(Icp55)	0.217	14-18,26-30,58-62,71-75	11-20-high	-	-	-	-	-	-	-	-	-	-	-	13-18	-	-	
synMTS_4_143_var1	0.234	No mitochondrial presequence	21(MPP)	0.238	50-54	12-21-high	-	-	-	-	-	-	-	-	13-18	-	-	-	-	-	
synMTS_4_186_var1	0.279	No mitochondrial presequence	54(MPP)	0.241	4-8,37-41,40-44,51-55	15-24-high	-	9-14	-	-	-	7-12	-	-	-	-	-	3-8	-	-	
synMTS_4_130_var1	0.202	No mitochondrial presequence	24(MPP)	0.208	52-56,59-63,64-68,67-71,78-82,95-99	17-28-high	-	-	-	-	-	24-29	-	-	-	-	-	-	-	-	
synMTS_4_028_var1	0.678	Possessing mitochondrial presequence	40(MPP), 41(Icp55)	0.225	47-51,80-84	8-17-high	-	-	18-23	-	-	-	-	-	-	-	-	-	-	-	
synMTS_4_168_var1	0.677	Possessing mitochondrial presequence	33(MPP)	0.242	8-12,96-100	5-14-high	-	-	-	-	8-13	-	-	-	-	-	-	-	-	-	
synMTS_4_136_var1	0.223	No mitochondrial presequence	55(MPP)	0.255	42-46,92-96	6-17-low	-	-	-	-	-	-	-	-	-	-	-	-	-	-	
synMTS_4_099_var1	0.905	Possessing mitochondrial presequence	11(MPP)	0.182	13-17,41-45,44-48,56-60,60-64	8-17-high	-	-	-	-	-	17-22	-	-	-	16-21	-	-	-	-	
synMTS_4_160_var1	0.703	Possessing mitochondrial presequence	61(MPP), 62(Icp55)	0.262	36-40,48-52,52-56,55-59,58-62	16-26-high	-	-	-	-	-	-	-	16-21	-	15-20	-	-	-	-	
synMTS_4_113_var1	0.969	Possessing mitochondrial presequence	62(MPP), 63(Icp55)	0.242	33-37	14-30-high	-	-	-	-	-	-	-	-	-	-	-	-	-	-	
synMTS_4_064_var1	0.303	No mitochondrial presequence	14(MPP)	0.214	51-55,84-88	15-24-high	-	-	-	-	-	-	-	-	-	-	-	-	-	-	
synMTS_4_181_var1	0.477	Possessing mitochondrial presequence	43(MPP)	0.233	19-23,23-27,26-30,56-60,74-78,78-82,95-99	19-28-high	-	-	-	-	23-28	-	-	-	-	-	-	-	-	-	
synMTS_4_135_var1	0.400	Possessing mitochondrial presequence	43(MPP)	0.233	3-7,33-37,36-40	9-19-high	-	-	-	-	-	25-30	-	-	-	-	-	-	-	24-29	
synMTS_4_079_var1	0.568	Possessing mitochondrial presequence	15(MPP)	0.200	2-6,7-11,25-29,42-46,65-69,68-72,73-77,87-91	1-10-low	-	-	-	-	-	-	-	-	-	-	-	1-6,6-11	-	-	
synMTS_4_112_var1	0.160	No mitochondrial presequence	37(MPP)	0.270	27-31,31-35,83-87,86-90	15-24-high	-	11-16	-	-	-	-	-	-	-	-	-	-	-	-	
synMTS_4_098_var1	0.388	Possessing mitochondrial presequence	31(MPP)	0.258	21-25	20-30-high	-	-	-	-	-	-	-	-	-	-	-	20-25	-	-	
synMTS_4_196_var1	0.245	No mitochondrial presequence	32(MPP)	0.219	3-7,24-28,29-33,70-74,78-82	3-12-high	-	-	-	-	3-8	-	6-11	-	-	-	-	-	-	-	
synMTS_4_110_var1	0.762	Possessing mitochondrial presequence	12(MPP)	0.250	18-22,26-30,57-61,74-78	2-11-high	-	-	-	-	-	-	-	-	-	-	-	-	-	-	
synMTS_4_115_var1	0.081	No mitochondrial presequence	37(MPP)	0.270	16-20,25-29,51-55	14-24-high	-	4-9	-	-	25-30	-	-	-	-	-	-	-	-	-	
synMTS_4_077_var1	0.723	Possessing mitochondrial presequence	52(MPP)	0.231	3-7,23-27,32-36	15-26-high	-	-	-	-	3-8	-	18-23	-	-	-	-	22-27	-	17-22	
synMTS_4_040_var1	0.133	No mitochondrial presequence	16(MPP)	0.188	13-17,21-25,30-34,35-39,72-76,81-85,85-89	9-18-high	-	-	-	-	-	-	8-13	-	-	7-12	-	-	-	-	
synMTS_4_092_var1	0.439	Possessing mitochondrial presequence	13(MPP)	0.231	5-9,30-34,34-38	10-19-high	-	25-30	-	-	-	23-28	-	-	-	-	-	-	-	-	
synMTS_4_152_var1	0.155	No mitochondrial presequence	19(MPP)	0.211		4-13-high	-	-	-	-	-	-	-	-	-	-	-	-	-	-	
synMTS_4_100_var1	0.574	Possessing mitochondrial presequence	12(MPP)	0.167	17-21,20-24,24-28,28-32,35-39	17-28-high	-	-	-	-	-	-	-	-	-	-	-	-	-	-	
synMTS_4_026_var1	0.676	Possessing mitochondrial presequence	12(MPP)	0.167	9-13,55-59,59-63	1-13-low	-	-	-	-	-	-	-	-	-	-	-	-	-	-	
synMTS_4_032_var1	0.610	Possessing mitochondrial presequence	7(MPP)	0.143	52-56,67-71	13-22-high	-	-	24-29	-	-	-	-	-	-	-	-	-	-	-	
synMTS_4_022_var1	0.583	Possessing mitochondrial presequence	10(MPP)	0.200	10-14,14-18,29-33,33-37	10-19-high	-	-	-	-	-	-	-	-	-	-	-	13-18	-	-	
synMTS_4_198_var1	0.336	No mitochondrial presequence	11(MPP)	0.182	28-32,38-42,52-56,71-75,75-79	13-22-high	-	-	-	-	-	12-17	-	-	-	11-16	-	-	-	-	
synMTS_4_020_var1	0.096	No mitochondrial presequence	48(MPP)	0.229	17-21,21-25,25-29	21-30-high	-	-	-	-	-	-	-	-	-	-	-	-	-	-	
synMTS_4_070_var1	0.866	Possessing mitochondrial presequence	21(MPP)	0.238	2-6,12-16,15-19,39-43,42-46,53-57,56-60,59-63,71-75,79-83,88-92	11-21-high	-	-	-	-	15-20	-	-	-	-	-	-	1-6	2-7	-	
synMTS_4_010_var1	0.127	No mitochondrial presequence	60(MPP)	0.250	57-61	1-10-high	-	-	-	-	-	-	-	-	-	-	-	-	-	-	
synMTS_4_034_var1	0.671	Possessing mitochondrial presequence	43(MPP)	0.233	2-6,52-56,75-79	18-27-high	-	-	-	-	-	-	-	-	-	-	-	-	-	-	
synMTS_4_017_var1	0.168	No mitochondrial presequence	59(MPP)	0.254	11-15,30-34,41-45,44-48,47-51	4-13-high	-	-	-	-	-	-	-	-	-	-	-	-	-	-	
synMTS_4_053_var1	0.132	No mitochondrial presequence	51(MPP)	0.235	4-8,37-41	3-16-low	-	-	-	-	-	-	-	-	-	-	-	3-8	-	-	
synMTS_4_082_var1	0.340	No mitochondrial presequence	20(MPP)	0.250	2-6,17-21,26-30,60-64	13-22-high	-	7-12	-	-	2-7	5-10	-	-	-	-	-	-	-	-	
synMTS_4_190_var1	0.379	No mitochondrial presequence	32(MPP)	0.250	3-7,11-15,15-19,52-56,61-65,64-68,74-78,77-81	7-19-high	-	-	-	12-17	-	-	-	-	-	-	-	-	-	-	
synMTS_4_129_var1	0.717	Possessing mitochondrial presequence	25(MPP)	0.240	8-12,12-16,48-52,51-55,55-59	12-22-high	-	-	-	-	-	16-21	25-30	-	-	15-20	-	11-16	-	-	
synMTS_4_154_var1	0.558	Possessing mitochondrial presequence	37(MPP)	0.216	9-13,12-16	9-18-high	-	-	-	-	9-14	-	-	-	-	-	-	-	-	-	
synMTS_4_014_var1	0.179	No mitochondrial presequence	55(MPP), 56(Icp55)	0.236	8-12,11-15,14-18,27-31,32-36,37-41	11-20-high	-	-	15-20	-	8-13,11-16,14-19	-	-	-	-	-	-	-	-	-	
synMTS_4_030_var1	0.964	Possessing mitochondrial presequence	32(MPP), 33(Icp55)	0.219	18-22,22-26,45-49,60-64,78-82	17-26-high	-	-	-	-	22-27	-	-	-	-	-	-	-	-	-	
synMTS_4_029_var1	0.229	No mitochondrial presequence	61(MPP)	0.230	4-8,16-20,33-37,45-49,54-58,58-62,63-67,66-70	13-22-high	-	-	-	-	-	-	-	20-25	-	19-24	-	-	-	-	
synMTS_4_056_var1	0.485	Possessing mitochondrial presequence	26(MPP)	0.231	91-95	21-30-high	-	-	-	-	-	-	-	-	-	-	-	-	-	-	
synMTS_4_086_var1	0.399	Possessing mitochondrial presequence	25(MPP)	0.240	9-13,13-17,17-21,22-26	21-30-high	-	-	-	-	-	-	-	-	-	-	-	21-26	-	-	
synMTS_4_044_var1	0.043	No mitochondrial presequence	59(MPP)	0.220		11-20-low	-	-	-	-	-	-	-	-	-	-	-	-	-	-	
synMTS_4_018_var1	0.661	Possessing mitochondrial presequence	15(MPP)	0.200	13-17,52-56	10-19-high	-	-	-	-	-	-	-	-	-	-	-	-	-	-	
synMTS_4_187_var1	0.415	Possessing mitochondrial presequence	69(MPP)	0.246	26-30,35-39,43-47,47-51	13-22-high	-	20-25	-	-	-	15-20	-	-	-	-	-	-	-	14-19	
synMTS_4_063_var1	0.735	Possessing mitochondrial presequence	22(MPP)	0.227	2-6,19-23,80-84	15-24-high	-	-	-	-	-	-	-	-	-	-	-	-	-	-	
synMTS_4_073_var1	0.339	No mitochondrial presequence	38(MPP)	0.211	22-26,35-39,40-44,45-49,52-56,80-84	11-20-high	-	-	-	-	-	-	-	-	-	-	-	-	-	-	
synMTS_4_144_var1	0.650	Possessing mitochondrial presequence	23(MPP)	0.217	23-27,32-36,44-48,48-52	2-11-high	-	19-24	-	-	-	-	-	-	-	-	-	-	-	-	
synMTS_4_085_var1	0.699	Possessing mitochondrial presequence	55(MPP), 56(Icp55)	0.255	33-37	2-11-low	-	-	-	-	-	-	-	-	-	-	-	-	-	-	
synMTS_4_025_var1	0.082	No mitochondrial presequence	34(MPP), 42(Oct1)	0.206	22-26,34-38,47-51,51-55	10-19-high	-	-	-	-	-	-	-	-	-	-	-	-	-	-	
synMTS_4_002_var1	0.577	Possessing mitochondrial presequence	69(MPP)	0.261	3-7,35-39,52-56,56-60,66-70	3-12-high	-	-	4-9	-	3-8	-	-	-	-	-	-	-	-	-	
synMTS_4_081_var1	0.401	Possessing mitochondrial presequence	15(MPP), 16(Icp55)	0.200	12-16,32-36,42-46,62-66	7-16-low	-	-	-	-	-	-	-	-	-	-	-	-	-	-	
synMTS_4_111_var1	0.207	No mitochondrial presequence	23(MPP)	0.261	14-18,34-38,67-71	10-21-high	-	19-24	-	-	-	17-22	-	25-30	-	24-29	-	-	-	-	
synMTS_4_015_var1	0.547	Possessing mitochondrial presequence	24(MPP), 25(Icp55)	0.250	39-43,42-46	16-25-high	-	-	-	-	-	11-16	-	-	-	-	-	-	-	10-15	
synMTS_4_156_var1	0.786	Possessing mitochondrial presequence	20(MPP), 21(Icp55)	0.250	26-30,69-73,78-82	7-18-high	-	-	-	-	-	-	-	-	-	-	-	-	-	-	
synMTS_4_103_var1	0.127	No mitochondrial presequence	46(MPP), 47(Icp55)	0.261		8-17-high	-	-	-	-	-	-	-	-	-	-	-	-	-	-	
synMTS_4_106_var1	0.648	Possessing mitochondrial presequence	45(MPP), 46(Icp55)	0.222	22-26,46-50,56-60	18-28-high	-	-	-	-	-	-	-	-	-	-	-	-	-	-	
synMTS_4_193_var1	0.475	Possessing mitochondrial presequence	34(MPP)	0.235	12-16,31-35,39-43,46-50	4-15-high	-	-	-	-	-	-	-	-	-	-	-	-	-	-	
synMTS_4_078_var1	0.080	No mitochondrial presequence	54(MPP)	0.222	9-13,18-22	14-23-high	-	-	-	-	-	-	-	-	-	-	-	-	-	-	
synMTS_4_108_var1	0.403	Possessing mitochondrial presequence	49(MPP), 50(Icp55)	0.224	21-25	3-12-high	-	-	-	-	-	-	3-8	-	-	25-30	-	-	-	-	
synMTS_4_133_var1	0.246	No mitochondrial presequence	52(MPP)	0.231	16-20,50-54	9-20-high	-	-	-	-	-	-	-	-	-	-	-	-	-	-	
synMTS_4_194_var1	0.676	Possessing mitochondrial presequence	34(MPP)	0.265	5-9,31-35,69-73	1-11-high	-	-	-	-	-	25-30	-	-	-	-	-	-	-	-	
synMTS_4_084_var1	0.838	Possessing mitochondrial presequence	13(MPP)	0.231	16-20,88-92	15-24-high	-	9-14	-	-	-	19-24	-	-	14-19	-	13-18	-	-	-	
synMTS_4_088_var1	0.565	Possessing mitochondrial presequence	51(MPP)	0.235	39-43	2-11-high	-	8-13	-	-	-	-	-	-	-	-	-	-	-	-	
synMTS_4_074_var1	0.527	Possessing mitochondrial presequence	42(MPP)	0.238	30-34,39-43,82-86	9-18-high	-	-	-	-	-	-	-	-	-	-	-	-	-	-	
synMTS_4_101_var1	0.218	No mitochondrial presequence	12(MPP)	0.167	31-35,47-51,57-61,80-84,86-90	7-16-low	-	-	-	-	-	-	-	-	-	-	-	-	-	-	
synMTS_4_142_var1	0.801	Possessing mitochondrial presequence	46(MPP), 47(Icp55)	0.239	16-20,20-24,40-44,55-59,81-85,94-98	16-25-high	-	6-11	-	-	-	4-9	-	-	-	-	-	15-20	-	3-8	
synMTS_4_170_var1	0.161	No mitochondrial presequence	29(MPP)	0.207	31-35,39-43,42-46	14-25-high	-	-	-	-	-	-	-	-	-	-	-	-	-	-	
synMTS_4_096_var1	0.218	No mitochondrial presequence	56(MPP)	0.232	4-8,33-37,36-40,40-44	20-29-low	-	-	-	-	-	-	-	-	-	-	-	-	-	-	
synMTS_4_188_var1	0.526	Possessing mitochondrial presequence	16(MPP)	0.188	13-17,19-23,37-41,42-46,53-57,57-61,65-69,76-80,83-87,88-92	18-28-high	-	-	-	-	-	-	-	-	17-22	-	16-21	-	-	-	
synMTS_4_151_var1	0.984	Possessing mitochondrial presequence	21(MPP)	0.238	81-85,84-88,87-91,90-94	3-16-high	-	-	-	-	-	-	23-28	-	-	22-27	-	-	-	-	
synMTS_4_050_var1	0.598	Possessing mitochondrial presequence	48(MPP)	0.250	1-5,4-8,7-11,45-49,49-53	16-25-high	-	-	8-13	-	4-9,7-12	-	-	-	-	-	-	-	-	-	
synMTS_4_054_var1	0.155	No mitochondrial presequence	14(MPP)	0.214	21-25,24-28,27-31,42-46	19-28-high	-	10-15	-	-	21-26,24-29	8-13	-	-	-	-	-	-	-	-	
synMTS_4_006_var1	0.861	Possessing mitochondrial presequence	22(MPP)	0.227	19-23,38-42,64-68,81-85	16-25-high	-	14-19	-	-	-	-	-	-	-	-	-	-	-	-	
synMTS_4_060_var1	0.994	Possessing mitochondrial presequence	15(MPP), 16(Icp55)	0.200	27-31,31-35,51-55,54-58	17-26-high	-	-	-	-	-	-	-	-	-	-	-	-	-	-	
synMTS_4_083_var1	0.318	No mitochondrial presequence	72(MPP), 73(Icp55)	0.264	2-6,43-47	12-21-high	-	-	-	-	-	-	-	-	-	-	-	-	-	-	
synMTS_4_027_var1	0.567	Possessing mitochondrial presequence	19(MPP)	0.211	40-44,49-53	14-23-high	-	-	-	-	-	-	-	-	-	-	-	-	-	-	
synMTS_4_150_var1	0.960	Possessing mitochondrial presequence	24(MPP)	0.208	21-25,42-46,46-50	9-18-high	-	-	-	-	-	-	-	-	-	8-13	-	-	21-26	-	
synMTS_4_169_var1	0.223	No mitochondrial presequence	45(MPP), 46(Icp55)	0.222	4-8,34-38,39-43,46-50,61-65,76-80	15-24-high	-	-	-	-	4-9	-	-	-	-	-	-	-	-	-	
synMTS_4_067_var1	0.783	Possessing mitochondrial presequence	64(MPP)	0.250	61-65	5-14-high	-	12-17,25-30	-	-	-	-	-	-	-	-	-	-	-	-	
synMTS_4_109_var1	0.557	Possessing mitochondrial presequence	28(MPP), 29(Icp55)	0.250	13-17,21-25,34-38,74-78	20-29-high	-	-	-	-	-	-	-	25-30	-	24-29	-	-	-	-	
synMTS_4_090_var1	0.389	Possessing mitochondrial presequence	65(MPP), 66(Icp55)	0.231	4-8,17-21,45-49,50-54,58-62,62-66	21-30-high	-	-	-	-	-	-	-	22-27	-	21-26	-	3-8,16-21	-	-	
synMTS_4_066_var1	0.143	No mitochondrial presequence	56(MPP)	0.232	26-30,40-44,68-72	10-21-high	-	-	-	-	-	-	-	-	-	-	-	-	-	-	
synMTS_4_057_var1	0.340	No mitochondrial presequence	54(MPP)	0.241	10-14,13-17,23-27,81-85,90-94	6-15-high	-	-	-	-	10-15	-	-	-	-	-	-	-	-	-	
synMTS_4_178_var1	0.770	Possessing mitochondrial presequence	25(MPP)	0.200	1-5,4-8,22-26,26-30,29-33,78-82	21-30-high	-	-	-	-	1-6	-	-	-	-	8-13	-	25-30	-	-	
synMTS_4_007_var1	0.363	No mitochondrial presequence	26(MPP)	0.231	3-7,32-36,53-57,57-61,79-83	7-16-high	-	22-27	24-29	-	-	-	7-12	-	-	6-11	-	-	-	-	
synMTS_4_137_var1	0.515	Possessing mitochondrial presequence	57(MPP)	0.246		4-17-high	-	-	-	-	-	-	-	-	-	-	-	-	-	-	
synMTS_4_185_var1	0.298	No mitochondrial presequence	19(MPP)	0.211	16-20,29-33,44-48	12-21-high	-	-	-	-	16-21	-	-	-	-	-	-	-	-	-	
synMTS_4_122_var1	0.219	No mitochondrial presequence	39(MPP)	0.231	7-11,28-32,55-59	6-15-high	-	-	-	-	-	-	-	-	-	-	19-24	-	-	-	
synMTS_4_184_var1	0.152	No mitochondrial presequence	30(MPP)	0.233		5-16-high	-	-	-	-	-	-	4-9	-	-	3-8	-	-	-	-	
synMTS_4_149_var1	0.278	No mitochondrial presequence	44(MPP)	0.227	45-49	21-30-high	-	-	9-14	-	-	-	-	-	-	-	-	-	-	-	
synMTS_4_126_var1	0.676	Possessing mitochondrial presequence	18(MPP)	0.222	7-11,10-14,20-24,24-28,49-53	20-29-high	-	-	-	-	7-12	-	-	-	-	-	-	23-28	24-29	-	
synMTS_4_033_var1	0.242	No mitochondrial presequence	86(MPP)	0.233	11-15,21-25	11-20-high	-	-	-	-	-	-	-	-	-	-	-	-	-	-	
synMTS_4_005_var1	0.260	No mitochondrial presequence	49(MPP)	0.245	1-5,8-12,17-21,29-33,46-50,66-70,70-74,88-92,91-95	5-14-high	-	-	-	-	1-6	-	-	-	-	-	-	-	-	-	
synMTS_4_021_var1	0.381	No mitochondrial presequence	56(MPP)	0.250	3-7,22-26,25-29,44-48,49-53,88-92	2-11-high	-	-	-	-	3-8	-	-	6-11	-	-	-	-	-	-	
synMTS_4_183_var1	0.552	Possessing mitochondrial presequence	72(MPP)	0.222	64-68	8-17-high	-	-	-	-	-	-	-	-	-	-	-	-	-	-	
synMTS_4_089_var1	0.863	Possessing mitochondrial presequence	33(MPP)	0.242	14-18,19-23,52-56,60-64	7-16-high	-	-	-	-	19-24	-	-	-	-	-	-	-	-	-	
synMTS_4_009_var1	0.139	No mitochondrial presequence	44(MPP)	0.227	14-18,41-45	15-24-high	-	-	-	-	-	-	-	-	-	-	-	-	-	-	
synMTS_4_180_var1	0.742	Possessing mitochondrial presequence	65(MPP)	0.231	18-22,41-45,57-61,62-66	12-21-high	-	-	-	-	-	-	-	-	-	-	-	-	-	-	
synMTS_4_094_var1	0.095	No mitochondrial presequence	45(MPP)	0.244	10-14,14-18,71-75,75-79	10-20-high	-	-	-	-	-	-	-	-	-	-	-	-	-	-	
synMTS_4_141_var1	0.890	Possessing mitochondrial presequence	31(MPP)	0.226	4-8,35-39,43-47,46-50,75-79	1-10-high	-	-	-	-	-	-	-	-	-	-	-	-	-	-	
synMTS_4_016_var1	0.352	No mitochondrial presequence	15(MPP)	0.200	41-45,71-75	8-17-high	-	-	-	-	-	-	-	-	-	-	-	-	-	-	
synMTS_4_128_var1	0.681	Possessing mitochondrial presequence	31(MPP)	0.226	19-23,32-36,40-44,44-48,50-54,53-57,77-81	11-22-high	-	-	-	-	-	-	-	23-28	-	22-27	-	-	-	-	
synMTS_4_039_var1	0.368	No mitochondrial presequence	33(MPP)	0.242	1-5,7-11,23-27	21-30-high	-	-	-	-	-	-	-	-	11-16	-	10-15	-	-	-	
synMTS_4_023_var1	0.170	No mitochondrial presequence	88(MPP)	0.239	26-30,62-66,85-89	21-30-high	-	-	-	-	-	-	-	-	-	-	-	-	-	-	
synMTS_4_036_var1	0.499	Possessing mitochondrial presequence	65(MPP)	0.246	13-17,39-43	10-19-high	-	8-13	-	-	-	-	-	-	-	-	-	-	-	-	
synMTS_4_166_var1	0.793	Possessing mitochondrial presequence	16(MPP)	0.250		8-17-high	-	-	-	-	-	10-15	-	-	-	9-14	-	-	-	-	
synMTS_4_158_var1	0.846	Possessing mitochondrial presequence	30(MPP)	0.233	20-24	12-24-high	-	-	-	-	-	-	-	-	-	-	-	-	-	-	
synMTS_5_033_var1	0.000	No mitochondrial presequence	90(MPP)	-0.244	87-91	18-27-low	-	-	-	-	-	-	-	-	-	-	-	-	-	-	
synMTS_5_135_var1	0.001	No mitochondrial presequence	72(MPP)	-0.222		13-22-low	-	-	-	-	-	-	-	-	-	-	-	-	-	-	
synMTS_5_132_var1	0.000	No mitochondrial presequence	57(MPP), 58(Icp55)	-0.246		4-13-low	-	-	-	-	-	-	-	-	-	-	-	-	-	-	
synMTS_5_174_var1	0.002	No mitochondrial presequence	21(MPP), 22(Icp55)	-0.238		17-26-low	-	-	-	-	-	-	-	-	-	-	-	-	-	-	
synMTS_5_039_var1	0.002	No mitochondrial presequence	57(MPP)	-0.193		14-23-low	-	-	-	-	-	-	-	-	-	-	-	-	-	-	
synMTS_5_155_var1	0.003	No mitochondrial presequence	58(MPP)	-0.207	55-59	18-30-low	-	-	-	-	-	-	-	-	-	-	-	-	-	-	
synMTS_5_066_var1	0.001	No mitochondrial presequence	66(MPP)	-0.212	63-67	6-15-low	-	-	-	-	-	-	-	-	-	-	-	-	-	-	
synMTS_5_050_var1	0.000	No mitochondrial presequence	69(MPP)	-0.232		19-30-low	-	-	-	-	-	-	-	-	-	-	-	-	-	-	
synMTS_5_051_var1	0.003	No mitochondrial presequence	30(MPP)	-0.267		7-17-low	-	-	-	-	-	-	-	-	-	-	-	-	-	-	
synMTS_5_032_var1	0.006	No mitochondrial presequence	6(MPP)	-0.167	95-99	10-21-low	-	-	-	-	-	-	-	-	-	-	-	-	-	-	
synMTS_5_191_var1	0.003	No mitochondrial presequence	42(MPP)	-0.190	95-99	8-17-low	-	-	-	-	-	-	-	-	-	-	-	-	-	-	
synMTS_5_153_var1	0.009	No mitochondrial presequence	13(MPP)	-0.231		20-30-low	-	-	-	-	-	-	-	-	-	-	-	-	-	-	
synMTS_5_023_var1	0.002	No mitochondrial presequence	17(MPP)	-0.176	87-91	19-28-high	-	-	-	-	-	-	-	-	-	-	-	-	-	-	
synMTS_5_045_var1	0.014	No mitochondrial presequence	44(MPP)	-0.250		17-26-low	-	-	-	-	-	-	-	-	-	-	-	-	-	-	
synMTS_5_053_var1	0.008	No mitochondrial presequence	68(MPP)	-0.221		9-22-low	-	-	-	-	-	-	-	-	-	-	-	-	-	-	
synMTS_5_083_var1	0.007	No mitochondrial presequence	75(MPP)	-0.227		15-24-low	-	-	-	-	-	-	-	-	-	-	-	-	-	-	
synMTS_5_005_var1	0.001	No mitochondrial presequence	32(MPP)	-0.250		14-27-low	-	-	-	-	-	-	-	-	-	-	-	-	-	-	
synMTS_5_200_var1	0.001	No mitochondrial presequence	9(MPP)	-0.222		18-30-low	-	-	-	-	-	-	-	-	-	-	-	-	-	-	
synMTS_5_072_var1	0.000	No mitochondrial presequence	92(MPP)	-0.228		20-29-low	-	-	-	-	-	-	-	-	-	-	-	-	-	-	
synMTS_5_144_var1	0.001	No mitochondrial presequence	54(MPP)	-0.204		9-18-low	-	-	-	-	-	-	-	-	-	-	-	-	-	-	
synMTS_5_104_var1	0.001	No mitochondrial presequence	45(MPP)	-0.200		17-26-low	-	-	-	-	-	-	-	-	-	-	-	-	-	-	
synMTS_5_199_var1	0.009	No mitochondrial presequence	94(MPP)	-0.202		2-11-low	-	-	-	-	-	-	-	-	-	-	-	-	-	-	
synMTS_5_186_var1	0.003	No mitochondrial presequence	81(MPP)	-0.198		5-14-low	-	-	-	-	-	-	-	-	-	-	-	-	-	-	
synMTS_5_035_var1	0.005	No mitochondrial presequence	54(MPP)	-0.185		13-22-low	-	-	-	-	-	-	-	-	-	-	-	-	-	-	
synMTS_5_128_var1	0.003	No mitochondrial presequence	76(MPP)	-0.250	22-26	4-13-low	-	-	-	-	-	-	-	-	-	-	-	-	-	-	
synMTS_5_052_var1	0.010	No mitochondrial presequence	49(MPP)	-0.184	47-51	7-18-low	-	-	-	-	-	-	-	-	-	-	-	-	-	-	
synMTS_5_157_var1	0.000	No mitochondrial presequence	40(MPP)	-0.175	93-97	4-13-low	-	-	-	-	-	-	-	-	-	-	-	-	-	-	
synMTS_5_092_var1	0.001	No mitochondrial presequence	73(MPP)	-0.219		7-16-low	-	-	-	-	-	-	-	-	-	-	-	-	-	-	
synMTS_5_043_var1	0.000	No mitochondrial presequence	72(MPP)	-0.222		4-13-low	-	-	-	-	-	-	-	-	-	-	-	-	-	-	
synMTS_5_034_var1	0.033	No mitochondrial presequence	71(MPP)	-0.239		19-28-high	-	-	-	-	-	-	-	-	-	-	-	-	-	-	
synMTS_5_166_var1	0.000	No mitochondrial presequence	44(MPP)	-0.159		12-21-low	-	-	-	-	-	-	-	-	-	-	-	-	-	-	
synMTS_5_123_var1	0.001	No mitochondrial presequence	48(MPP)	-0.188	45-49	3-12-low	-	-	-	-	-	-	-	-	-	-	-	-	-	-	
synMTS_5_097_var1	0.003	No mitochondrial presequence	72(MPP)	-0.208	4-8	4-13-low	-	-	-	-	-	-	-	-	-	-	-	-	-	-	
synMTS_5_118_var1	0.007	No mitochondrial presequence	40(MPP), 48(Oct1)	-0.250		19-28-low	-	-	-	-	-	-	-	-	-	-	-	-	-	-	
synMTS_5_091_var1	0.003	No mitochondrial presequence	51(MPP)	-0.176	17-21	16-25-low	-	-	-	-	-	-	-	-	-	-	-	-	-	-	
synMTS_5_119_var1	0.001	No mitochondrial presequence	54(MPP)	-0.185	12-16,51-55	12-21-low	-	-	-	-	-	-	-	-	-	-	-	-	-	-	
synMTS_5_070_var1	0.000	No mitochondrial presequence	91(MPP)	-0.220	89-93	2-11-low	-	-	-	-	-	-	-	-	-	-	-	-	-	-	
synMTS_5_046_var1	0.002	No mitochondrial presequence	36(MPP)	-0.222		18-27-low	-	-	-	-	-	-	-	-	-	-	-	-	-	-	
synMTS_5_130_var1	0.001	No mitochondrial presequence	79(MPP)	-0.228	69-73	15-25-low	-	-	-	-	-	-	-	-	-	-	-	-	-	-	
synMTS_5_112_var1	0.013	No mitochondrial presequence	82(MPP)	-0.195		9-18-low	-	-	-	-	-	-	-	-	-	-	-	-	-	-	
synMTS_5_074_var1	0.003	No mitochondrial presequence	86(MPP)	-0.221	83-87	2-14-low	-	-	-	-	-	-	-	-	-	-	-	-	-	-	
synMTS_5_037_var1	0.002	No mitochondrial presequence	83(MPP)	-0.217		15-24-low	-	-	-	-	-	-	-	-	-	-	-	-	-	-	
synMTS_5_115_var1	0.000	No mitochondrial presequence	56(MPP)	-0.214		1-10-low	-	-	-	-	-	-	-	-	-	-	-	-	-	-	
synMTS_5_117_var1	0.002	No mitochondrial presequence	74(MPP)	-0.216	71-75	12-24-low	-	-	-	-	-	-	-	-	-	-	-	-	-	-	
synMTS_5_170_var1	0.007	No mitochondrial presequence	48(MPP)	-0.208		12-21-low	-	-	-	-	-	-	-	-	-	-	-	-	-	-	
synMTS_5_126_var1	0.000	No mitochondrial presequence	42(MPP)	-0.238		7-16-low	-	-	-	-	-	-	-	-	-	-	-	-	-	-	
synMTS_5_164_var1	0.001	No mitochondrial presequence	65(MPP)	-0.215		5-14-low	-	-	-	-	-	-	-	-	-	-	-	-	-	-	
synMTS_5_148_var1	0.002	No mitochondrial presequence	79(MPP)	-0.203	76-80	10-19-high	-	-	-	-	-	-	-	-	-	-	-	-	-	-	
synMTS_5_004_var1	0.000	No mitochondrial presequence	55(MPP)	-0.200		7-16-low	-	-	-	-	-	-	-	-	-	-	-	-	-	-	
synMTS_5_088_var1	0.000	No mitochondrial presequence	86(MPP)	-0.221		19-28-low	-	-	-	-	-	-	-	-	-	-	-	-	-	-	
synMTS_5_106_var1	0.002	No mitochondrial presequence	60(MPP)	-0.200	57-61	10-19-low	-	-	-	-	-	-	-	-	-	-	-	-	-	-	
synMTS_5_194_var1	0.000	No mitochondrial presequence	25(MPP)	-0.280		20-29-low	-	-	-	-	-	-	-	-	-	-	-	-	-	-	
synMTS_5_143_var1	0.001	No mitochondrial presequence	24(MPP)	-0.250		2-11-low	-	-	-	-	-	-	-	-	-	-	-	-	-	-	
synMTS_5_139_var1	0.001	No mitochondrial presequence	20(MPP)	-0.250		18-28-low	-	-	-	-	-	-	-	-	-	-	-	-	-	-	
synMTS_5_175_var1	0.000	No mitochondrial presequence	43(MPP)	-0.163	40-44,96-100	1-11-low	-	-	-	-	-	-	-	-	-	-	-	-	-	-	
synMTS_5_193_var1	0.000	No mitochondrial presequence	42(MPP)	-0.262		1-10-low	-	-	-	-	-	-	-	-	-	-	-	-	-	-	
synMTS_5_024_var1	0.003	No mitochondrial presequence	69(MPP)	-0.203	19-23	17-28-low	-	-	-	-	-	-	-	-	-	-	-	-	-	-	
synMTS_5_103_var1	0.001	No mitochondrial presequence	44(MPP)	-0.182		3-12-low	-	-	-	-	-	-	-	-	-	-	-	-	-	-	
synMTS_5_044_var1	0.000	No mitochondrial presequence	86(MPP)	-0.221	33-37	4-13-low	-	-	-	-	-	-	-	-	-	-	-	-	-	-	
synMTS_5_129_var1	0.005	No mitochondrial presequence	57(MPP)	-0.193		15-24-low	-	-	-	-	-	-	-	-	-	-	-	-	-	-	
synMTS_5_124_var1	0.006	No mitochondrial presequence	64(MPP)	-0.172		4-13-low	-	-	-	-	-	-	-	-	-	-	-	-	-	-	
synMTS_5_152_var1	0.001	No mitochondrial presequence	91(MPP)	-0.220	88-92	7-16-low	-	-	-	-	-	-	-	-	-	-	-	-	-	-	
synMTS_5_196_var1	0.001	No mitochondrial presequence	45(MPP)	-0.178	42-46	4-13-low	-	-	-	-	-	-	-	-	-	-	-	-	-	-	
synMTS_5_009_var1	0.001	No mitochondrial presequence	90(MPP)	-0.233	83-87,87-91	18-29-low	-	-	-	-	-	-	-	-	-	-	-	-	-	-	
synMTS_5_197_var1	0.001	No mitochondrial presequence	77(MPP)	-0.234		9-18-low	-	-	-	-	-	-	-	-	-	-	-	-	-	-	
synMTS_5_062_var1	0.000	No mitochondrial presequence	47(MPP)	-0.191		14-23-low	-	-	-	-	-	-	-	-	-	-	-	-	-	-	
synMTS_5_169_var1	0.004	No mitochondrial presequence	48(MPP)	-0.188		8-21-low	-	-	-	-	-	-	-	-	-	-	-	-	-	-	
synMTS_5_190_var1	0.000	No mitochondrial presequence	95(MPP)	-0.232		10-20-low	-	-	-	-	-	-	-	-	-	-	-	-	-	-	
synMTS_5_078_var1	0.004	No mitochondrial presequence	75(MPP)	-0.200	73-77	3-12-low	-	-	-	-	-	-	-	-	-	-	-	-	-	-	
synMTS_5_013_var1	0.006	No mitochondrial presequence	56(MPP)	-0.250		5-14-low	-	-	-	-	-	-	-	-	-	-	-	-	-	-	
synMTS_5_089_var1	0.000	No mitochondrial presequence	50(MPP)	-0.200		3-12-low	-	-	-	-	-	-	-	-	-	-	-	-	-	-	
synMTS_5_192_var1	0.002	No mitochondrial presequence	55(MPP)	-0.200	52-56	9-18-low	-	-	-	-	-	-	-	-	-	-	-	-	-	-	
synMTS_5_134_var1	0.001	No mitochondrial presequence	44(MPP)	-0.250		14-25-low	-	-	-	-	-	-	-	-	-	-	-	-	-	-	
synMTS_5_077_var1	0.000	No mitochondrial presequence	86(MPP)	-0.244		1-10-low	-	-	-	-	-	-	-	-	-	-	-	-	-	-	
synMTS_5_184_var1	0.000	No mitochondrial presequence	64(MPP)	-0.266		2-11-low	-	-	-	-	-	-	-	-	-	-	-	-	-	-	
synMTS_5_146_var1	0.002	No mitochondrial presequence	50(MPP)	-0.180		13-24-low	-	-	-	-	-	-	-	-	-	-	-	-	-	-	
synMTS_5_008_var1	0.014	No mitochondrial presequence	53(MPP)	-0.208		21-30-low	-	-	-	-	-	-	-	-	-	-	-	-	-	-	
synMTS_5_167_var1	0.000	No mitochondrial presequence	37(MPP)	-0.216		4-13-low	-	-	-	-	-	-	-	-	-	-	-	-	-	-	
synMTS_5_059_var1	0.002	No mitochondrial presequence	65(MPP)	-0.215	44-48	20-29-low	-	-	-	-	-	-	-	-	-	-	-	-	-	-	
synMTS_5_188_var1	0.000	No mitochondrial presequence	53(MPP)	-0.245		5-14-low	-	-	-	-	-	-	-	-	-	-	-	-	-	-	
synMTS_5_180_var1	0.020	No mitochondrial presequence	63(MPP)	-0.190		19-29-low	-	-	-	-	-	-	-	-	-	-	-	-	-	-	
synMTS_5_014_var1	0.003	No mitochondrial presequence	56(MPP)	-0.179	53-57	3-12-high	-	-	-	-	-	-	-	-	-	-	-	-	-	-	
synMTS_5_198_var1	0.005	No mitochondrial presequence	10(MPP)	-0.200		6-15-low	-	-	-	-	-	-	-	-	-	-	-	-	-	-	
synMTS_5_137_var1	0.002	No mitochondrial presequence	52(MPP)	-0.192	37-41	11-20-low	-	-	-	-	-	-	-	-	-	-	-	-	-	-	
synMTS_5_069_var1	0.004	No mitochondrial presequence	53(MPP)	-0.208		2-11-low	-	-	-	-	-	-	-	-	-	-	-	-	-	-	
synMTS_5_028_var1	0.005	No mitochondrial presequence	48(MPP)	-0.188		9-20-low	-	-	-	-	-	-	-	-	-	-	-	-	-	-	
synMTS_5_047_var1	0.001	No mitochondrial presequence	20(MPP)	-0.200	18-22	18-27-low	-	-	-	-	-	-	-	-	-	-	-	-	-	-	
synMTS_5_075_var1	0.000	No mitochondrial presequence	89(MPP)	-0.213		16-25-low	-	-	-	-	-	-	-	-	-	-	-	-	-	-	
synMTS_5_136_var1	0.004	No mitochondrial presequence	47(MPP)	-0.191	44-48	4-13-low	-	-	-	-	-	-	-	-	-	-	-	-	-	-	
synMTS_5_176_var1	0.002	No mitochondrial presequence	19(MPP)	-0.211		10-21-low	-	-	-	-	-	-	-	-	-	-	-	-	-	-	
synMTS_5_090_var1	0.000	No mitochondrial presequence	21(MPP)	-0.238		1-10-low	-	-	-	-	-	-	-	-	-	-	-	-	-	-	
synMTS_5_181_var1	0.001	No mitochondrial presequence	58(MPP)	-0.259	51-55	2-11-low	-	-	-	-	-	-	-	-	-	-	-	-	-	-	
synMTS_5_178_var1	0.004	No mitochondrial presequence	47(MPP)	-0.213	44-48	13-22-low	-	-	-	-	-	-	-	-	-	-	-	-	-	-	
synMTS_5_081_var1	0.001	No mitochondrial presequence	87(MPP)	-0.207		3-12-low	-	-	-	-	-	-	-	-	-	-	-	-	-	-	
synMTS_5_102_var1	0.008	No mitochondrial presequence	81(MPP)	-0.222		17-26-low	-	-	-	-	-	-	-	-	-	-	-	-	-	-	
synMTS_5_060_var1	0.011	No mitochondrial presequence	81(MPP)	-0.198		9-18-low	-	-	-	-	-	-	-	-	-	-	-	-	-	-	
synMTS_5_171_var1	0.002	No mitochondrial presequence	14(MPP)	-0.214		11-20-low	-	-	-	-	-	-	-	-	-	-	-	-	-	-	
synMTS_5_142_var1	0.000	No mitochondrial presequence	46(MPP)	-0.196		18-28-low	-	-	-	-	-	-	-	-	-	-	-	-	-	-	
synMTS_5_158_var1	0.002	No mitochondrial presequence	47(MPP)	-0.191	44-48	17-26-low	-	-	-	-	-	-	-	-	-	-	-	-	-	-	
synMTS_5_162_var1	0.005	No mitochondrial presequence	72(MPP)	-0.222		20-29-low	-	-	-	-	-	-	-	-	-	-	-	-	-	-	
synMTS_5_183_var1	0.002	No mitochondrial presequence	74(MPP)	-0.230		15-24-low	-	-	-	-	-	-	-	-	-	-	-	-	-	-	
synMTS_5_011_var1	0.000	No mitochondrial presequence	32(MPP)	-0.250		12-21-low	-	-	-	-	-	-	-	-	-	-	-	-	-	-	
synMTS_5_082_var1	0.001	No mitochondrial presequence	49(MPP)	-0.184	46-50	18-28-low	-	-	-	-	-	-	-	-	-	-	-	-	-	-	
synMTS_5_054_var1	0.000	No mitochondrial presequence	51(MPP)	-0.196		3-12-low	-	-	-	-	-	-	-	-	-	-	-	-	-	-	
synMTS_5_003_var1	0.000	No mitochondrial presequence	94(MPP)	-0.234		20-29-low	-	-	-	-	-	-	-	-	-	-	-	-	-	-	
synMTS_5_084_var1	0.003	No mitochondrial presequence	76(MPP)	-0.211	10-14	8-17-low	-	-	-	-	-	-	-	-	-	-	-	-	-	-	
synMTS_5_189_var1	0.000	No mitochondrial presequence	51(MPP)	-0.216		9-18-low	-	-	-	-	-	-	-	-	-	-	-	-	-	-	
synMTS_5_049_var1	0.002	No mitochondrial presequence	46(MPP)	-0.174		1-10-low	-	-	-	-	-	-	-	-	-	-	-	-	-	-	
synMTS_5_187_var1	0.000	No mitochondrial presequence	51(MPP)	-0.196		3-13-low	-	-	-	-	-	-	-	-	-	-	-	-	-	-	
synMTS_5_127_var1	0.002	No mitochondrial presequence	67(MPP)	-0.209		12-21-low	-	-	-	-	-	-	-	-	-	-	-	-	-	-	
synMTS_5_114_var1	0.006	No mitochondrial presequence	80(MPP)	-0.188		21-30-low	-	-	-	-	-	-	-	-	-	-	-	-	-	-	
synMTS_5_067_var1	0.001	No mitochondrial presequence	72(MPP)	-0.208	69-73	19-28-low	-	-	-	-	-	-	-	-	-	-	-	-	-	-	
synMTS_5_031_var1	0.001	No mitochondrial presequence	93(MPP)	-0.226		12-21-low	-	-	-	-	-	-	-	-	-	-	-	-	-	-	
synMTS_5_138_var1	0.001	No mitochondrial presequence	91(MPP)	-0.231		20-29-low	-	-	-	-	-	-	-	-	-	-	-	-	-	-	
synMTS_5_025_var1	0.022	No mitochondrial presequence	50(MPP)	-0.220		13-22-low	-	-	-	-	-	-	-	-	-	-	-	-	-	-	
synMTS_5_116_var1	0.000	No mitochondrial presequence	87(MPP)	-0.218	84-88	7-16-low	-	-	-	-	-	-	-	-	-	-	-	-	-	-	
synMTS_5_177_var1	0.001	No mitochondrial presequence	78(MPP), 79(Icp55)	-0.231		11-20-low	-	-	-	-	-	-	-	-	-	-	-	-	-	-	
synMTS_5_110_var1	0.001	No mitochondrial presequence	76(MPP)	-0.211	51-55,69-73,73-77	3-14-low	-	-	-	-	-	-	-	-	-	-	-	-	-	-	
synMTS_5_120_var1	0.001	No mitochondrial presequence	58(MPP)	-0.190		4-13-low	-	-	-	-	-	-	-	-	-	-	-	-	-	-	
synMTS_5_056_var1	0.001	No mitochondrial presequence	62(MPP)	-0.194	1-5	20-29-low	-	-	-	-	-	-	-	-	-	-	-	-	-	-	
synMTS_5_101_var1	0.001	No mitochondrial presequence	91(MPP)	-0.242		3-12-low	-	-	-	-	-	-	-	-	-	-	-	-	-	-	
synMTS_5_111_var1	0.000	No mitochondrial presequence	40(MPP)	-0.275		1-10-low	-	-	-	-	-	-	-	-	-	-	-	-	-	-	
synMTS_5_064_var1	0.002	No mitochondrial presequence	55(MPP)	-0.273		14-23-low	-	-	-	-	-	-	-	-	-	-	-	-	-	-	
synMTS_5_002_var1	0.002	No mitochondrial presequence	73(MPP)	-0.205		15-27-low	-	-	-	-	-	-	-	-	-	-	-	-	-	-	
synMTS_5_001_var1	0.005	No mitochondrial presequence	49(MPP)	-0.224	95-99	18-29-low	-	-	-	-	-	-	-	-	-	-	-	-	-	-	
synMTS_5_010_var1	0.010	No mitochondrial presequence	48(MPP)	-0.188	29-33	20-29-low	-	-	-	-	-	-	-	-	-	-	-	-	-	-	
synMTS_5_096_var1	0.006	No mitochondrial presequence	93(MPP)	-0.226	22-26,90-94	2-11-low	-	-	-	-	-	-	-	-	-	-	-	-	-	-	
synMTS_5_040_var1	0.000	No mitochondrial presequence	46(MPP)	-0.196		6-15-low	-	-	-	-	-	-	-	-	-	-	-	-	-	-	
synMTS_5_030_var1	0.001	No mitochondrial presequence	76(MPP)	-0.211		20-29-low	-	-	-	-	-	-	-	-	-	-	-	-	-	-	
synMTS_5_107_var1	0.001	No mitochondrial presequence	90(MPP)	-0.222	20-24,87-91	14-23-low	-	-	-	-	-	-	-	-	-	-	-	-	-	-	
synMTS_5_068_var1	0.006	No mitochondrial presequence	54(MPP)	-0.222		7-16-low	-	-	-	-	-	-	-	-	-	-	-	-	-	-	
synMTS_5_105_var1	0.000	No mitochondrial presequence	37(MPP)	-0.243		8-17-low	-	-	-	-	-	-	-	-	-	-	-	-	-	-	
synMTS_5_108_var1	0.000	No mitochondrial presequence	91(MPP)	-0.220		19-28-high	-	-	-	-	-	-	-	-	-	-	-	-	-	-	
synMTS_5_063_var1	0.001	No mitochondrial presequence	95(MPP)	-0.200	93-97	15-28-low	-	-	-	-	-	-	-	-	-	-	-	-	-	-	
synMTS_5_012_var1	0.008	No mitochondrial presequence	73(MPP)	-0.205		9-19-low	-	-	-	-	-	-	-	-	-	-	-	-	-	-	
synMTS_5_179_var1	0.004	No mitochondrial presequence	82(MPP)	-0.207		12-21-low	-	-	-	-	-	-	-	-	-	-	-	-	-	-	
synMTS_5_057_var1	0.004	No mitochondrial presequence	67(MPP)	-0.209		5-16-low	-	-	-	-	-	-	-	-	-	-	-	-	-	-	
synMTS_5_065_var1	0.001	No mitochondrial presequence	91(MPP)	-0.209	55-59,88-92	3-12-low	-	-	-	-	-	-	-	-	-	-	-	-	-	-	
synMTS_5_149_var1	0.003	No mitochondrial presequence	46(MPP)	-0.174		20-29-low	-	-	-	-	-	-	-	-	-	-	-	-	-	-	
synMTS_5_071_var1	0.000	No mitochondrial presequence	49(MPP)	-0.204	47-51	5-14-low	-	-	-	-	-	-	-	-	-	-	-	-	-	-	
synMTS_5_020_var1	0.007	No mitochondrial presequence	49(MPP)	-0.204		20-29-low	-	-	-	-	-	-	-	-	-	-	-	-	-	-	
synMTS_5_122_var1	0.003	No mitochondrial presequence	94(MPP)	-0.234		15-24-low	-	-	-	-	-	-	-	-	-	-	-	-	-	-	
synMTS_5_161_var1	0.000	No mitochondrial presequence	11(MPP)	-0.182		1-10-low	-	-	-	-	-	-	-	-	-	-	-	-	-	-	
synMTS_5_086_var1	0.009	No mitochondrial presequence	38(MPP)	-0.263		12-23-low	-	-	-	-	-	-	-	-	-	-	-	-	-	-	
synMTS_5_006_var1	0.001	No mitochondrial presequence	15(MPP)	-0.267		17-26-low	-	-	-	-	-	-	-	-	-	-	-	-	-	-	
synMTS_5_007_var1	0.001	No mitochondrial presequence	86(MPP)	-0.221	83-87	5-14-low	-	-	-	-	-	-	-	-	-	-	-	-	-	-	
synMTS_5_073_var1	0.000	No mitochondrial presequence	91(MPP)	-0.220		2-11-low	-	-	-	-	-	-	-	-	-	-	-	-	-	-	
synMTS_5_095_var1	0.000	No mitochondrial presequence	76(MPP)	-0.184		17-26-low	-	-	-	-	-	-	-	-	-	-	-	-	-	-	
synMTS_5_093_var1	0.003	No mitochondrial presequence	25(MPP)	-0.240		2-11-low	-	-	-	-	-	-	-	-	-	-	-	-	-	-	
synMTS_5_195_var1	0.002	No mitochondrial presequence	70(MPP)	-0.214		6-15-low	-	-	-	-	-	-	-	-	-	-	-	-	-	-	
synMTS_5_019_var1	0.001	No mitochondrial presequence	8(MPP), 9(Icp55)	-0.250		9-18-low	-	-	-	-	-	-	-	-	-	-	-	-	-	-	
synMTS_5_159_var1	0.003	No mitochondrial presequence	60(MPP)	-0.217	42-46,57-61	14-23-low	-	-	-	-	-	-	-	-	-	-	-	-	-	-	
synMTS_5_140_var1	0.001	No mitochondrial presequence	52(MPP)	-0.192	49-53	6-18-low	-	-	-	-	-	-	-	-	-	-	-	-	-	-	
synMTS_5_021_var1	0.004	No mitochondrial presequence	37(MPP)	-0.270	5-9	1-10-low	-	-	-	-	-	-	-	-	-	-	-	-	-	-	
synMTS_5_094_var1	0.002	No mitochondrial presequence	52(MPP)	-0.192	49-53	1-11-low	-	-	-	-	-	-	-	-	-	-	-	-	-	-	
synMTS_5_026_var1	0.006	No mitochondrial presequence	88(MPP)	-0.216	86-90	19-28-low	-	-	-	-	-	-	-	-	-	-	-	-	-	-	
synMTS_5_098_var1	0.001	No mitochondrial presequence	80(MPP)	-0.212		17-26-low	-	-	-	-	-	-	-	-	-	-	-	-	-	-	
synMTS_5_141_var1	0.001	No mitochondrial presequence	24(MPP)	-0.250		1-12-low	-	-	-	-	-	-	-	-	-	-	-	-	-	-	
synMTS_5_182_var1	0.030	No mitochondrial presequence	45(MPP)	-0.178	17-21	19-29-low	-	-	-	-	-	-	-	-	-	-	-	-	-	-	
synMTS_5_038_var1	0.000	No mitochondrial presequence	52(MPP)	-0.192	49-53	3-12-low	-	-	-	-	-	-	-	-	-	-	-	-	-	-	
synMTS_5_041_var1	0.000	No mitochondrial presequence	57(MPP)	-0.193	54-58	21-30-low	-	-	-	-	-	-	-	-	-	-	-	-	-	-	
synMTS_5_099_var1	0.000	No mitochondrial presequence	11(MPP)	-0.182		17-26-low	-	-	-	-	-	-	-	-	-	-	-	-	-	-	
synMTS_5_087_var1	0.000	No mitochondrial presequence	10(MPP)	-0.200	27-31	11-20-low	-	-	-	-	-	-	-	-	-	-	-	-	-	-	
synMTS_5_048_var1	0.000	No mitochondrial presequence	56(MPP)	-0.196		8-17-low	-	-	-	-	-	-	-	-	-	-	-	-	-	-	
synMTS_5_168_var1	0.000	No mitochondrial presequence	84(MPP)	-0.226		8-17-low	-	-	-	-	-	-	-	-	-	-	-	-	-	-	
synMTS_5_121_var1	0.000	No mitochondrial presequence	60(MPP)	-0.250		9-18-low	-	-	-	-	-	-	-	-	-	-	-	-	-	-	
synMTS_5_156_var1	0.000	No mitochondrial presequence	4(MPP)	-0.250		16-27-low	-	-	-	-	-	-	-	-	-	-	-	-	-	-	
synMTS_5_058_var1	0.002	No mitochondrial presequence	54(MPP)	-0.185		13-22-low	-	-	-	-	-	-	-	-	-	-	-	-	-	-	
synMTS_5_147_var1	0.000	No mitochondrial presequence	25(MPP)	-0.240	8-12	8-17-low	-	-	-	-	-	-	-	-	-	-	-	-	-	-	
synMTS_5_036_var1	0.002	No mitochondrial presequence	57(MPP), 58(Icp55)	-0.228		10-19-low	-	-	-	-	-	-	-	-	-	-	-	-	-	-	
synMTS_5_055_var1	0.007	No mitochondrial presequence	73(MPP)	-0.219		21-30-low	-	-	-	-	-	-	-	-	-	-	-	-	-	-	
synMTS_5_160_var1	0.003	No mitochondrial presequence	51(MPP)	-0.196		6-15-low	-	-	-	-	-	-	-	-	-	-	-	-	-	-	
synMTS_5_017_var1	0.005	No mitochondrial presequence	49(MPP)	-0.184		7-16-low	-	-	-	-	-	-	-	-	-	-	-	-	-	-	
synMTS_5_027_var1	0.035	No mitochondrial presequence	45(MPP)	-0.222		7-17-low	-	-	-	-	-	-	-	-	-	-	-	-	-	-	
synMTS_5_018_var1	0.001	No mitochondrial presequence	66(MPP)	-0.227	47-51	21-30-low	-	-	-	-	-	-	-	-	-	-	-	-	-	-	
synMTS_5_185_var1	0.006	No mitochondrial presequence	60(MPP)	-0.200	7-11,57-61	14-23-low	-	-	-	-	-	-	-	-	-	-	-	-	-	-	
synMTS_5_172_var1	0.002	No mitochondrial presequence	81(MPP)	-0.222		3-12-high	-	-	-	-	-	-	-	-	-	-	-	-	-	-	
synMTS_5_016_var1	0.003	No mitochondrial presequence	50(MPP)	-0.200		21-30-low	-	-	-	-	-	-	-	-	-	-	-	-	-	-	
synMTS_5_151_var1	0.000	No mitochondrial presequence	45(MPP)	-0.244		4-13-low	-	-	-	-	-	-	-	-	-	-	-	-	-	-	
synMTS_5_145_var1	0.001	No mitochondrial presequence	56(MPP)	-0.196	26-30,53-57	20-29-low	-	-	-	-	-	-	-	-	-	-	-	-	-	-	
synMTS_5_100_var1	0.000	No mitochondrial presequence	22(MPP)	-0.227		16-25-low	-	-	-	-	-	-	-	-	-	-	-	-	-	-	
synMTS_5_022_var1	0.005	No mitochondrial presequence	33(MPP)	-0.242		18-30-low	-	-	-	-	-	-	-	-	-	-	-	-	-	-	
synMTS_5_163_var1	0.002	No mitochondrial presequence	57(MPP)	-0.263		18-29-low	-	-	-	-	-	-	-	-	-	-	-	-	-	-	
synMTS_5_150_var1	0.008	No mitochondrial presequence	74(MPP)	-0.230		3-12-low	-	-	-	-	-	-	-	-	-	-	-	-	-	-	
synMTS_5_061_var1	0.001	No mitochondrial presequence	51(MPP)	-0.196	48-52	20-29-low	-	-	-	-	-	-	-	-	-	-	-	-	-	-	
synMTS_5_015_var1	0.002	No mitochondrial presequence	71(MPP)	-0.225	96-100	18-29-low	-	-	-	-	-	-	-	-	-	-	-	-	-	-	
synMTS_5_029_var1	0.025	No mitochondrial presequence	53(MPP)	-0.189	29-33	4-15-low	-	-	-	-	-	-	-	-	-	-	-	-	-	-	
synMTS_5_109_var1	0.003	No mitochondrial presequence	68(MPP)	-0.206	45-49	14-23-low	-	-	-	-	-	-	-	-	-	-	-	-	-	-	
synMTS_5_125_var1	0.000	No mitochondrial presequence	8(MPP)	-0.250		15-25-low	-	-	-	-	-	-	-	-	-	-	-	-	-	-	
synMTS_5_085_var1	0.010	No mitochondrial presequence	62(MPP)	-0.194	59-63	21-30-low	-	-	-	-	-	-	-	-	-	-	-	-	-	-	
synMTS_5_133_var1	0.003	No mitochondrial presequence	37(MPP)	-0.243		20-29-low	-	-	-	-	-	-	-	-	-	-	-	-	-	-	
synMTS_5_131_var1	0.006	No mitochondrial presequence	60(MPP)	-0.200	43-47	9-18-low	-	-	-	-	-	-	-	-	-	-	-	-	-	-	
synMTS_5_076_var1	0.001	No mitochondrial presequence	94(MPP)	-0.213	69-73,91-95	13-30-low	-	-	-	-	-	-	-	-	-	-	-	-	-	-	
synMTS_5_079_var1	0.000	No mitochondrial presequence	47(MPP)	-0.191	44-48	16-25-low	-	-	-	-	-	-	-	-	-	-	-	-	-	-	
synMTS_5_113_var1	0.011	No mitochondrial presequence	78(MPP)	-0.231		21-30-low	-	-	-	-	-	-	-	-	-	-	-	-	-	-	
synMTS_5_154_var1	0.000	No mitochondrial presequence	56(MPP)	-0.214		15-24-low	-	-	-	-	-	-	-	-	-	-	-	-	-	-	
synMTS_5_173_var1	0.004	No mitochondrial presequence	78(MPP)	-0.218	75-79	17-27-low	-	-	-	-	-	-	-	-	-	-	-	-	-	-	
synMTS_5_042_var1	0.000	No mitochondrial presequence	26(MPP)	-0.231		13-22-low	-	-	-	-	-	-	-	-	-	-	-	-	-	-	
synMTS_5_165_var1	0.003	No mitochondrial presequence	46(MPP)	-0.196	43-47	6-15-low	-	-	-	-	-	-	-	-	-	-	-	-	-	-	
synMTS_5_080_var1	0.002	No mitochondrial presequence	50(MPP)	-0.220	22-26	20-29-high	-	-	-	-	-	-	-	-	-	-	-	-	-	-	
synMTS_6_140_var1	0.078	No mitochondrial presequence	70(MPP)	0.071	49-53,54-58,67-71	10-19-high	-	-	-	-	-	-	-	-	-	-	-	-	-	-	
synMTS_6_061_var1	0.127	No mitochondrial presequence	53(MPP)	0.057	23-27,50-54,67-71,81-85	3-14-low	-	-	-	-	-	-	-	-	-	-	-	-	-	-	
synMTS_6_038_var1	0.001	No mitochondrial presequence	44(MPP)	-0.023	13-17,26-30,33-37,36-40	16-25-low	-	-	-	-	-	-	-	-	-	-	-	-	-	-	
synMTS_6_015_var1	0.133	No mitochondrial presequence	16(MPP)	0.188		9-18-high	-	-	-	-	-	-	-	-	-	-	-	-	-	-	
synMTS_6_042_var1	0.101	No mitochondrial presequence	46(MPP)	-0.022	72-76,89-93	8-17-low	-	-	-	-	-	-	11-16	-	-	18-23	-	-	-	10-15	
synMTS_6_141_var1	0.020	No mitochondrial presequence	6(MPP)	0.167	27-31,31-35,51-55,91-95	17-30-low	-	-	-	-	-	-	-	-	-	-	-	-	-	-	
synMTS_6_085_var1	0.098	No mitochondrial presequence	22(MPP)	0.045	4-8,69-73,90-94	3-12-high	-	-	20-25	-	-	-	-	-	-	-	-	-	-	-	
synMTS_6_154_var1	0.059	No mitochondrial presequence	39(MPP)	0.077	27-31,36-40,47-51	3-12-low	-	-	-	-	-	-	-	-	-	-	-	-	-	-	
synMTS_6_014_var1	0.021	No mitochondrial presequence	10(MPP)	0.000	7-11	16-25-high	-	-	-	-	-	-	-	-	-	-	-	-	-	-	
synMTS_6_168_var1	0.261	No mitochondrial presequence	11(MPP)	0.091	2-6,28-32,51-55,89-93	13-22-low	-	-	-	-	-	-	-	-	-	-	-	-	-	-	
synMTS_6_055_var1	0.022	No mitochondrial presequence	32(MPP)	-0.031	76-80,79-83	10-19-low	-	-	-	-	-	-	-	-	-	-	-	-	-	-	
synMTS_6_068_var1	0.001	No mitochondrial presequence	44(MPP)	0.023	33-37	2-11-low	-	-	-	-	-	-	-	-	-	-	-	-	-	-	
synMTS_6_098_var1	0.044	No mitochondrial presequence	41(MPP)	0.049	13-17,20-24,34-38,38-42,79-83	13-22-high	-	-	-	-	-	-	-	-	-	-	-	-	-	-	
synMTS_6_071_var1	0.039	No mitochondrial presequence	76(MPP)	0.053	58-62,74-78,78-82,94-98	8-19-low	-	-	-	-	-	-	-	-	-	-	-	-	-	-	
synMTS_6_111_var1	0.010	No mitochondrial presequence	52(MPP)	0.019	26-30,36-40	16-25-low	-	-	-	-	-	-	-	-	-	-	-	-	-	-	
synMTS_6_045_var1	0.002	No mitochondrial presequence	61(MPP)	-0.033		9-18-low	-	-	-	-	-	-	-	-	-	-	-	-	-	-	
synMTS_6_008_var1	0.019	No mitochondrial presequence	68(MPP)	0.044	56-60	16-25-low	-	-	-	-	-	-	-	-	-	-	-	-	-	-	
synMTS_6_193_var1	0.011	No mitochondrial presequence	67(MPP)	-0.015	23-27	17-26-high	-	-	-	-	-	-	-	-	-	-	-	-	-	-	
synMTS_6_174_var1	0.031	No mitochondrial presequence	68(MPP)	0.029	22-26,26-30,61-65	21-30-high	-	-	-	-	-	-	-	-	1-6	-	-	-	-	-	
synMTS_6_143_var1	0.000	No mitochondrial presequence	38(MPP)	-0.053	52-56	1-10-low	-	-	-	-	-	-	-	-	-	-	-	-	-	-	
synMTS_6_137_var1	0.001	No mitochondrial presequence	43(MPP)	-0.023	15-19,40-44	18-27-low	-	-	-	-	-	-	-	-	-	-	-	-	-	-	
synMTS_6_198_var1	0.019	No mitochondrial presequence	11(MPP)	0.000	20-24,44-48,48-52,51-55	16-25-low	-	-	-	-	-	-	-	-	-	-	-	-	-	-	
synMTS_6_105_var1	0.001	No mitochondrial presequence	74(MPP)	0.000	33-37,66-70	21-30-low	-	-	-	-	-	-	-	-	-	-	-	-	-	-	
synMTS_6_060_var1	0.084	No mitochondrial presequence	29(MPP)	-0.069	43-47,47-51	11-20-low	-	-	-	-	-	-	-	-	-	-	-	-	-	-	
synMTS_6_190_var1	0.201	No mitochondrial presequence	15(MPP)	0.067	2-6,52-56,65-69	18-28-high	-	-	-	-	-	-	-	-	-	-	-	-	-	-	
synMTS_6_150_var1	0.022	No mitochondrial presequence	31(MPP)	0.129		15-24-low	-	-	-	-	-	-	-	-	-	-	-	-	-	-	
synMTS_6_157_var1	0.139	No mitochondrial presequence	18(MPP)	0.111		13-22-high	-	-	-	-	-	-	-	15-20	-	-	-	-	-	14-19	
synMTS_6_166_var1	0.014	No mitochondrial presequence	13(MPP)	0.231	43-47	20-29-low	-	-	-	-	-	-	-	-	-	-	-	-	-	-	
synMTS_6_030_var1	0.043	No mitochondrial presequence	25(MPP)	-0.040	27-31,44-48,52-56	21-30-high	-	-	-	-	-	-	-	-	-	-	-	-	-	-	
synMTS_6_188_var1	0.040	No mitochondrial presequence	24(MPP)	-0.083	10-14,68-72	10-20-low	-	-	-	-	-	-	-	-	8-13	-	-	-	-	-	
synMTS_6_034_var1	0.039	No mitochondrial presequence	59(MPP)	-0.068	67-71	19-28-high	-	-	-	-	-	-	-	20-25	-	-	-	-	-	19-24	
synMTS_6_116_var1	0.013	No mitochondrial presequence	73(MPP)	-0.041	62-66	19-28-low	-	-	-	-	-	-	-	-	-	-	-	-	-	-	
synMTS_6_057_var1	0.002	No mitochondrial presequence	27(MPP)	-0.037	10-14,24-28	17-26-low	-	-	-	-	-	-	-	-	-	-	-	-	-	-	
synMTS_6_010_var1	0.110	No mitochondrial presequence	27(MPP)	0.074	11-15,81-85	15-24-high	-	-	-	-	-	-	-	-	14-19	-	-	-	-	-	
synMTS_6_003_var1	0.044	No mitochondrial presequence	44(MPP)	-0.045	3-7	2-11-high	-	-	-	-	-	-	-	-	-	-	-	-	-	-	
synMTS_6_119_var1	0.143	No mitochondrial presequence	51(MPP)	0.020	15-19	7-19-high	-	-	-	-	-	-	-	-	-	-	-	-	-	-	
synMTS_6_175_var1	0.216	No mitochondrial presequence	46(MPP)	0.130	5-9	1-11-high	-	-	-	-	-	-	-	-	-	-	-	-	5-10	-	
synMTS_6_152_var1	0.031	No mitochondrial presequence	59(MPP)	0.000		1-10-low	-	-	-	-	-	-	-	4-9	16-21	-	-	-	-	-	
synMTS_6_180_var1	0.239	No mitochondrial presequence	9(MPP)	0.222	3-7,6-10,19-23,22-26	19-28-high	-	-	-	-	-	-	-	-	-	-	-	-	-	-	
synMTS_6_106_var1	0.047	No mitochondrial presequence	53(MPP)	-0.019	78-82,85-89	4-13-low	-	-	-	-	-	-	-	-	-	-	-	-	-	-	
synMTS_6_117_var1	0.010	No mitochondrial presequence	56(MPP)	0.018	9-13,48-52	1-12-low	-	-	-	-	-	-	-	-	-	-	-	-	-	-	
synMTS_6_200_var1	0.076	No mitochondrial presequence	21(MPP)	0.048	62-66,65-69	21-30-low	-	4-9	-	-	-	2-7	-	-	-	1-6	-	-	-	-	
synMTS_6_120_var1	0.041	No mitochondrial presequence	49(MPP)	0.061	11-15,22-26,32-36	11-22-high	-	-	-	-	-	-	-	-	-	-	-	-	-	-	
synMTS_6_087_var1	0.030	No mitochondrial presequence	32(MPP)	-0.031	6-10,15-19,59-63	2-12-low	-	-	-	-	-	-	-	-	-	-	-	-	-	-	
synMTS_6_028_var1	0.102	No mitochondrial presequence	9(MPP)	0.000	14-18	16-25-low	-	-	-	-	-	-	-	-	-	-	-	-	-	-	
synMTS_6_167_var1	0.008	No mitochondrial presequence	37(MPP)	-0.054	34-38	20-29-low	-	-	-	-	-	-	-	-	-	-	-	-	-	-	
synMTS_6_162_var1	0.032	No mitochondrial presequence	40(MPP)	-0.125	2-6,94-98	20-29-low	-	-	-	-	-	-	-	-	-	-	-	-	-	-	
synMTS_6_047_var1	0.024	No mitochondrial presequence	44(MPP)	-0.023	15-19	6-15-low	-	-	-	-	-	-	-	-	-	-	-	-	-	-	
synMTS_6_084_var1	0.002	No mitochondrial presequence	51(MPP), 52(Icp55)	-0.039	48-52	2-15-low	-	-	-	-	-	-	-	-	-	-	-	-	-	-	
synMTS_6_066_var1	0.068	No mitochondrial presequence	21(MPP)	0.143	10-14,47-51	5-14-high	-	-	-	-	-	-	-	-	-	-	-	9-14	-	-	
synMTS_6_130_var1	0.050	No mitochondrial presequence	25(MPP)	0.080	59-63	18-27-high	-	-	-	-	-	-	-	-	-	-	-	-	-	-	
synMTS_6_181_var1	0.012	No mitochondrial presequence	57(MPP)	-0.035		21-30-low	-	-	-	-	-	-	-	-	-	-	-	-	-	-	
synMTS_6_173_var1	0.008	No mitochondrial presequence	43(MPP)	-0.070	33-37,41-45,60-64,96-100	21-30-low	-	-	-	-	-	-	21-26	-	-	20-25	-	-	-	-	
synMTS_6_153_var1	0.007	No mitochondrial presequence	39(MPP)	0.000	31-35,45-49	15-24-high	-	-	-	-	-	-	-	-	-	-	-	-	-	-	
synMTS_6_176_var1	0.015	No mitochondrial presequence	26(MPP)	0.000	19-23,43-47,79-83,87-91,96-100	18-27-high	-	-	-	-	-	-	-	-	-	-	-	-	-	-	
synMTS_6_056_var1	0.070	No mitochondrial presequence	14(MPP)	0.071		7-16-low	-	-	-	-	-	-	-	-	-	-	-	-	-	-	
synMTS_6_146_var1	0.001	No mitochondrial presequence	19(MPP)	-0.105	40-44,71-75,77-81,80-84,88-92	7-16-low	-	-	-	-	-	-	-	-	-	-	-	-	-	-	
synMTS_6_094_var1	0.008	No mitochondrial presequence	31(MPP)	-0.032	8-12,32-36,36-40,39-43,54-58,75-79	19-28-low	-	-	-	-	-	-	-	-	-	-	-	-	-	-	
synMTS_6_179_var1	0.585	Possessing mitochondrial presequence	9(MPP)	0.222	16-20	16-27-high	-	-	-	-	-	-	-	-	-	-	-	-	-	-	
synMTS_6_163_var1	0.079	No mitochondrial presequence	15(MPP)	0.200	12-16	21-30-low	-	-	-	-	12-17	-	-	-	-	-	-	-	-	-	
synMTS_6_102_var1	0.017	No mitochondrial presequence	24(MPP)	0.042	81-85	8-17-low	-	-	-	-	-	-	-	-	-	-	-	-	-	-	
synMTS_6_013_var1	0.024	No mitochondrial presequence	21(MPP)	-0.143	70-74	6-16-low	-	-	-	-	-	-	-	-	-	-	-	-	-	-	
synMTS_6_127_var1	0.015	No mitochondrial presequence	46(MPP)	-0.065	15-19,31-35	10-19-low	-	-	-	-	-	-	-	-	-	-	-	-	-	-	
synMTS_6_012_var1	0.008	No mitochondrial presequence	34(MPP)	-0.059	22-26	21-30-low	-	-	-	-	-	-	-	-	-	-	-	-	-	-	
synMTS_6_194_var1	0.017	No mitochondrial presequence	35(MPP)	-0.057	59-63,77-81	6-15-low	-	-	-	-	-	-	-	-	-	-	-	-	-	-	
synMTS_6_158_var1	0.070	No mitochondrial presequence	9(MPP)	0.000	31-35	14-25-low	-	8-13	-	-	-	6-11	-	-	-	5-10	-	-	-	-	
synMTS_6_170_var1	0.058	No mitochondrial presequence	26(MPP)	0.077	11-15	7-16-low	-	-	-	-	-	-	-	-	-	-	-	-	-	-	
synMTS_6_072_var1	0.101	No mitochondrial presequence	55(MPP)	-0.091	24-28	13-22-high	-	-	-	-	-	-	-	-	22-27	-	-	-	-	-	
synMTS_6_040_var1	0.022	No mitochondrial presequence	19(MPP), 20(Icp55)	0.000	3-7	17-28-low	-	-	-	-	-	-	-	-	-	-	-	-	-	-	
synMTS_6_134_var1	0.018	No mitochondrial presequence	42(MPP)	0.000	26-30,35-39,39-43,96-100	21-30-high	-	-	-	-	-	-	-	-	-	-	-	-	-	-	
synMTS_6_148_var1	0.011	No mitochondrial presequence	43(MPP)	0.047	12-16,20-24,36-40,54-58,74-78,85-89	16-27-low	-	-	-	-	-	-	-	-	-	-	-	-	-	-	
synMTS_6_064_var1	0.012	No mitochondrial presequence	66(MPP)	0.045	36-40,41-45	11-22-low	-	-	-	-	-	-	-	-	-	-	-	-	-	-	
synMTS_6_104_var1	0.014	No mitochondrial presequence	92(MPP)	-0.022	34-38,46-50,75-79,85-89	20-29-low	-	-	-	-	-	-	-	-	-	-	-	-	-	-	
synMTS_6_192_var1	0.016	No mitochondrial presequence	69(MPP)	-0.014	56-60,61-65,67-71	12-21-high	-	-	-	-	-	-	-	-	-	-	-	-	-	-	
synMTS_6_081_var1	0.527	Possessing mitochondrial presequence	23(MPP)	0.217	51-55	15-24-high	-	-	-	-	-	-	-	-	-	-	-	-	-	-	
synMTS_6_078_var1	0.180	No mitochondrial presequence	77(MPP), 78(Icp55)	0.078	20-24,31-35,78-82	19-28-high	-	-	-	-	-	24-29	-	-	-	23-28	-	-	-	-	
synMTS_6_082_var1	0.189	No mitochondrial presequence	25(MPP)	0.040	13-17,41-45,69-73,73-77	6-15-low	-	-	-	-	-	-	-	-	-	-	-	-	-	-	
synMTS_6_135_var1	0.010	No mitochondrial presequence	49(MPP)	-0.061	41-45,56-60	14-23-low	-	-	-	-	-	-	-	-	-	-	-	-	-	-	
synMTS_6_189_var1	0.013	No mitochondrial presequence	29(MPP)	-0.103	2-6,67-71,73-77	18-29-low	-	-	-	-	-	-	-	-	-	-	-	-	-	-	
synMTS_6_164_var1	0.508	Possessing mitochondrial presequence	40(MPP)	0.125	6-10,9-13	9-18-high	-	-	-	-	-	-	-	-	-	-	-	-	-	-	
synMTS_6_128_var1	0.003	No mitochondrial presequence	76(MPP)	-0.026		11-20-high	-	-	-	-	-	-	-	-	-	-	-	-	-	-	
synMTS_6_067_var1	0.020	No mitochondrial presequence	64(MPP)	-0.016	27-31,74-78	7-16-low	-	-	-	-	-	-	-	-	-	-	-	-	-	-	
synMTS_6_059_var1	0.020	No mitochondrial presequence	32(MPP)	0.031	63-67,80-84	2-11-low	-	-	-	-	-	-	-	-	-	-	-	-	-	-	
synMTS_6_142_var1	0.006	No mitochondrial presequence	16(MPP)	0.000	36-40	19-28-low	-	-	-	-	-	-	-	-	-	-	-	-	-	-	
synMTS_6_191_var1	0.021	No mitochondrial presequence	19(MPP)	0.105	16-20,57-61	12-21-high	-	-	-	-	-	-	-	-	-	-	-	-	-	-	
synMTS_6_151_var1	0.012	No mitochondrial presequence	8(MPP)	0.250	53-57	13-22-low	-	-	-	-	-	-	-	-	-	-	-	-	-	-	
synMTS_6_052_var1	0.062	No mitochondrial presequence	12(MPP)	0.167	51-55,86-90,89-93	10-19-low	-	-	-	-	-	-	-	-	-	-	-	-	-	-	
synMTS_6_114_var1	0.246	No mitochondrial presequence	23(MPP), 31(Oct1)	0.043	67-71	21-30-high	-	-	-	-	-	17-22	-	-	-	16-21	-	-	-	-	
synMTS_6_199_var1	0.045	No mitochondrial presequence	29(MPP)	0.000	16-20,26-30	3-14-low	-	-	-	-	-	-	-	-	-	-	-	-	-	-	
synMTS_6_187_var1	0.007	No mitochondrial presequence	7(MPP)	0.143	94-98	10-19-low	-	-	-	-	-	-	-	-	-	-	-	-	-	-	
synMTS_6_051_var1	0.029	No mitochondrial presequence	52(MPP)	0.038	22-26,49-53	17-26-low	-	-	-	-	-	-	-	-	-	-	-	-	-	-	
synMTS_6_183_var1	0.099	No mitochondrial presequence	46(MPP)	-0.065	5-9	18-27-high	-	-	-	-	-	-	-	-	-	-	-	-	-	-	
synMTS_6_024_var1	0.017	No mitochondrial presequence	42(MPP)	-0.119	3-7,31-35,96-100	2-11-low	-	-	-	-	-	-	-	-	-	-	-	2-7	-	-	
synMTS_6_101_var1	0.025	No mitochondrial presequence	30(MPP)	-0.067	27-31,64-68	20-29-low	-	-	-	-	-	-	-	-	-	-	-	-	-	-	
synMTS_6_177_var1	0.026	No mitochondrial presequence	45(MPP)	0.000		17-26-low	-	-	-	-	-	-	-	-	-	-	-	-	-	-	
synMTS_6_161_var1	0.169	No mitochondrial presequence	12(MPP)	-0.083	20-24,39-43,74-78	20-29-high	-	-	-	-	-	23-28	-	-	18-23	-	17-22	-	-	-	
synMTS_6_046_var1	0.015	No mitochondrial presequence	54(MPP)	0.056	51-55,59-63,66-70,93-97	6-15-low	-	-	-	-	-	-	-	-	-	-	-	-	-	-	
synMTS_6_023_var1	0.007	No mitochondrial presequence	59(MPP)	-0.119	49-53	2-11-low	-	-	-	-	-	-	-	-	-	-	-	-	-	-	
synMTS_6_112_var1	0.052	No mitochondrial presequence	95(MPP)	0.095	9-13,54-58,60-64,93-97	5-14-high	-	-	-	-	-	-	4-9	-	-	3-8	-	-	-	-	
synMTS_6_109_var1	0.020	No mitochondrial presequence	39(MPP)	-0.026		15-26-low	-	-	-	-	-	-	-	-	-	-	-	-	-	-	
synMTS_6_185_var1	0.082	No mitochondrial presequence	29(MPP)	0.138	16-20,26-30,55-59	15-24-high	-	-	-	-	-	-	-	-	-	-	-	-	-	-	
synMTS_6_090_var1	0.625	Possessing mitochondrial presequence	14(MPP)	0.214	16-20,73-77	10-19-high	-	-	-	-	-	-	-	-	-	-	-	-	-	-	
synMTS_6_195_var1	0.011	No mitochondrial presequence	48(MPP)	-0.062	12-16	21-30-low	-	-	-	-	12-17	-	-	-	-	-	-	-	-	-	
synMTS_6_021_var1	0.052	No mitochondrial presequence	22(MPP)	-0.091	22-26	8-17-low	-	-	-	-	-	-	-	-	-	-	-	-	-	-	
synMTS_6_136_var1	0.036	No mitochondrial presequence	12(MPP)	0.000	9-13,14-18,42-46	13-22-high	-	-	-	-	-	-	-	-	-	-	-	-	-	-	
synMTS_6_031_var1	0.035	No mitochondrial presequence	19(MPP)	0.053	13-17	20-29-high	-	-	-	-	-	-	-	-	-	-	-	12-17	-	-	
synMTS_6_144_var1	0.112	No mitochondrial presequence	23(MPP)	-0.130	21-25,24-28,45-49,56-60,79-83	16-25-high	-	-	25-30	-	24-29	-	-	-	-	-	-	-	-	-	
synMTS_6_086_var1	0.006	No mitochondrial presequence	43(MPP)	-0.047	2-6	1-10-high	-	-	-	-	-	-	-	-	-	-	-	-	-	-	
synMTS_6_074_var1	0.043	No mitochondrial presequence	24(MPP)	0.042	35-39	21-30-low	-	-	-	-	-	-	-	-	-	-	-	-	-	-	
synMTS_6_054_var1	0.169	No mitochondrial presequence	15(MPP)	0.200	41-45	3-12-high	-	-	-	-	-	-	-	-	-	21-26	-	-	-	-	
synMTS_6_001_var1	0.017	No mitochondrial presequence	18(MPP)	-0.111		16-25-low	-	-	-	-	-	-	-	-	-	-	-	-	-	-	
synMTS_6_041_var1	0.018	No mitochondrial presequence	30(MPP)	0.067	39-43	9-18-low	-	-	-	-	-	-	-	-	-	-	-	-	-	-	
synMTS_6_080_var1	0.002	No mitochondrial presequence	53(MPP)	-0.113	62-66,77-81	2-11-high	-	-	-	-	-	-	-	-	-	-	-	-	-	-	
synMTS_6_133_var1	0.601	Possessing mitochondrial presequence	32(MPP)	0.125	45-49,92-96,95-99	7-16-high	-	-	-	-	-	-	-	-	-	-	-	-	-	-	
synMTS_6_077_var1	0.151	No mitochondrial presequence	14(MPP)	0.071	16-20,36-40,64-68	1-10-high	-	-	-	-	-	-	-	-	-	-	-	-	-	-	
synMTS_6_037_var1	0.010	No mitochondrial presequence	38(MPP)	0.079		18-27-low	-	-	-	-	-	-	-	-	-	-	-	-	-	-	
synMTS_6_088_var1	0.063	No mitochondrial presequence	47(MPP)	0.106	14-18	18-27-low	-	-	-	-	-	-	-	-	-	-	-	-	-	-	
synMTS_6_182_var1	0.028	No mitochondrial presequence	45(MPP)	0.067		8-17-low	-	-	-	-	-	-	-	-	-	-	-	-	-	-	
synMTS_6_070_var1	0.603	Possessing mitochondrial presequence	43(MPP)	0.093		19-30-high	-	-	-	-	-	-	-	-	-	-	-	-	-	-	
synMTS_6_089_var1	0.012	No mitochondrial presequence	24(MPP)	-0.083	48-52,69-73	10-19-low	-	-	-	-	-	-	-	-	-	-	-	-	-	-	
synMTS_6_007_var1	0.002	No mitochondrial presequence	94(MPP)	-0.053		18-27-low	-	-	-	-	-	-	-	-	-	-	-	-	-	-	
synMTS_6_009_var1	0.043	No mitochondrial presequence	46(MPP)	0.022		6-15-low	-	-	-	-	-	-	-	16-21	-	15-20	-	-	-	-	
synMTS_6_108_var1	0.004	No mitochondrial presequence	44(MPP)	-0.068	36-40,41-45,44-48,54-58	20-30-low	-	-	-	-	-	-	-	-	-	-	-	-	-	-	
synMTS_6_132_var1	0.028	No mitochondrial presequence	33(MPP)	0.000	30-34,34-38	7-16-low	-	-	-	-	-	-	-	-	-	-	-	-	-	-	
synMTS_6_159_var1	0.006	No mitochondrial presequence	42(MPP)	-0.048	39-43,74-78,91-95	16-27-low	-	-	-	-	-	-	-	-	-	-	-	-	-	-	
synMTS_6_145_var1	0.036	No mitochondrial presequence	28(MPP)	-0.071	69-73	17-26-low	-	-	-	-	-	-	18-23	-	-	-	-	-	-	17-22	
synMTS_6_058_var1	0.002	No mitochondrial presequence	42(MPP)	-0.119		19-28-low	-	-	-	-	-	-	-	-	-	-	-	-	-	-	
synMTS_6_096_var1	0.011	No mitochondrial presequence	8(MPP), 9(Icp55)	0.250		1-10-high	-	-	-	-	-	-	-	-	-	-	-	-	-	-	
synMTS_6_122_var1	0.030	No mitochondrial presequence	64(MPP)	-0.078	58-62	3-12-high	-	-	-	-	-	-	-	-	-	-	-	-	-	-	
synMTS_6_125_var1	0.003	No mitochondrial presequence	15(MPP)	-0.133	19-23,52-56,55-59	17-26-low	-	-	-	-	-	-	-	-	-	-	-	-	-	-	
synMTS_6_025_var1	0.010	No mitochondrial presequence	49(MPP)	0.041	2-6,36-40,55-59,75-79,81-85	2-14-low	-	-	-	-	-	-	-	-	-	-	-	-	-	-	
synMTS_6_099_var1	0.008	No mitochondrial presequence	25(MPP)	-0.040	4-8	18-27-high	-	-	-	-	-	-	-	-	-	-	-	-	-	-	
synMTS_6_139_var1	0.022	No mitochondrial presequence	51(MPP)	0.020	3-7	8-17-low	-	-	-	-	-	13-18	-	-	-	12-17	-	-	-	-	
synMTS_6_147_var1	0.315	No mitochondrial presequence	15(MPP)	0.200	4-8,7-11,24-28,95-99	2-11-high	-	-	-	-	4-9	-	-	-	-	-	-	-	-	-	
synMTS_6_115_var1	0.015	No mitochondrial presequence	22(MPP)	0.045	35-39	12-21-low	-	-	-	-	-	-	-	-	-	-	-	-	-	-	
synMTS_6_043_var1	0.010	No mitochondrial presequence	44(MPP)	0.000	38-42	21-30-low	-	-	-	-	-	-	-	-	-	-	-	-	-	-	
synMTS_6_165_var1	0.017	No mitochondrial presequence	23(MPP)	0.043	20-24,26-30,30-34,48-52,51-55,84-88	1-10-low	-	-	-	-	-	-	-	-	-	-	-	-	-	-	
synMTS_6_169_var1	0.034	No mitochondrial presequence	57(MPP)	0.035	17-21,74-78,83-87	10-21-low	-	-	-	-	-	-	-	-	-	-	-	-	-	-	
synMTS_6_095_var1	0.003	No mitochondrial presequence	41(MPP)	0.049	47-51,61-65	21-30-low	-	-	-	-	-	-	-	-	-	-	-	-	-	-	
synMTS_6_149_var1	0.015	No mitochondrial presequence	56(MPP)	-0.071	14-18,39-43	14-23-low	-	-	-	3-8	-	-	-	-	-	-	-	-	-	-	
synMTS_6_123_var1	0.010	No mitochondrial presequence	34(MPP), 35(Icp55)	0.059		21-30-high	-	-	-	-	-	-	-	-	-	-	-	-	-	-	
synMTS_6_113_var1	0.021	No mitochondrial presequence	7(MPP)	0.143	4-8,19-23,86-90	8-20-low	-	-	-	-	-	-	-	-	-	-	-	-	-	-	
synMTS_6_126_var1	0.009	No mitochondrial presequence	63(MPP)	-0.063	60-64	4-13-low	-	-	-	-	-	-	-	-	-	-	-	-	-	-	
synMTS_6_156_var1	0.044	No mitochondrial presequence	28(MPP)	0.107	25-29,29-33	2-11-low	-	-	-	-	-	-	21-26	-	-	-	-	-	-	20-25	
synMTS_6_171_var1	0.265	No mitochondrial presequence	59(MPP)	0.085	9-13	8-17-high	-	-	-	-	-	-	-	-	-	-	-	-	-	-	
synMTS_6_044_var1	0.026	No mitochondrial presequence	41(MPP)	-0.049	39-43,60-64,85-89	13-22-high	-	-	-	-	-	-	-	-	-	-	-	-	-	-	
synMTS_6_065_var1	0.012	No mitochondrial presequence	17(MPP)	-0.118		4-13-low	-	-	-	-	-	-	-	-	-	-	-	-	-	-	
synMTS_6_103_var1	0.501	Possessing mitochondrial presequence	60(MPP)	0.217	7-11	20-29-high	-	-	-	-	-	-	-	-	-	-	-	-	-	-	
synMTS_6_049_var1	0.152	No mitochondrial presequence	14(MPP)	0.214	8-12,11-15,86-90	4-13-high	-	-	-	-	8-13	-	-	-	-	-	-	-	-	-	
synMTS_6_062_var1	0.079	No mitochondrial presequence	8(MPP)	0.000	61-65,91-95	19-28-low	-	-	-	-	-	-	-	-	-	-	-	-	-	-	
synMTS_6_017_var1	0.002	No mitochondrial presequence	44(MPP)	-0.068	41-45,49-53,52-56,56-60,73-77	6-19-low	-	-	-	-	-	-	-	-	-	-	-	-	-	-	
synMTS_6_083_var1	0.003	No mitochondrial presequence	43(MPP)	0.000	32-36,73-77	10-19-low	-	12-17	-	-	-	-	-	-	-	-	-	-	-	-	
synMTS_6_178_var1	0.059	No mitochondrial presequence	59(MPP)	-0.017	76-80	18-27-low	-	25-30	-	-	-	23-28	-	-	-	22-27	-	-	-	-	
synMTS_6_029_var1	0.026	No mitochondrial presequence	27(MPP)	0.000	80-84	8-17-low	-	-	-	-	-	-	-	-	-	-	-	-	-	-	
synMTS_6_019_var1	0.001	No mitochondrial presequence	72(MPP)	-0.014		3-12-low	-	-	-	-	-	-	-	-	-	-	-	-	-	-	
synMTS_6_039_var1	0.007	No mitochondrial presequence	17(MPP)	-0.059		6-15-low	-	-	-	-	-	-	-	-	-	-	-	-	-	-	
synMTS_6_184_var1	0.030	No mitochondrial presequence	51(MPP), 52(Icp55)	-0.059	6-10,32-36,66-70	15-24-low	-	-	-	-	-	-	-	-	-	-	-	-	-	-	
synMTS_6_138_var1	0.079	No mitochondrial presequence	38(MPP)	0.079	1-5	19-29-low	-	-	-	-	-	-	-	-	-	-	-	-	-	-	
synMTS_6_026_var1	0.473	Possessing mitochondrial presequence	13(MPP)	0.231	2-6,53-57,58-62	2-12-high	-	-	-	-	-	10-15	-	-	-	-	-	-	-	9-14	
synMTS_6_131_var1	0.024	No mitochondrial presequence	50(MPP)	-0.080	8-12,56-60,60-64,69-73	12-21-low	-	-	-	-	-	-	-	-	-	-	-	-	-	-	
synMTS_6_050_var1	0.174	No mitochondrial presequence	66(MPP), 67(Icp55)	0.152	8-12,20-24,29-33,45-49,49-53,57-61	2-11-high	-	-	-	-	-	-	24-29	-	-	23-28	-	-	-	-	
synMTS_6_093_var1	0.055	No mitochondrial presequence	27(MPP)	0.148	12-16,24-28,65-69,90-94	9-18-low	-	-	-	-	-	-	-	-	-	-	-	11-16	-	-	
synMTS_6_091_var1	0.001	No mitochondrial presequence	33(MPP)	-0.121		9-18-low	-	-	-	-	-	-	-	-	-	-	-	-	-	-	
synMTS_6_020_var1	0.004	No mitochondrial presequence	46(MPP)	-0.065	43-47	2-11-low	-	-	-	-	-	-	-	-	-	-	-	-	-	-	
synMTS_6_092_var1	0.163	No mitochondrial presequence	19(MPP)	0.105	9-13,16-20,35-39,80-84	11-20-high	-	-	-	-	-	-	-	-	-	-	-	-	-	-	
synMTS_6_036_var1	0.094	No mitochondrial presequence	17(MPP)	0.118	14-18,47-51,57-61,61-65,95-99	16-25-low	-	-	-	-	-	-	-	-	-	-	-	-	-	-	
synMTS_6_110_var1	0.013	No mitochondrial presequence	53(MPP), 54(Icp55)	0.019	31-35,50-54,96-100	15-25-low	-	-	-	-	-	-	-	-	-	-	-	-	-	-	
synMTS_6_124_var1	0.007	No mitochondrial presequence	7(MPP)	0.143		1-10-high	-	-	-	-	-	-	-	-	-	-	-	-	-	-	
synMTS_6_073_var1	0.018	No mitochondrial presequence	6(MPP)	0.167		17-28-low	-	-	-	-	-	-	-	-	-	-	-	-	-	-	
synMTS_6_079_var1	0.027	No mitochondrial presequence	65(MPP)	-0.031	20-24,71-75,79-83	18-27-low	-	-	-	-	-	-	-	-	-	-	-	-	-	-	
synMTS_6_172_var1	0.061	No mitochondrial presequence	70(MPP)	0.129	8-12,25-29,29-33,38-42,79-83	6-15-high	-	-	-	-	-	-	-	-	-	-	-	7-12	-	-	
synMTS_6_035_var1	0.032	No mitochondrial presequence	62(MPP)	-0.016	26-30	7-16-low	-	-	-	-	-	-	-	-	-	-	-	-	-	-	
synMTS_6_069_var1	0.008	No mitochondrial presequence	46(MPP)	-0.043	15-19	18-28-low	-	-	-	-	-	-	-	-	-	-	-	-	-	-	
synMTS_6_097_var1	0.113	No mitochondrial presequence	74(MPP)	0.068	22-26,34-38,71-75	4-14-low	-	-	-	-	-	-	-	-	7-12	-	-	-	-	-	
synMTS_6_048_var1	0.009	No mitochondrial presequence	65(MPP)	-0.031	18-22,23-27	11-22-low	-	-	-	-	-	-	-	-	-	-	-	-	-	-	
synMTS_6_075_var1	0.020	No mitochondrial presequence	40(MPP)	-0.025	33-37,37-41,94-98	3-14-low	-	-	-	-	-	-	-	-	-	-	-	-	-	-	
synMTS_6_016_var1	0.215	No mitochondrial presequence	44(MPP)	0.068	4-8,8-12,52-56,77-81	4-13-high	-	-	-	-	-	-	-	-	-	-	-	-	-	-	
synMTS_6_011_var1	0.068	No mitochondrial presequence	30(MPP)	0.033	41-45,45-49	3-12-high	-	-	-	-	-	-	-	-	-	-	-	-	-	9-14	
synMTS_6_063_var1	0.062	No mitochondrial presequence	6(MPP)	0.167	25-29	18-27-low	-	-	-	-	-	-	-	-	-	-	-	-	-	-	
synMTS_6_129_var1	0.080	No mitochondrial presequence	24(MPP)	0.167	16-20,30-34,34-38	21-30-low	-	-	-	-	-	-	-	-	-	-	-	-	-	-	
synMTS_6_018_var1	0.155	No mitochondrial presequence	36(MPP)	0.111	33-37,48-52,51-55,80-84,84-88	14-23-high	-	-	-	-	-	-	-	-	-	-	-	-	-	-	
synMTS_6_053_var1	0.005	No mitochondrial presequence	33(MPP)	-0.121	86-90,94-98	1-10-low	-	-	-	-	-	-	-	-	-	-	-	-	-	-	
synMTS_6_027_var1	0.010	No mitochondrial presequence	37(MPP)	0.027	34-38	14-23-low	-	-	-	-	-	-	-	-	-	-	-	-	-	-	
synMTS_6_032_var1	0.036	No mitochondrial presequence	9(MPP)	0.222	3-7,39-43,96-100	21-30-low	-	-	-	-	3-8	-	-	-	-	-	-	-	-	-	
synMTS_6_155_var1	0.006	No mitochondrial presequence	53(MPP)	-0.038	31-35,50-54	3-12-low	-	-	-	-	-	-	-	-	-	-	-	-	-	-	
synMTS_6_004_var1	0.048	No mitochondrial presequence	31(MPP)	0.032	49-53	21-30-low	-	-	-	-	-	-	-	-	-	-	-	-	-	-	
synMTS_6_121_var1	0.036	No mitochondrial presequence	50(MPP)	-0.040	11-15,39-43,47-51,66-70	9-18-high	-	-	-	-	-	-	-	-	-	-	-	-	-	-	
synMTS_6_033_var1	0.038	No mitochondrial presequence	56(MPP), 57(Icp55)	0.036	7-11,57-61	3-14-low	-	-	-	-	-	-	-	-	-	-	-	-	-	-	
synMTS_6_076_var1	0.038	No mitochondrial presequence	25(MPP)	0.120	17-21,92-96	12-21-low	-	-	-	-	-	-	-	-	-	-	-	16-21	-	-	
synMTS_6_186_var1	0.040	No mitochondrial presequence	48(MPP)	-0.021	22-26,45-49	21-30-low	-	-	-	-	-	-	-	-	-	-	-	-	-	-	
synMTS_6_100_var1	0.039	No mitochondrial presequence	31(MPP)	-0.032	33-37,47-51,65-69	5-14-low	-	-	-	-	-	-	-	-	-	-	-	-	-	-	
synMTS_6_002_var1	0.010	No mitochondrial presequence	60(MPP)	0.067	31-35,74-78,77-81	11-20-low	-	-	-	-	-	-	-	-	-	-	-	-	-	-	
synMTS_6_022_var1	0.011	No mitochondrial presequence	75(MPP)	0.027	25-29	17-28-low	-	-	-	-	-	-	-	-	-	-	-	-	-	-	
synMTS_6_118_var1	0.003	No mitochondrial presequence	51(MPP)	-0.098	48-52	5-14-low	-	-	-	-	-	-	-	-	-	-	-	-	-	-	
synMTS_6_107_var1	0.074	No mitochondrial presequence	20(MPP)	0.000	22-26,26-30,57-61	8-17-low	-	-	-	-	-	-	-	-	-	-	-	25-30	-	-	
synMTS_6_005_var1	0.001	No mitochondrial presequence	46(MPP)	-0.109	48-52	16-26-low	-	-	-	-	-	-	-	-	-	-	-	-	-	-	
synMTS_6_006_var1	0.031	No mitochondrial presequence	23(MPP)	0.000	25-29,91-95	9-18-high	-	-	-	-	-	-	-	-	-	-	-	-	-	-	
synMTS_6_196_var1	0.055	No mitochondrial presequence	39(MPP)	0.051	22-26,32-36,36-40,41-45,51-55,56-60	19-28-high	-	-	-	-	-	-	-	-	-	-	-	-	-	-	
synMTS_6_197_var1	0.003	No mitochondrial presequence	93(MPP)	0.000	12-16,46-50,58-62,83-87	9-18-low	-	-	-	-	-	-	-	-	-	-	-	-	-	-	
synMTS_6_160_var1	0.233	No mitochondrial presequence	57(MPP)	0.070	25-29,46-50	21-30-high	-	19-24	-	-	25-30	-	-	-	-	-	-	-	-	-	
synMTS_7_040_var1	0.271	No mitochondrial presequence	34(MPP)	0.265	16-20,21-25	5-14-high	-	-	-	-	-	-	-	-	14-19	-	-	-	-	-	
synMTS_7_026_var1	0.406	Possessing mitochondrial presequence	44(MPP)	0.227	36-40,58-62,73-77	4-13-high	-	-	-	-	-	-	-	-	-	-	-	-	-	-	
synMTS_7_016_var1	0.368	No mitochondrial presequence	35(MPP)	0.286	21-25,32-36	21-30-high	-	-	-	-	-	-	-	-	-	-	-	-	-	-	
synMTS_7_096_var1	0.402	Possessing mitochondrial presequence	27(MPP)	0.222	20-24,40-44,45-49,58-62,79-83	1-10-high	-	-	-	-	-	-	24-29	-	-	23-28	-	-	-	-	
synMTS_7_185_var1	0.353	No mitochondrial presequence	34(MPP)	0.235	3-7,10-14,14-18	6-19-high	-	-	-	-	-	-	-	-	-	-	-	13-18	10-15	-	
synMTS_7_182_var1	0.579	Possessing mitochondrial presequence	26(MPP)	0.231	4-8,37-41,45-49,65-69	6-15-high	-	-	-	-	-	-	-	-	-	-	-	-	-	-	
synMTS_7_005_var1	0.394	Possessing mitochondrial presequence	19(MPP)	0.263	4-8,25-29	7-16-high	-	-	-	22-27	4-9	-	-	-	-	-	-	-	-	-	
synMTS_7_079_var1	0.244	No mitochondrial presequence	45(MPP)	0.244	21-25,42-46	17-26-high	-	-	-	-	21-26	-	-	-	-	-	-	-	-	-	
synMTS_7_032_var1	0.838	Possessing mitochondrial presequence	17(MPP)	0.235	10-14,14-18,18-22,50-54,69-73	8-17-high	-	24-29	-	-	-	22-27	-	-	-	21-26	-	-	-	-	
synMTS_7_017_var1	0.387	Possessing mitochondrial presequence	62(MPP)	0.258	20-24,23-27,45-49,50-54	19-28-high	-	-	-	-	23-28	-	-	-	-	-	-	-	-	-	
synMTS_7_054_var1	0.288	No mitochondrial presequence	62(MPP)	0.258	59-63	13-22-high	-	-	-	-	-	-	-	-	5-10	-	-	-	-	-	
synMTS_7_187_var1	0.646	Possessing mitochondrial presequence	28(MPP)	0.214	43-47	3-12-high	-	-	-	-	-	-	-	-	-	-	-	-	-	-	
synMTS_7_042_var1	0.512	Possessing mitochondrial presequence	36(MPP)	0.222	42-46,45-49	16-27-high	-	-	-	-	-	-	-	-	-	-	-	-	-	-	
synMTS_7_164_var1	0.156	No mitochondrial presequence	27(MPP)	0.222	11-15,19-23,39-43,42-46,57-61,72-76,76-80	7-16-high	-	-	-	5-10	-	-	-	-	-	-	-	-	-	-	
synMTS_7_065_var1	0.074	No mitochondrial presequence	49(MPP)	0.265	4-8,38-42	19-28-high	-	-	-	1-6	-	-	-	-	-	-	-	-	-	-	
synMTS_7_114_var1	0.353	No mitochondrial presequence	10(MPP)	0.200	22-26,39-43	18-27-high	-	-	-	-	-	-	-	-	-	-	-	-	-	-	
synMTS_7_168_var1	0.572	Possessing mitochondrial presequence	32(MPP)	0.219		21-30-high	-	11-16	-	-	-	-	-	-	-	-	-	-	-	-	
synMTS_7_062_var1	0.874	Possessing mitochondrial presequence	34(MPP)	0.265	6-10,25-29	5-14-high	-	-	-	-	6-11	-	9-14	-	-	-	-	-	-	-	
synMTS_7_075_var1	0.219	No mitochondrial presequence	13(MPP)	0.231	19-23	14-23-low	-	-	-	-	-	-	-	-	-	-	-	-	-	-	
synMTS_7_194_var1	0.779	Possessing mitochondrial presequence	47(MPP)	0.255	34-38,37-41,41-45,44-48,55-59	3-13-high	-	-	-	-	-	-	-	3-8	-	2-7	-	-	-	-	
synMTS_7_074_var1	0.294	No mitochondrial presequence	21(MPP)	0.238	7-11,11-15,35-39,42-46,59-63,64-68,69-73	7-16-high	-	-	-	-	-	-	-	21-26	-	-	-	-	-	-	
synMTS_7_003_var1	0.388	Possessing mitochondrial presequence	52(MPP)	0.269	19-23,67-71	16-25-high	-	-	-	-	-	-	-	-	-	-	-	18-23	19-24	-	
synMTS_7_043_var1	0.802	Possessing mitochondrial presequence	26(MPP)	0.231	12-16,37-41	10-19-high	-	-	-	-	-	15-20	-	23-28	-	-	-	11-16	-	22-27	
synMTS_7_022_var1	0.236	No mitochondrial presequence	53(MPP)	0.302	25-29,37-41,51-55	4-13-high	-	-	-	-	-	9-14	-	-	1-6	-	-	-	-	-	
synMTS_7_135_var1	0.472	Possessing mitochondrial presequence	34(MPP)	0.235	26-30,44-48,52-56,55-59,60-64,80-84,94-98	16-25-high	-	-	-	-	-	-	-	-	-	-	-	25-30	-	-	
synMTS_7_154_var1	0.257	No mitochondrial presequence	65(MPP)	0.246	36-40	1-12-low	-	19-24	-	-	-	-	-	-	-	-	-	-	-	-	
synMTS_7_004_var1	0.393	Possessing mitochondrial presequence	32(MPP)	0.219	10-14,29-33,38-42,43-47,48-52,63-67	19-29-high	-	-	-	-	-	-	24-29	-	-	23-28	-	-	-	-	
synMTS_7_125_var1	0.226	No mitochondrial presequence	29(MPP)	0.241	3-7,6-10,36-40	3-12-high	-	-	-	-	3-8	-	-	-	-	-	-	-	-	-	
synMTS_7_012_var1	0.466	Possessing mitochondrial presequence	25(MPP)	0.240	10-14,15-19,19-23,26-30,29-33,52-56	19-28-high	-	-	20-25	-	19-24	-	-	-	-	-	-	-	-	-	
synMTS_7_192_var1	0.290	No mitochondrial presequence	14(MPP)	0.214	41-45	13-22-high	-	-	-	-	-	-	-	-	-	-	-	-	-	-	
synMTS_7_110_var1	0.440	Possessing mitochondrial presequence	32(MPP)	0.219	7-11,12-16,53-57	12-21-high	-	-	-	-	-	-	-	-	-	-	-	-	-	-	
synMTS_7_107_var1	0.587	Possessing mitochondrial presequence	17(MPP)	0.235	10-14,14-18,24-28,54-58,69-73,93-97	10-19-high	-	-	-	-	14-19	-	-	-	-	-	-	-	-	-	
synMTS_7_037_var1	0.067	No mitochondrial presequence	38(MPP)	0.289	4-8,32-36,38-42,50-54	4-13-high	-	16-21	-	-	-	-	-	-	-	-	-	-	-	-	
synMTS_7_073_var1	0.775	Possessing mitochondrial presequence	47(MPP)	0.234	4-8,17-21,39-43,56-60,88-92	13-23-high	-	-	-	-	4-9	-	13-18	-	20-25	12-17	-	-	-	-	
synMTS_7_093_var1	0.269	No mitochondrial presequence	70(MPP)	0.271	7-11,11-15,15-19,61-65	4-15-high	-	-	-	-	15-20	-	-	-	-	-	-	6-11	-	-	
synMTS_7_039_var1	0.478	Possessing mitochondrial presequence	59(MPP)	0.288	3-7,8-12,29-33,56-60	8-17-high	-	-	-	-	-	11-16	-	-	6-11	-	-	-	-	-	
synMTS_7_015_var1	0.673	Possessing mitochondrial presequence	26(MPP)	0.269	2-6	5-14-high	-	-	-	-	2-7	-	-	-	-	-	-	-	-	-	
synMTS_7_131_var1	0.133	No mitochondrial presequence	38(MPP)	0.263	17-21,44-48,94-98	15-24-high	-	-	-	14-19	-	-	-	-	-	-	-	-	-	-	
synMTS_7_118_var1	0.259	No mitochondrial presequence	47(MPP)	0.255	21-25,44-48	7-16-high	-	-	-	-	21-26	-	-	-	-	-	-	-	-	-	
synMTS_7_001_var1	0.330	No mitochondrial presequence	39(MPP)	0.231	25-29,59-63,85-89	9-18-high	-	-	-	-	-	-	-	-	-	-	-	24-29	-	-	
synMTS_7_070_var1	0.587	Possessing mitochondrial presequence	25(MPP)	0.240	26-30	12-21-high	-	-	-	-	-	-	-	-	-	-	-	-	-	-	
synMTS_7_142_var1	0.777	Possessing mitochondrial presequence	67(MPP)	0.254	44-48	19-28-high	-	-	-	-	-	-	-	-	-	-	-	-	-	-	
synMTS_7_196_var1	0.428	Possessing mitochondrial presequence	47(MPP)	0.234		14-23-high	-	-	-	-	-	-	-	-	-	-	-	-	-	-	
synMTS_7_153_var1	0.986	Possessing mitochondrial presequence	22(MPP)	0.227	47-51,69-73	21-30-high	-	-	-	-	-	-	-	-	-	-	-	-	-	-	
synMTS_7_167_var1	0.244	No mitochondrial presequence	36(MPP)	0.222	6-10,23-27,44-48,49-53,54-58,69-73,94-98	18-27-high	-	-	-	-	-	-	-	-	-	-	-	-	-	-	
synMTS_7_148_var1	0.832	Possessing mitochondrial presequence	24(MPP)	0.250	11-15,15-19,18-22,21-25,29-33,34-38,49-53,53-57	11-20-high	-	-	-	-	18-23,21-26	-	-	-	-	-	-	-	-	-	
synMTS_7_108_var1	0.549	Possessing mitochondrial presequence	40(MPP)	0.275	17-21,48-52	3-12-high	-	-	-	-	-	3-8	-	-	-	-	-	-	-	2-7	
synMTS_7_175_var1	0.172	No mitochondrial presequence	37(MPP)	0.270	2-6,19-23,57-61,60-64,68-72,75-79,78-82,83-87	16-25-high	-	-	-	-	-	-	-	-	-	-	-	-	-	-	
synMTS_7_151_var1	0.386	Possessing mitochondrial presequence	28(MPP)	0.250	9-13,39-43,43-47,58-62	9-18-high	-	-	-	-	-	-	-	12-17	-	-	-	-	-	-	
synMTS_7_111_var1	0.263	No mitochondrial presequence	25(MPP)	0.240	27-31	7-20-high	-	-	-	-	-	-	-	-	-	-	-	-	-	-	
synMTS_7_190_var1	0.538	Possessing mitochondrial presequence	18(MPP)	0.222	3-7,7-11	3-12-high	-	-	-	4-9	-	-	-	-	-	-	-	-	-	-	
synMTS_7_019_var1	0.198	No mitochondrial presequence	39(MPP)	0.256	2-6,31-35,51-55,55-59,60-64	15-24-high	-	-	-	-	2-7	-	-	-	-	-	-	-	-	-	
synMTS_7_090_var1	0.207	No mitochondrial presequence	66(MPP)	0.273	45-49	5-15-high	-	-	-	-	-	-	-	-	-	-	-	-	-	-	
synMTS_7_061_var1	0.485	Possessing mitochondrial presequence	30(MPP)	0.200	95-99	17-26-high	-	-	-	-	-	-	-	-	-	-	-	-	-	-	
synMTS_7_023_var1	0.602	Possessing mitochondrial presequence	13(MPP)	0.231	31-35,44-48,62-66,65-69,93-97,96-100	12-21-high	-	-	-	-	-	-	-	-	-	-	-	-	-	-	
synMTS_7_066_var1	0.598	Possessing mitochondrial presequence	44(MPP)	0.250	2-6,6-10,33-37,67-71	7-18-high	-	-	-	-	-	-	-	-	-	-	-	-	-	-	
synMTS_7_014_var1	0.721	Possessing mitochondrial presequence	42(MPP), 43(Icp55)	0.262	19-23,39-43,47-51,50-54,53-57,68-72	15-25-high	-	-	-	-	19-24	-	-	-	-	-	-	-	-	-	
synMTS_7_161_var1	0.622	Possessing mitochondrial presequence	59(MPP), 67(Oct1)	0.254	13-17,43-47,67-71,84-88	13-22-high	-	-	-	-	-	-	-	-	-	-	-	12-17	-	-	
synMTS_7_137_var1	0.515	Possessing mitochondrial presequence	39(MPP)	0.256	36-40,76-80,79-83,82-86	19-30-high	-	-	-	-	-	-	-	-	-	-	-	-	-	-	
synMTS_7_101_var1	0.202	No mitochondrial presequence	48(MPP), 49(Icp55)	0.271	22-26,26-30,38-42	21-30-high	-	-	-	-	-	-	-	-	-	-	-	-	-	-	
synMTS_7_006_var1	0.991	Possessing mitochondrial presequence	27(MPP)	0.222	17-21,24-28,29-33,47-51,52-56	19-28-high	-	-	-	18-23	-	-	-	-	-	-	-	-	-	-	
synMTS_7_048_var1	0.639	Possessing mitochondrial presequence	27(MPP)	0.222	24-28,37-41,56-60	21-30-high	-	-	-	21-26	-	-	-	-	-	-	-	-	-	-	
synMTS_7_160_var1	0.653	Possessing mitochondrial presequence	59(MPP)	0.254	34-38,40-44,52-56,56-60	2-11-high	-	-	-	-	-	-	-	-	-	-	-	-	-	-	
synMTS_7_020_var1	0.245	No mitochondrial presequence	23(MPP)	0.217	43-47,81-85	6-15-high	-	-	-	-	-	-	10-15,25-30	-	-	-	-	-	-	24-29	
synMTS_7_163_var1	0.529	Possessing mitochondrial presequence	65(MPP)	0.246	27-31,30-34	17-26-high	-	-	-	-	-	21-26	-	-	-	-	-	-	-	-	
synMTS_7_149_var1	0.873	Possessing mitochondrial presequence	9(MPP), 10(Icp55)	0.222	10-14,24-28,37-41,44-48,47-51,56-60,60-64	19-28-high	-	-	-	-	-	-	-	-	-	-	-	-	-	-	
synMTS_7_097_var1	0.844	Possessing mitochondrial presequence	41(MPP)	0.268	11-15,35-39,82-86,85-89,92-96	7-16-high	-	-	-	-	-	-	-	-	6-11	-	-	-	-	-	
synMTS_7_165_var1	0.464	Possessing mitochondrial presequence	25(MPP)	0.200	17-21,22-26,45-49,49-53,53-57	15-24-high	-	-	-	-	-	-	-	-	-	-	25-30	21-26	-	-	
synMTS_7_009_var1	0.490	Possessing mitochondrial presequence	20(MPP)	0.200	17-21,38-42	13-22-high	-	-	-	-	17-22	-	-	-	-	-	-	-	-	-	
synMTS_7_063_var1	0.633	Possessing mitochondrial presequence	47(MPP)	0.234	8-12	2-11-high	-	-	-	-	-	-	-	-	11-16	-	-	7-12	-	-	
synMTS_7_102_var1	0.443	Possessing mitochondrial presequence	17(MPP)	0.235	23-27,28-32,32-36,53-57,77-81,90-94,95-99	4-13-high	-	-	3-8	-	-	-	-	-	-	-	-	-	-	-	
synMTS_7_128_var1	0.882	Possessing mitochondrial presequence	47(MPP)	0.277	29-33,32-36,48-52	10-21-high	-	-	-	-	-	-	-	-	-	-	-	-	-	-	
synMTS_7_024_var1	0.795	Possessing mitochondrial presequence	19(MPP)	0.211	7-11,21-25,36-40	5-14-high	-	-	-	-	-	-	16-21	-	-	-	-	-	-	15-20	
synMTS_7_172_var1	0.027	No mitochondrial presequence	38(MPP)	0.237	20-24,35-39,49-53	19-28-low	-	-	-	-	-	-	-	-	-	-	-	-	-	-	
synMTS_7_178_var1	0.888	Possessing mitochondrial presequence	43(MPP)	0.256	12-16,65-69	6-16-high	-	-	-	-	-	-	-	8-13	-	7-12	-	-	-	-	
synMTS_7_122_var1	0.657	Possessing mitochondrial presequence	61(MPP)	0.246	11-15,58-62,68-72	9-18-high	-	-	-	-	-	-	-	-	-	-	-	-	-	-	
synMTS_7_197_var1	0.132	No mitochondrial presequence	52(MPP)	0.231	7-11,35-39	6-15-high	-	-	-	-	-	-	11-16	-	-	10-15	-	-	-	-	
synMTS_7_134_var1	0.615	Possessing mitochondrial presequence	56(MPP), 57(Icp55)	0.250	41-45,75-79,95-99	12-23-high	-	-	-	-	-	12-17	-	-	-	11-16	-	-	-	-	
synMTS_7_069_var1	0.817	Possessing mitochondrial presequence	42(MPP), 50(Oct1)	0.286	22-26,36-40,39-43,89-93	8-17-high	-	-	-	-	22-27	-	-	-	-	-	-	-	-	-	
synMTS_7_158_var1	0.555	Possessing mitochondrial presequence	37(MPP), 38(Icp55)	0.216	49-53,59-63,68-72,73-77,76-80	12-21-high	-	-	-	-	-	-	-	-	-	-	-	-	-	-	
synMTS_7_115_var1	0.068	No mitochondrial presequence	33(MPP)	0.242	39-43,44-48	19-28-low	-	-	-	-	-	-	-	-	-	-	-	-	-	-	
synMTS_7_083_var1	0.406	Possessing mitochondrial presequence	49(MPP)	0.265	2-6,5-9,58-62,62-66,66-70,69-73	1-11-high	-	-	-	-	-	-	-	-	-	-	-	-	-	-	
synMTS_7_033_var1	0.762	Possessing mitochondrial presequence	53(MPP)	0.264	17-21,20-24,39-43,54-58,64-68	20-29-high	-	-	21-26	-	20-25	-	-	-	-	-	-	-	-	-	
synMTS_7_071_var1	0.847	Possessing mitochondrial presequence	49(MPP)	0.265	2-6,51-55,67-71,71-75,82-86	2-12-high	-	-	-	-	-	22-27	-	-	-	-	-	-	-	21-26	
synMTS_7_002_var1	0.535	Possessing mitochondrial presequence	23(MPP)	0.217	20-24	4-15-high	-	-	21-26	-	20-25	-	-	4-9	-	3-8	-	-	-	-	
synMTS_7_078_var1	0.920	Possessing mitochondrial presequence	59(MPP)	0.271	3-7,10-14,35-39,42-46,90-94,93-97	2-14-high	-	-	-	-	-	-	-	-	-	-	-	2-7	3-8	-	
synMTS_7_157_var1	0.467	Possessing mitochondrial presequence	18(MPP)	0.222	3-7,34-38,54-58,57-61,69-73,77-81	7-18-high	-	10-15	-	-	-	-	-	-	-	-	-	-	-	-	
synMTS_7_130_var1	0.312	No mitochondrial presequence	80(MPP)	0.275	6-10,9-13,69-73,94-98	6-15-high	-	-	-	-	6-11	-	-	-	-	-	-	-	-	-	
synMTS_7_174_var1	0.254	No mitochondrial presequence	21(MPP)	0.190	38-42,64-68	14-23-high	-	-	19-24	-	-	-	-	-	-	-	-	-	-	-	
synMTS_7_051_var1	0.284	No mitochondrial presequence	23(MPP)	0.217	16-20,78-82	14-23-high	-	-	-	-	-	3-8	-	-	-	-	-	-	-	-	
synMTS_7_139_var1	0.317	No mitochondrial presequence	47(MPP)	0.277	22-26,35-39,55-59,59-63,63-67,89-93	20-29-high	-	-	-	-	-	-	-	-	-	-	-	21-26	-	-	
synMTS_7_036_var1	0.812	Possessing mitochondrial presequence	16(MPP)	0.188	4-8,9-13,38-42,42-46,45-49,53-57,63-67,67-71,79-83,83-87,94-98	9-19-high	-	-	-	-	-	13-18	-	-	-	12-17	-	-	-	-	
synMTS_7_106_var1	0.302	No mitochondrial presequence	68(MPP)	0.279	54-58	10-19-high	-	-	18-23	-	-	-	9-14	-	-	8-13	-	-	-	-	
synMTS_7_136_var1	0.526	Possessing mitochondrial presequence	73(MPP)	0.247	5-9,45-49,48-52,80-84	4-13-high	-	-	-	16-21	-	-	-	-	-	-	-	-	-	-	
synMTS_7_169_var1	0.786	Possessing mitochondrial presequence	50(MPP)	0.240	12-16,29-33,47-51,60-64	13-22-high	-	-	-	-	12-17	-	-	-	-	-	-	-	-	-	
synMTS_7_138_var1	0.547	Possessing mitochondrial presequence	22(MPP)	0.227	32-36,40-44,60-64,63-67,67-71	5-14-high	-	-	-	-	-	-	-	-	-	-	-	-	-	-	
synMTS_7_189_var1	0.559	Possessing mitochondrial presequence	58(MPP)	0.241	3-7,22-26,61-65	21-30-high	-	-	-	-	-	-	-	-	-	-	-	-	22-27	-	
synMTS_7_112_var1	0.761	Possessing mitochondrial presequence	58(MPP)	0.241	4-8,8-12,20-24,43-47,51-55,83-87	2-11-high	-	14-19	-	-	-	-	-	-	-	-	-	-	-	-	
synMTS_7_010_var1	0.194	No mitochondrial presequence	21(MPP)	0.238	2-6	4-13-high	-	-	-	-	-	-	-	-	-	-	-	1-6	-	-	
synMTS_7_124_var1	0.781	Possessing mitochondrial presequence	26(MPP)	0.231	7-11,14-18,30-34	5-14-high	-	-	-	-	7-12	23-28	10-15	-	-	22-27	-	-	-	-	
synMTS_7_146_var1	0.844	Possessing mitochondrial presequence	27(MPP)	0.222	24-28,33-37,47-51,50-54,62-66,67-71	16-27-high	-	-	-	-	-	-	-	-	-	-	-	23-28	-	-	
synMTS_7_077_var1	0.333	No mitochondrial presequence	60(MPP)	0.267	28-32,45-49,48-52,52-56	18-27-high	-	-	-	-	-	-	-	2-7	-	1-6	-	-	-	-	
synMTS_7_147_var1	0.817	Possessing mitochondrial presequence	51(MPP)	0.255	12-16,15-19,18-22,40-44,70-74	11-20-high	-	-	-	-	15-20	-	-	-	-	-	-	11-16	-	-	
synMTS_7_080_var1	0.408	Possessing mitochondrial presequence	72(MPP)	0.250	14-18,22-26,25-29,30-34,42-46,47-51,55-59,60-64,65-69,69-73	11-20-high	-	-	-	-	-	-	-	-	-	-	-	13-18	-	-	
synMTS_7_193_var1	0.257	No mitochondrial presequence	55(MPP)	0.255	12-16,25-29,47-51,52-56	11-20-high	-	-	-	-	-	-	-	-	-	-	-	-	-	-	
synMTS_7_099_var1	0.348	No mitochondrial presequence	33(MPP)	0.242	26-30,30-34,39-43,71-75	21-30-high	-	-	-	-	-	4-9	-	-	-	3-8	-	-	-	-	
synMTS_7_085_var1	0.314	No mitochondrial presequence	42(MPP), 43(Icp55)	0.238	14-18,31-35,64-68	7-16-high	-	-	-	-	-	-	-	-	-	-	-	-	-	-	
synMTS_7_057_var1	0.826	Possessing mitochondrial presequence	37(MPP)	0.270	40-44,49-53,61-65,64-68,73-77,88-92	9-18-high	-	24-29	-	-	-	-	-	-	-	-	-	-	-	-	
synMTS_7_166_var1	0.336	No mitochondrial presequence	25(MPP)	0.240	35-39,39-43,42-46	17-26-high	-	-	-	-	-	-	14-19	-	-	-	-	-	-	17-22	
synMTS_7_173_var1	0.873	Possessing mitochondrial presequence	12(MPP), 13(Icp55)	0.250	2-6,14-18	1-13-high	-	-	-	-	2-7	-	-	-	12-17	-	-	-	-	-	
synMTS_7_105_var1	0.640	Possessing mitochondrial presequence	17(MPP), 18(Icp55)	0.235	1-5,4-8,14-18,40-44,43-47,60-64	1-10-high	-	-	-	-	4-9	-	-	-	-	-	-	-	-	-	
synMTS_7_126_var1	0.614	Possessing mitochondrial presequence	10(MPP)	0.200	16-20,26-30,41-45,45-49,60-64	11-20-high	-	6-11	-	-	-	-	-	-	24-29	-	-	-	-	-	
synMTS_7_098_var1	0.987	Possessing mitochondrial presequence	76(MPP)	0.276	24-28,28-32,31-35,34-38,55-59,64-68,68-72,74-78	1-10-high	-	-	-	-	-	-	-	-	-	-	-	-	-	-	
synMTS_7_027_var1	0.790	Possessing mitochondrial presequence	35(MPP)	0.229	3-7,10-14,20-24,25-29,29-33,32-36	5-14-high	-	-	-	-	3-8	-	-	6-11	-	-	-	-	-	-	
synMTS_7_129_var1	0.213	No mitochondrial presequence	20(MPP)	0.200	56-60	21-30-high	-	-	-	-	-	-	12-17,17-22	22-27	-	16-21,21-26	-	-	-	11-16	
synMTS_7_198_var1	0.913	Possessing mitochondrial presequence	45(MPP)	0.244	2-6,65-69,70-74,96-100	1-10-high	-	12-17,22-27	-	-	-	-	-	-	-	-	-	1-6	-	-	
synMTS_7_100_var1	0.958	Possessing mitochondrial presequence	13(MPP)	0.231	19-23,54-58,64-68,68-72,72-76	19-29-high	-	-	-	-	-	2-7	-	-	-	1-6	-	-	-	-	
synMTS_7_159_var1	0.375	No mitochondrial presequence	22(MPP)	0.227	33-37,47-51,78-82	9-18-high	-	-	-	-	-	16-21	-	-	-	-	-	-	-	15-20	
synMTS_7_055_var1	0.191	No mitochondrial presequence	14(MPP)	0.214	11-15,16-20,21-25,43-47,47-51,78-82	17-26-high	-	-	22-27	-	21-26	-	-	-	-	-	-	-	-	-	
synMTS_7_089_var1	0.690	Possessing mitochondrial presequence	54(MPP)	0.259	29-33	14-23-high	-	-	-	-	-	-	3-8	-	-	2-7	-	-	-	-	
synMTS_7_186_var1	0.740	Possessing mitochondrial presequence	39(MPP)	0.256	7-11,23-27,32-36,36-40,77-81,81-85	3-12-high	-	-	-	-	-	-	-	-	-	2-7	-	-	-	-	
synMTS_7_091_var1	0.200	No mitochondrial presequence	21(MPP)	0.238	2-6,34-38,49-53,53-57,56-60	1-11-high	-	-	-	-	2-7	-	-	-	-	-	-	-	-	-	
synMTS_7_053_var1	0.913	Possessing mitochondrial presequence	31(MPP)	0.226	8-12,12-16,37-41,64-68,82-86	8-17-high	-	-	-	-	-	-	-	-	-	-	-	-	-	-	
synMTS_7_188_var1	0.737	Possessing mitochondrial presequence	35(MPP)	0.257	11-15,25-29,33-37,74-78	10-19-high	-	-	-	-	-	-	-	-	-	-	-	-	25-30	-	
synMTS_7_116_var1	0.610	Possessing mitochondrial presequence	37(MPP)	0.243	62-66,66-70,81-85	19-28-high	-	-	-	-	-	-	-	-	-	-	-	-	-	-	
synMTS_7_086_var1	0.858	Possessing mitochondrial presequence	42(MPP)	0.238	51-55,72-76,76-80	20-29-high	-	-	-	-	-	-	-	-	-	18-23	-	-	-	-	
synMTS_7_029_var1	0.762	Possessing mitochondrial presequence	76(MPP), 77(Icp55)	0.263	9-13,25-29,55-59,63-67,68-72,87-91	8-17-high	-	-	-	-	25-30	-	-	-	-	-	-	-	-	-	
synMTS_7_052_var1	0.204	No mitochondrial presequence	80(MPP)	0.237	41-45,51-55,65-69	5-14-high	-	-	-	-	-	-	-	-	-	-	-	-	-	-	
synMTS_7_064_var1	0.573	Possessing mitochondrial presequence	24(MPP)	0.208	7-11,43-47,52-56,55-59	4-13-high	-	-	-	-	-	-	-	-	-	-	-	-	-	-	
synMTS_7_191_var1	0.701	Possessing mitochondrial presequence	17(MPP)	0.235	14-18,45-49,70-74	18-27-high	-	-	23-28	-	-	-	-	-	-	-	-	-	-	-	
synMTS_7_104_var1	0.228	No mitochondrial presequence	46(MPP)	0.239	8-12,36-40,57-61,60-64	1-12-high	-	-	-	-	-	-	-	-	-	-	-	-	-	-	
synMTS_7_119_var1	0.319	No mitochondrial presequence	38(MPP)	0.263	51-55,76-80	3-13-high	-	-	-	-	-	-	-	-	-	-	-	-	-	-	
synMTS_7_021_var1	0.586	Possessing mitochondrial presequence	19(MPP)	0.263	9-13,12-16,16-20	11-20-high	-	-	-	-	9-14	-	-	-	-	-	-	15-20	-	-	
synMTS_7_132_var1	0.440	Possessing mitochondrial presequence	87(MPP)	0.253	23-27,52-56,60-64,79-83	20-29-high	-	-	-	-	-	-	-	-	-	-	-	-	-	-	
synMTS_7_095_var1	0.771	Possessing mitochondrial presequence	54(MPP)	0.241	44-48,73-77	18-27-high	-	-	-	-	-	-	-	-	-	-	-	-	-	-	
synMTS_7_035_var1	0.883	Possessing mitochondrial presequence	23(MPP), 24(Icp55)	0.217	2-6,20-24,34-38,46-50	18-27-high	-	-	-	-	-	-	-	-	-	-	-	1-6	20-25	-	
synMTS_7_011_var1	0.125	No mitochondrial presequence	48(MPP)	0.271	12-16	14-23-high	-	-	-	-	-	-	-	-	-	-	-	-	-	-	
synMTS_7_058_var1	0.660	Possessing mitochondrial presequence	35(MPP)	0.257	4-8,43-47	20-29-high	-	-	-	-	4-9	-	-	-	-	-	-	-	-	-	
synMTS_7_081_var1	0.237	No mitochondrial presequence	18(MPP)	0.222	6-10,15-19,33-37	2-11-high	-	-	-	-	-	-	-	-	-	-	-	-	-	-	
synMTS_7_152_var1	0.383	No mitochondrial presequence	37(MPP)	0.243	7-11,13-17,34-38,47-51,57-61,60-64,63-67,66-70	21-30-low	-	-	-	-	7-12	-	-	-	-	-	-	-	13-18	-	
synMTS_7_200_var1	0.488	Possessing mitochondrial presequence	47(MPP)	0.277	2-6,28-32,38-42,44-48,88-92	12-21-high	-	-	-	-	2-7	-	-	-	13-18	-	12-17	-	-	-	
synMTS_7_109_var1	0.724	Possessing mitochondrial presequence	49(MPP), 50(Icp55)	0.265	18-22	1-10-high	-	-	-	-	-	-	-	-	-	-	-	-	-	-	
synMTS_7_084_var1	0.251	No mitochondrial presequence	40(MPP)	0.275	7-11,18-22,65-69,88-92	9-18-high	-	-	8-13	15-20	7-12	-	-	-	-	-	-	-	-	-	
synMTS_7_145_var1	0.831	Possessing mitochondrial presequence	38(MPP)	0.237	6-10,11-15,53-57	15-25-high	-	-	-	-	-	-	-	-	-	-	-	-	-	-	
synMTS_7_141_var1	0.887	Possessing mitochondrial presequence	43(MPP)	0.256	6-10,11-15,16-20,26-30	16-25-high	-	-	-	-	16-21	-	-	-	-	-	-	-	-	-	
synMTS_7_127_var1	0.702	Possessing mitochondrial presequence	33(MPP), 34(Icp55)	0.273	14-18,24-28,27-31,49-53	1-10-high	-	-	3-8	-	24-29	-	-	-	-	-	-	-	-	-	
synMTS_7_121_var1	0.329	No mitochondrial presequence	30(MPP)	0.233	52-56	13-22-high	-	-	-	-	-	-	-	-	-	-	-	-	-	-	
synMTS_7_177_var1	0.355	No mitochondrial presequence	58(MPP)	0.259	18-22	18-29-high	-	-	-	-	-	-	-	-	-	-	1-6	-	-	-	
synMTS_7_072_var1	0.542	Possessing mitochondrial presequence	39(MPP)	0.256	26-30,39-43,49-53,80-84,84-88,92-96	1-12-low	-	-	-	-	-	-	-	-	-	-	-	-	-	-	
synMTS_7_179_var1	0.856	Possessing mitochondrial presequence	37(MPP)	0.270		15-24-high	-	-	-	-	-	-	-	-	-	-	-	-	-	-	
synMTS_7_013_var1	0.143	No mitochondrial presequence	50(MPP)	0.240	55-59,71-75	5-14-high	-	-	-	-	-	-	-	-	-	-	-	-	-	-	
synMTS_7_094_var1	0.200	No mitochondrial presequence	63(MPP)	0.254	19-23,24-28,71-75,75-79,80-84,84-88	10-19-high	-	-	-	-	-	-	-	-	-	-	-	-	-	-	
synMTS_7_140_var1	0.620	Possessing mitochondrial presequence	44(MPP)	0.273	11-15,15-19,20-24,41-45,51-55	10-19-high	-	-	-	-	-	-	-	-	-	-	-	-	-	-	
synMTS_7_007_var1	0.500	Possessing mitochondrial presequence	30(MPP)	0.200	27-31,37-41,42-46,69-73,83-87,87-91,92-96	1-11-high	-	-	-	-	-	-	-	-	-	-	-	-	-	-	
synMTS_7_008_var1	0.596	Possessing mitochondrial presequence	14(MPP)	0.214	22-26,29-33,38-42,51-55,55-59,58-62,62-66	21-30-high	-	-	-	-	-	-	-	-	-	-	-	-	-	-	
synMTS_7_049_var1	0.641	Possessing mitochondrial presequence	27(MPP)	0.259	35-39,39-43,43-47,46-50,77-81,85-89	13-22-low	-	9-14	-	11-16	-	-	-	-	-	-	-	-	-	-	
synMTS_7_044_var1	0.407	Possessing mitochondrial presequence	36(MPP)	0.222	33-37	1-10-low	-	-	-	-	-	13-18	-	-	-	-	-	-	-	12-17	
synMTS_7_047_var1	0.379	No mitochondrial presequence	33(MPP)	0.242	19-23,30-34	12-23-low	-	-	-	-	19-24	-	-	-	-	-	-	-	-	-	
synMTS_7_025_var1	0.376	No mitochondrial presequence	13(MPP)	0.231	27-31,30-34	5-14-high	-	9-14	-	-	-	7-12	-	-	-	6-11	-	-	-	-	
synMTS_7_162_var1	0.520	Possessing mitochondrial presequence	43(MPP), 44(Icp55)	0.256	15-19,36-40,40-44,56-60,66-70,69-73	15-25-high	-	-	-	-	-	-	-	-	18-23	-	-	-	-	-	
synMTS_7_076_var1	0.734	Possessing mitochondrial presequence	10(MPP)	0.200	7-11,22-26,50-54,84-88,89-93	2-11-high	-	-	-	-	-	-	2-7,12-17	-	-	1-6,11-16	-	-	-	-	
synMTS_7_087_var1	0.516	Possessing mitochondrial presequence	56(MPP)	0.250	18-22	13-22-high	-	-	-	-	-	-	22-27	-	-	21-26	-	-	-	25-30	
synMTS_7_068_var1	0.403	Possessing mitochondrial presequence	42(MPP)	0.262	3-7,19-23,24-28	2-11-high	-	8-13	-	-	-	6-11	-	-	1-6	-	-	23-28	24-29	-	
synMTS_7_038_var1	0.103	No mitochondrial presequence	68(MPP)	0.265	10-14,58-62,65-69	20-29-low	-	-	-	-	-	-	-	-	-	-	-	-	-	-	
synMTS_7_180_var1	0.798	Possessing mitochondrial presequence	51(MPP)	0.255	7-11,15-19,44-48,73-77,86-90,96-100	11-20-high	-	-	-	4-9	-	-	-	-	-	-	-	-	-	-	
synMTS_7_171_var1	0.461	Possessing mitochondrial presequence	91(MPP)	0.242	4-8,77-81	10-19-high	-	-	-	-	4-9	-	-	-	-	-	-	-	-	-	
synMTS_7_056_var1	0.158	No mitochondrial presequence	30(MPP)	0.233	22-26,27-31,37-41,63-67	19-30-high	-	-	-	-	-	-	-	-	-	-	-	-	-	-	
synMTS_7_088_var1	0.379	No mitochondrial presequence	38(MPP)	0.237	3-7,30-34,58-62,63-67,68-72	15-24-high	-	-	-	-	-	-	-	-	-	-	-	-	-	-	
synMTS_7_067_var1	0.942	Possessing mitochondrial presequence	34(MPP)	0.206	67-71	16-25-high	-	-	-	-	-	-	-	-	-	-	-	-	-	-	
synMTS_7_113_var1	0.363	No mitochondrial presequence	34(MPP)	0.206	3-7,17-21	15-24-high	-	-	-	-	-	-	12-17	-	-	-	-	-	-	-	
synMTS_7_103_var1	0.197	No mitochondrial presequence	11(MPP)	0.273	12-16,32-36,35-39,40-44	9-20-low	-	7-12	-	-	-	-	-	-	-	-	-	-	-	-	
synMTS_7_176_var1	0.174	No mitochondrial presequence	42(MPP)	0.286	2-6,5-9,35-39,89-93,93-97	10-19-high	-	-	-	-	2-7	-	-	-	-	9-14	-	-	-	-	
synMTS_7_082_var1	0.483	Possessing mitochondrial presequence	40(MPP)	0.250	37-41,43-47,47-51,64-68,69-73,72-76,80-84,92-96,95-99	15-24-high	-	-	-	-	-	-	-	-	-	-	-	-	-	-	
synMTS_7_170_var1	0.551	Possessing mitochondrial presequence	30(MPP)	0.233	14-18,56-60	19-28-high	-	-	-	-	-	-	18-23	-	-	17-22	-	-	-	-	
synMTS_7_031_var1	0.819	Possessing mitochondrial presequence	84(MPP), 85(Icp55)	0.262	11-15,28-32,36-40,72-76,81-85	1-10-high	-	-	-	-	-	-	-	-	-	-	-	-	-	-	
synMTS_7_144_var1	0.656	Possessing mitochondrial presequence	11(MPP)	0.182	9-13,13-17,52-56,68-72	1-12-high	-	-	-	-	-	-	-	-	-	-	-	12-17	13-18	-	
synMTS_7_018_var1	0.510	Possessing mitochondrial presequence	74(MPP)	0.257	17-21,45-49,65-69,68-72	13-23-high	-	-	-	-	-	-	-	-	-	-	-	-	-	-	
synMTS_7_117_var1	0.963	Possessing mitochondrial presequence	26(MPP)	0.231	8-12,53-57,63-67	10-19-high	-	-	24-29	-	8-13	-	-	-	-	-	-	-	-	-	
synMTS_7_045_var1	0.447	Possessing mitochondrial presequence	62(MPP)	0.242	34-38,67-71,72-76,76-80	13-22-high	-	-	-	-	-	14-19	-	-	-	-	-	-	-	13-18	
synMTS_7_059_var1	0.131	No mitochondrial presequence	59(MPP)	0.254	30-34	13-22-high	-	-	-	-	-	-	-	-	-	-	-	-	-	-	
synMTS_7_183_var1	0.600	Possessing mitochondrial presequence	57(MPP), 58(Icp55)	0.228	4-8,39-43	4-13-high	-	-	-	-	-	-	-	-	-	-	-	-	-	-	
synMTS_7_050_var1	0.318	No mitochondrial presequence	54(MPP)	0.259	4-8,8-12,17-21,20-24,23-27,27-31,31-35,51-55,55-59,58-62,69-73	3-12-high	-	-	-	-	20-25	13-18	-	-	-	12-17	-	7-12	-	-	
synMTS_7_028_var1	0.698	Possessing mitochondrial presequence	34(MPP)	0.265	2-6,9-13,39-43,66-70	1-13-high	-	-	-	-	2-7	-	-	5-10	-	-	-	-	-	-	
synMTS_7_120_var1	0.228	No mitochondrial presequence	31(MPP)	0.226	4-8,7-11,57-61	3-12-high	-	-	15-20	-	4-9	-	-	-	-	-	-	-	-	-	
synMTS_7_155_var1	0.636	Possessing mitochondrial presequence	62(MPP)	0.258	16-20,25-29,28-32	12-21-high	-	-	-	-	16-21	19-24	-	-	-	-	-	-	-	-	
synMTS_7_150_var1	0.662	Possessing mitochondrial presequence	25(MPP), 26(Icp55)	0.280	5-9,22-26,38-42	5-14-high	-	-	6-11	-	5-10	-	-	-	-	-	-	-	-	-	
synMTS_7_060_var1	0.386	Possessing mitochondrial presequence	51(MPP)	0.255	14-18,17-21,61-65,68-72	10-21-high	-	-	-	-	14-19	-	9-14	-	-	-	-	-	-	-	
synMTS_7_034_var1	0.746	Possessing mitochondrial presequence	52(MPP), 53(Icp55)	0.269	7-11,10-14,34-38	19-28-high	-	-	-	-	7-12	-	20-25	-	-	-	-	-	-	-	
synMTS_7_030_var1	0.345	No mitochondrial presequence	35(MPP)	0.257	12-16,16-20,20-24,33-37,88-92,96-100	14-23-high	-	-	-	-	-	-	-	-	-	-	-	-	-	-	
synMTS_7_156_var1	0.206	No mitochondrial presequence	19(MPP)	0.211	30-34	4-13-high	-	24-29	-	-	-	13-18	-	-	-	-	-	-	-	-	
synMTS_7_143_var1	0.425	Possessing mitochondrial presequence	44(MPP)	0.273	28-32,41-45,50-54,65-69	7-16-high	-	-	-	-	-	-	-	-	-	-	-	-	-	-	
synMTS_7_123_var1	0.681	Possessing mitochondrial presequence	21(MPP)	0.238	18-22	13-22-high	-	-	-	-	-	-	-	-	-	-	-	-	-	-	
synMTS_7_092_var1	0.135	No mitochondrial presequence	65(MPP)	0.246	14-18,58-62,62-66,71-75,84-88	16-25-high	-	-	-	-	-	-	-	-	-	-	-	-	-	-	
synMTS_7_195_var1	0.655	Possessing mitochondrial presequence	42(MPP)	0.238	51-55,59-63,67-71	20-29-high	-	-	-	-	-	-	-	-	-	-	-	-	-	-	
synMTS_7_181_var1	0.531	Possessing mitochondrial presequence	24(MPP)	0.250	34-38,43-47	11-21-high	-	-	-	-	-	11-16	-	-	-	10-15	-	-	-	-	
synMTS_7_041_var1	0.770	Possessing mitochondrial presequence	30(MPP)	0.233	4-8,10-14,71-75	1-10-high	-	-	-	-	-	-	-	-	-	-	-	-	10-15	-	
synMTS_7_199_var1	0.450	Possessing mitochondrial presequence	62(MPP)	0.242	7-11,45-49,54-58	7-16-high	-	-	-	-	-	-	-	-	-	-	-	-	7-12	-	
synMTS_7_133_var1	0.469	Possessing mitochondrial presequence	68(MPP)	0.265	51-55	4-13-high	-	-	-	3-8	-	-	-	-	-	-	-	-	-	-	
synMTS_7_184_var1	0.423	Possessing mitochondrial presequence	59(MPP), 60(Icp55)	0.254	31-35,51-55,60-64,80-84	16-25-high	-	-	-	-	-	-	-	-	2-7	-	1-6	-	-	-	
synMTS_7_046_var1	0.818	Possessing mitochondrial presequence	19(MPP)	0.211	20-24,29-33	1-10-high	-	-	-	17-22	-	-	4-9	-	-	-	-	-	-	3-8	
synMTS_8_142_var1	0.011	No mitochondrial presequence	68(MPP)	-0.221		16-25-low	-	-	-	-	-	-	-	-	-	-	-	-	-	-	
synMTS_8_160_var1	0.001	No mitochondrial presequence	43(MPP)	-0.233		16-25-low	-	-	-	-	-	-	-	-	-	-	-	-	-	-	
synMTS_8_022_var1	0.003	No mitochondrial presequence	91(MPP)	-0.209		6-15-low	-	-	-	-	-	-	-	-	-	-	-	-	-	-	
synMTS_8_192_var1	0.001	No mitochondrial presequence	10(MPP)	-0.100		9-18-low	-	-	-	-	-	-	-	-	-	-	-	-	-	-	
synMTS_8_085_var1	0.006	No mitochondrial presequence	40(MPP)	-0.200		11-20-low	-	-	-	-	-	-	-	-	-	-	-	-	-	-	
synMTS_8_176_var1	0.006	No mitochondrial presequence	48(MPP)	-0.167	45-49	7-17-low	-	-	-	-	-	-	-	-	-	-	-	-	-	-	
synMTS_8_026_var1	0.003	No mitochondrial presequence	72(MPP)	-0.222		7-16-low	-	-	-	-	-	-	-	-	-	-	-	-	-	-	
synMTS_8_094_var1	0.009	No mitochondrial presequence	47(MPP)	-0.170	10-14	20-29-low	-	-	-	-	-	-	-	-	-	-	-	-	-	-	
synMTS_8_001_var1	0.001	No mitochondrial presequence	38(MPP)	-0.237		11-20-low	-	-	-	-	-	-	-	-	-	-	-	-	-	-	
synMTS_8_195_var1	0.000	No mitochondrial presequence	39(MPP)	-0.231		21-30-low	-	-	-	-	-	-	-	-	-	-	-	-	-	-	
synMTS_8_066_var1	0.001	No mitochondrial presequence	37(MPP)	-0.243		13-22-low	-	-	-	-	-	-	-	-	-	-	-	-	-	-	
synMTS_8_123_var1	0.002	No mitochondrial presequence	72(MPP)	-0.208		16-25-low	-	-	-	-	-	-	-	-	-	-	-	-	-	-	
synMTS_8_135_var1	0.001	No mitochondrial presequence	25(MPP), 26(Icp55)	-0.200		12-21-low	-	-	-	-	-	-	-	-	-	-	-	-	-	-	
synMTS_8_015_var1	0.002	No mitochondrial presequence	35(MPP)	-0.200		13-22-low	-	-	-	-	-	-	-	-	-	-	-	-	-	-	
synMTS_8_130_var1	0.003	No mitochondrial presequence	35(MPP)	-0.171		18-27-high	-	-	-	-	-	-	-	-	-	-	-	-	-	-	
synMTS_8_106_var1	0.000	No mitochondrial presequence	35(MPP)	-0.200		1-10-low	-	-	-	-	-	-	-	-	-	-	-	-	-	-	
synMTS_8_134_var1	0.001	No mitochondrial presequence	77(MPP)	-0.208	74-78	18-27-low	-	-	-	-	-	-	-	-	-	-	-	-	-	-	
synMTS_8_030_var1	0.010	No mitochondrial presequence	36(MPP), 37(Icp55)	-0.222	70-74	18-27-low	-	-	-	-	-	-	-	-	-	-	-	-	-	-	
synMTS_8_167_var1	0.007	No mitochondrial presequence	42(MPP)	-0.214		7-16-low	-	-	-	-	-	-	-	-	-	-	-	-	-	-	
synMTS_8_133_var1	0.012	No mitochondrial presequence	56(MPP)	-0.161		6-15-low	-	-	-	-	-	-	-	-	-	-	-	-	-	-	
synMTS_8_058_var1	0.001	No mitochondrial presequence	34(MPP)	-0.206		21-30-low	-	-	-	-	-	-	-	-	-	-	-	-	-	-	
synMTS_8_097_var1	0.000	No mitochondrial presequence	49(MPP)	-0.184	46-50	18-27-low	-	-	-	-	-	-	-	-	-	-	-	-	-	-	
synMTS_8_067_var1	0.011	No mitochondrial presequence	24(MPP)	-0.208		3-12-low	-	-	-	-	-	-	-	-	-	-	-	-	-	-	
synMTS_8_016_var1	0.003	No mitochondrial presequence	22(MPP)	-0.227		20-30-low	-	-	-	-	-	-	-	-	-	-	-	-	-	-	
synMTS_8_010_var1	0.000	No mitochondrial presequence	47(MPP)	-0.213		13-22-low	-	-	-	-	-	-	-	-	-	-	-	-	-	-	
synMTS_8_169_var1	0.003	No mitochondrial presequence	46(MPP)	-0.217	24-28	13-22-low	-	-	-	-	-	-	-	-	-	-	-	-	-	-	
synMTS_8_129_var1	0.000	No mitochondrial presequence	68(MPP)	-0.176	40-44	4-16-low	-	-	-	-	-	-	-	-	-	-	-	-	-	-	
synMTS_8_007_var1	0.000	No mitochondrial presequence	36(MPP)	-0.222		19-28-low	-	-	-	-	-	-	-	-	-	-	-	-	-	-	
synMTS_8_198_var1	0.002	No mitochondrial presequence	71(MPP)	-0.197	68-72	19-29-low	-	-	-	-	-	-	-	-	-	-	-	-	-	-	
synMTS_8_149_var1	0.000	No mitochondrial presequence	70(MPP)	-0.186		2-11-low	-	-	-	-	-	-	-	-	-	-	-	-	-	-	
synMTS_8_101_var1	0.001	No mitochondrial presequence	81(MPP)	-0.198	78-82	13-22-low	-	-	-	-	-	-	-	-	-	-	-	-	-	-	
synMTS_8_036_var1	0.002	No mitochondrial presequence	46(MPP)	-0.217	21-25	2-12-low	-	-	-	-	-	-	-	-	-	-	-	-	-	-	
synMTS_8_054_var1	0.002	No mitochondrial presequence	72(MPP)	-0.194		3-12-low	-	-	-	-	-	-	-	-	-	-	-	-	-	-	
synMTS_8_131_var1	0.001	No mitochondrial presequence	10(MPP)	-0.200		17-26-low	-	-	-	-	-	-	-	-	-	-	-	-	-	-	
synMTS_8_112_var1	0.000	No mitochondrial presequence	6(MPP)	-0.167		21-30-low	-	-	-	-	-	-	-	-	-	-	-	-	-	-	
synMTS_8_180_var1	0.019	No mitochondrial presequence	71(MPP)	-0.169	69-73	13-22-low	-	-	-	-	-	-	-	-	-	-	-	-	-	-	
synMTS_8_124_var1	0.001	No mitochondrial presequence	64(MPP)	-0.188	61-65	2-11-low	-	-	-	-	-	-	-	-	-	-	-	-	-	-	
synMTS_8_126_var1	0.004	No mitochondrial presequence	67(MPP)	-0.194		7-19-low	-	-	-	-	-	-	-	-	-	-	-	-	-	-	
synMTS_8_163_var1	0.000	No mitochondrial presequence	64(MPP)	-0.203		10-19-low	-	-	-	-	-	-	-	-	-	-	-	-	-	-	
synMTS_8_012_var1	0.003	No mitochondrial presequence	52(MPP)	-0.173	15-19,49-53	11-22-low	-	-	-	-	-	-	-	-	-	-	-	-	-	-	
synMTS_8_043_var1	0.000	No mitochondrial presequence	33(MPP)	-0.212		20-30-low	-	-	-	-	-	-	-	-	-	-	-	-	-	-	
synMTS_8_156_var1	0.004	No mitochondrial presequence	42(MPP)	-0.214		8-17-low	-	-	-	-	-	-	-	-	-	-	-	-	-	-	
synMTS_8_164_var1	0.010	No mitochondrial presequence	82(MPP)	-0.207	79-83	19-28-low	-	-	-	-	-	-	-	-	-	-	-	-	-	-	
synMTS_8_118_var1	0.000	No mitochondrial presequence	36(MPP)	-0.194	30-34	11-20-low	-	-	-	-	-	-	-	-	-	-	-	-	-	-	
synMTS_8_110_var1	0.002	No mitochondrial presequence	49(MPP)	-0.143		8-17-low	-	-	-	-	-	-	-	-	-	-	-	-	-	-	
synMTS_8_063_var1	0.000	No mitochondrial presequence	69(MPP)	-0.203		17-26-low	-	-	-	-	-	-	-	-	-	-	-	-	-	-	
synMTS_8_033_var1	0.001	No mitochondrial presequence	42(MPP)	-0.190		19-28-low	-	-	-	-	-	-	-	-	-	-	-	-	-	-	
synMTS_8_037_var1	0.002	No mitochondrial presequence	73(MPP)	-0.192	54-58	9-18-low	-	-	-	-	-	-	-	-	-	-	-	-	-	-	
synMTS_8_140_var1	0.000	No mitochondrial presequence	76(MPP)	-0.211	73-77	2-11-low	-	-	-	-	-	-	-	-	-	-	-	-	-	-	
synMTS_8_188_var1	0.003	No mitochondrial presequence	69(MPP)	-0.188		21-30-low	-	-	-	-	-	-	-	-	-	-	-	-	-	-	
synMTS_8_072_var1	0.000	No mitochondrial presequence	63(MPP)	-0.206		5-14-low	-	-	-	-	-	-	-	-	-	-	-	-	-	-	
synMTS_8_172_var1	0.002	No mitochondrial presequence	64(MPP)	-0.203	61-65	20-29-low	-	-	-	-	-	-	-	-	-	-	-	-	-	-	
synMTS_8_166_var1	0.000	No mitochondrial presequence	61(MPP)	-0.197		15-24-low	-	-	-	-	-	-	-	-	-	-	-	-	-	-	
synMTS_8_143_var1	0.001	No mitochondrial presequence	39(MPP)	-0.179		14-25-low	-	-	-	-	-	-	-	-	-	-	-	-	-	-	
synMTS_8_175_var1	0.000	No mitochondrial presequence	88(MPP)	-0.205		7-17-low	-	-	-	-	-	-	-	-	-	-	-	-	-	-	
synMTS_8_114_var1	0.029	No mitochondrial presequence	66(MPP)	-0.197	40-44	10-19-low	-	-	-	-	-	-	-	-	-	-	-	-	-	-	
synMTS_8_002_var1	0.001	No mitochondrial presequence	69(MPP)	-0.174	4-8,67-71	14-23-low	-	-	-	-	-	-	-	-	-	-	-	-	-	-	
synMTS_8_050_var1	0.002	No mitochondrial presequence	48(MPP)	-0.167		5-16-low	-	-	-	-	-	-	-	-	-	-	-	-	-	-	
synMTS_8_137_var1	0.000	No mitochondrial presequence	7(MPP)	-0.143		21-30-low	-	-	-	-	-	-	-	-	-	-	-	-	-	-	
synMTS_8_055_var1	0.001	No mitochondrial presequence	45(MPP)	-0.222	57-61	19-28-low	-	-	-	-	-	-	-	-	-	-	-	-	-	-	
synMTS_8_068_var1	0.001	No mitochondrial presequence	47(MPP)	-0.234		7-16-low	-	-	-	-	-	-	-	-	-	-	-	-	-	-	
synMTS_8_017_var1	0.000	No mitochondrial presequence	73(MPP)	-0.192		9-18-low	-	-	-	-	-	-	-	-	-	-	-	-	-	-	
synMTS_8_153_var1	0.001	No mitochondrial presequence	45(MPP)	-0.200		8-19-low	-	-	-	-	-	-	-	-	-	-	-	-	-	-	
synMTS_8_155_var1	0.000	No mitochondrial presequence	67(MPP)	-0.224	64-68	3-12-low	-	-	-	-	-	-	-	-	-	-	-	-	-	-	
synMTS_8_122_var1	0.001	No mitochondrial presequence	35(MPP)	-0.229		21-30-high	-	-	-	-	-	-	-	-	-	-	-	-	-	-	
synMTS_8_092_var1	0.001	No mitochondrial presequence	50(MPP)	-0.160		1-10-low	-	-	-	-	-	-	-	-	-	-	-	-	-	-	
synMTS_8_077_var1	0.002	No mitochondrial presequence	40(MPP)	-0.200		11-22-low	-	-	-	-	-	-	-	-	-	-	-	-	-	-	
synMTS_8_100_var1	0.003	No mitochondrial presequence	70(MPP)	-0.214		18-27-low	-	-	-	-	-	-	-	-	-	-	-	-	-	-	
synMTS_8_042_var1	0.000	No mitochondrial presequence	65(MPP)	-0.185	62-66	4-13-low	-	-	-	-	-	-	-	-	-	-	-	-	-	-	
synMTS_8_186_var1	0.007	No mitochondrial presequence	59(MPP)	-0.203		11-20-low	-	-	-	-	-	-	-	-	-	-	-	-	-	-	
synMTS_8_056_var1	0.000	No mitochondrial presequence	41(MPP)	-0.220	60-64	9-18-low	-	-	-	-	-	-	-	-	-	-	-	-	-	-	
synMTS_8_170_var1	0.001	No mitochondrial presequence	49(MPP)	-0.163		12-21-low	-	-	-	-	-	-	-	-	-	-	-	-	-	-	
synMTS_8_144_var1	0.002	No mitochondrial presequence	71(MPP)	-0.211		6-15-low	-	-	-	-	-	-	-	-	-	-	-	-	-	-	
synMTS_8_105_var1	0.001	No mitochondrial presequence	84(MPP)	-0.179		13-22-low	-	-	-	-	-	-	-	-	-	-	-	-	-	-	
synMTS_8_051_var1	0.000	No mitochondrial presequence	35(MPP)	-0.200		19-28-low	-	-	-	-	-	-	-	-	-	-	-	-	-	-	
synMTS_8_152_var1	0.000	No mitochondrial presequence	72(MPP)	-0.194		21-30-low	-	-	-	-	-	-	-	-	-	-	-	-	-	-	
synMTS_8_029_var1	0.002	No mitochondrial presequence	38(MPP)	-0.211		9-18-low	-	-	-	-	-	-	-	-	-	-	-	-	-	-	
synMTS_8_070_var1	0.002	No mitochondrial presequence	71(MPP)	-0.183		9-22-low	-	-	-	-	-	-	-	-	-	-	-	-	-	-	
synMTS_8_073_var1	0.005	No mitochondrial presequence	20(MPP)	-0.200		4-14-low	-	-	-	-	-	-	-	-	-	-	-	-	-	-	
synMTS_8_049_var1	0.002	No mitochondrial presequence	45(MPP)	-0.244	59-63	19-28-low	-	-	-	-	-	-	-	-	-	-	-	-	-	-	
synMTS_8_146_var1	0.000	No mitochondrial presequence	40(MPP)	-0.225		1-10-low	-	-	-	-	-	-	-	-	-	-	-	-	-	-	
synMTS_8_185_var1	0.039	No mitochondrial presequence	71(MPP)	-0.183		12-21-low	-	-	-	-	-	-	-	-	-	-	-	-	-	-	
synMTS_8_091_var1	0.014	No mitochondrial presequence	43(MPP)	-0.209		2-11-low	-	-	-	-	-	-	-	-	-	-	-	-	-	-	
synMTS_8_023_var1	0.000	No mitochondrial presequence	33(MPP)	-0.212	88-92	20-29-low	-	-	-	-	-	-	-	-	-	-	-	-	-	-	
synMTS_8_090_var1	0.005	No mitochondrial presequence	42(MPP)	-0.214	47-51	5-14-low	-	-	-	-	-	-	-	-	-	-	-	-	-	-	
synMTS_8_102_var1	0.024	No mitochondrial presequence	45(MPP)	-0.222		2-11-low	-	-	-	-	-	-	-	-	-	-	-	-	-	-	
synMTS_8_125_var1	0.000	No mitochondrial presequence	64(MPP)	-0.203		17-26-low	-	-	-	-	-	-	-	-	-	-	-	-	-	-	
synMTS_8_096_var1	0.009	No mitochondrial presequence	63(MPP)	-0.190	60-64	3-12-low	-	-	-	-	-	-	-	-	-	-	-	-	-	-	
synMTS_8_194_var1	0.004	No mitochondrial presequence	72(MPP)	-0.222		17-26-low	-	-	-	-	-	-	-	-	-	-	-	-	-	-	
synMTS_8_190_var1	0.001	No mitochondrial presequence	45(MPP)	-0.244		17-26-low	-	-	-	-	-	-	-	-	-	-	-	-	-	-	
synMTS_8_154_var1	0.001	No mitochondrial presequence	75(MPP)	-0.200	42-46	20-29-low	-	-	-	-	-	-	-	-	-	-	-	-	-	-	
synMTS_8_048_var1	0.006	No mitochondrial presequence	33(MPP)	-0.182	21-25,58-62	8-17-low	-	-	-	-	-	-	-	-	-	-	-	-	-	-	
synMTS_8_084_var1	0.001	No mitochondrial presequence	66(MPP)	-0.182	63-67	21-30-low	-	-	-	-	-	-	-	-	-	-	-	-	-	-	
synMTS_8_064_var1	0.000	No mitochondrial presequence	75(MPP)	-0.213		3-12-low	-	-	-	-	-	-	-	-	-	-	-	-	-	-	
synMTS_8_107_var1	0.018	No mitochondrial presequence	93(MPP)	-0.194		6-17-low	-	-	-	-	-	-	-	-	-	-	-	-	-	-	
synMTS_8_008_var1	0.009	No mitochondrial presequence	79(MPP)	-0.190	47-51	20-29-low	-	-	-	-	-	-	-	-	-	-	-	-	-	-	
synMTS_8_157_var1	0.001	No mitochondrial presequence	77(MPP)	-0.195		14-25-low	-	-	-	-	-	-	-	-	-	-	-	-	-	-	
synMTS_8_148_var1	0.002	No mitochondrial presequence	34(MPP)	-0.235		19-29-low	-	-	-	-	-	-	-	-	-	-	-	-	-	-	
synMTS_8_095_var1	0.003	No mitochondrial presequence	33(MPP)	-0.212		8-17-low	-	-	-	-	-	-	-	-	-	-	-	-	-	-	
synMTS_8_174_var1	0.000	No mitochondrial presequence	93(MPP)	-0.215		11-20-low	-	-	-	-	-	-	-	-	-	-	-	-	-	-	
synMTS_8_053_var1	0.002	No mitochondrial presequence	68(MPP)	-0.221		9-18-low	-	-	-	-	-	-	-	-	-	-	-	-	-	-	
synMTS_8_075_var1	0.004	No mitochondrial presequence	45(MPP)	-0.156		2-11-low	-	-	-	-	-	-	-	-	-	-	-	-	-	-	
synMTS_8_127_var1	0.001	No mitochondrial presequence	41(MPP), 42(Icp55)	-0.220		1-10-low	-	-	-	-	-	-	-	-	-	-	-	-	-	-	
synMTS_8_128_var1	0.002	No mitochondrial presequence	39(MPP)	-0.179		19-28-low	-	-	-	-	-	-	-	-	-	-	-	-	-	-	
synMTS_8_080_var1	0.000	No mitochondrial presequence	86(MPP)	-0.233		19-28-low	-	-	-	-	-	-	-	-	-	-	-	-	-	-	
synMTS_8_065_var1	0.008	No mitochondrial presequence	58(MPP)	-0.172		13-22-low	-	-	-	-	-	-	-	-	-	-	-	-	-	-	
synMTS_8_039_var1	0.008	No mitochondrial presequence	46(MPP)	-0.152		5-14-low	-	-	-	-	-	-	-	-	-	-	-	-	-	-	
synMTS_8_120_var1	0.002	No mitochondrial presequence	63(MPP)	-0.206		10-19-low	-	-	-	-	-	-	-	-	-	-	-	-	-	-	
synMTS_8_099_var1	0.002	No mitochondrial presequence	66(MPP)	-0.197	63-67	3-12-low	-	-	-	-	-	-	-	-	-	-	-	-	-	-	
synMTS_8_021_var1	0.000	No mitochondrial presequence	12(MPP)	-0.250		10-19-low	-	-	-	-	-	-	-	-	-	-	-	-	-	-	
synMTS_8_027_var1	0.008	No mitochondrial presequence	67(MPP)	-0.194		4-13-low	-	-	-	-	-	-	-	-	-	-	-	-	-	-	
synMTS_8_121_var1	0.001	No mitochondrial presequence	34(MPP)	-0.176	89-93	4-13-low	-	-	-	-	-	-	-	-	-	-	-	-	-	-	
synMTS_8_183_var1	0.015	No mitochondrial presequence	35(MPP)	-0.171		20-30-low	-	-	-	-	-	-	-	-	-	-	-	-	-	-	
synMTS_8_197_var1	0.004	No mitochondrial presequence	67(MPP)	-0.194		1-11-low	-	-	-	-	-	-	-	-	-	-	-	-	-	-	
synMTS_8_108_var1	0.000	No mitochondrial presequence	48(MPP)	-0.167		1-10-low	-	-	-	-	-	-	-	-	-	-	-	-	-	-	
synMTS_8_034_var1	0.013	No mitochondrial presequence	70(MPP)	-0.200	67-71	10-19-low	-	-	-	-	-	-	-	-	-	-	-	-	-	-	
synMTS_8_046_var1	0.001	No mitochondrial presequence	95(MPP)	-0.179	93-97	12-21-low	-	-	-	-	-	-	-	-	-	-	-	-	-	-	
synMTS_8_041_var1	0.006	No mitochondrial presequence	41(MPP)	-0.195		21-30-high	-	-	-	-	-	-	-	-	-	-	-	-	-	-	
synMTS_8_052_var1	0.002	No mitochondrial presequence	36(MPP)	-0.222		14-23-low	-	-	-	-	-	-	-	-	-	-	-	-	-	-	
synMTS_8_187_var1	0.015	No mitochondrial presequence	67(MPP)	-0.179	49-53	13-22-low	-	-	-	-	-	-	-	-	-	-	-	-	-	-	
synMTS_8_011_var1	0.002	No mitochondrial presequence	71(MPP)	-0.197		14-23-low	-	-	-	-	-	-	-	-	-	-	-	-	-	-	
synMTS_8_009_var1	0.002	No mitochondrial presequence	90(MPP)	-0.222		10-19-low	-	-	-	-	-	-	-	-	-	-	-	-	-	-	
synMTS_8_088_var1	0.000	No mitochondrial presequence	40(MPP)	-0.225		20-29-low	-	-	-	-	-	-	-	-	-	-	-	-	-	-	
synMTS_8_109_var1	0.003	No mitochondrial presequence	77(MPP)	-0.195	74-78	14-25-low	-	-	-	-	-	-	-	-	-	-	-	-	-	-	
synMTS_8_139_var1	0.002	No mitochondrial presequence	81(MPP)	-0.185	75-79,78-82	1-12-low	-	-	-	-	-	-	-	-	-	-	-	-	-	-	
synMTS_8_193_var1	0.017	No mitochondrial presequence	33(MPP)	-0.212		5-16-low	-	-	-	-	-	-	-	-	-	-	-	-	-	-	
synMTS_8_082_var1	0.023	No mitochondrial presequence	74(MPP)	-0.203	67-71,71-75	6-15-low	-	-	-	-	-	-	-	-	-	-	-	-	-	-	
synMTS_8_035_var1	0.003	No mitochondrial presequence	33(MPP), 34(Icp55)	-0.212		10-19-low	-	-	-	-	-	-	-	-	-	-	-	-	-	-	
synMTS_8_199_var1	0.010	No mitochondrial presequence	35(MPP)	-0.200		1-12-low	-	-	-	-	-	-	-	-	-	-	-	-	-	-	
synMTS_8_024_var1	0.004	No mitochondrial presequence	38(MPP)	-0.211		7-16-low	-	-	-	-	-	-	-	-	-	-	-	-	-	-	
synMTS_8_200_var1	0.001	No mitochondrial presequence	35(MPP)	-0.200		6-15-low	-	-	-	-	-	-	-	-	-	-	-	-	-	-	
synMTS_8_020_var1	0.001	No mitochondrial presequence	37(MPP)	-0.189		12-21-low	-	-	-	-	-	-	-	-	-	-	-	-	-	-	
synMTS_8_014_var1	0.001	No mitochondrial presequence	93(MPP)	-0.215	5-9	4-13-low	-	-	-	-	-	-	-	-	-	-	-	-	-	-	
synMTS_8_116_var1	0.002	No mitochondrial presequence	32(MPP)	-0.219		11-20-low	-	-	-	-	-	-	-	-	-	-	-	-	-	-	
synMTS_8_171_var1	0.003	No mitochondrial presequence	34(MPP)	-0.206		1-10-low	-	-	-	-	-	-	-	-	-	-	-	-	-	-	
synMTS_8_062_var1	0.000	No mitochondrial presequence	36(MPP)	-0.194		14-27-low	-	-	-	-	-	-	-	-	-	-	-	-	-	-	
synMTS_8_078_var1	0.001	No mitochondrial presequence	43(MPP)	-0.209		13-22-low	-	-	-	-	-	-	-	-	-	-	-	-	-	-	
synMTS_8_061_var1	0.001	No mitochondrial presequence	90(MPP)	-0.222		8-17-low	-	-	-	-	-	-	-	-	-	-	-	-	-	-	
synMTS_8_145_var1	0.004	No mitochondrial presequence	82(MPP)	-0.207	79-83	3-12-low	-	-	-	-	-	-	-	-	-	-	-	-	-	-	
synMTS_8_032_var1	0.002	No mitochondrial presequence	48(MPP)	-0.167	12-16,45-49	8-19-low	-	-	-	-	-	-	-	-	-	-	-	-	-	-	
synMTS_8_165_var1	0.000	No mitochondrial presequence	74(MPP)	-0.230		14-23-low	-	-	-	-	-	-	-	-	-	-	-	-	-	-	
synMTS_8_181_var1	0.009	No mitochondrial presequence	38(MPP)	-0.211	9-13,82-86	1-13-low	-	-	-	-	-	-	-	-	-	-	-	-	-	-	
synMTS_8_115_var1	0.000	No mitochondrial presequence	76(MPP)	-0.197		8-17-low	-	-	-	-	-	-	-	-	-	-	-	-	-	-	
synMTS_8_147_var1	0.000	No mitochondrial presequence	39(MPP)	-0.231	93-97	18-27-low	-	-	-	-	-	-	-	-	-	-	-	-	-	-	
synMTS_8_076_var1	0.000	No mitochondrial presequence	34(MPP)	-0.206		10-19-low	-	-	-	-	-	-	-	-	-	-	-	-	-	-	
synMTS_8_031_var1	0.008	No mitochondrial presequence	79(MPP)	-0.190	76-80	5-16-low	-	-	-	-	-	-	-	-	-	-	-	-	-	-	
synMTS_8_132_var1	0.000	No mitochondrial presequence	86(MPP)	-0.209	42-46	21-30-low	-	-	-	-	-	-	-	-	-	-	-	-	-	-	
synMTS_8_093_var1	0.000	No mitochondrial presequence	79(MPP)	-0.203	77-81	14-29-low	-	-	-	-	-	-	-	-	-	-	-	-	-	-	
synMTS_8_178_var1	0.007	No mitochondrial presequence	33(MPP)	-0.212	42-46	14-23-low	-	-	-	-	-	-	-	-	-	-	-	-	-	-	
synMTS_8_161_var1	0.001	No mitochondrial presequence	79(MPP)	-0.203		21-30-low	-	-	-	-	-	-	-	-	-	-	-	-	-	-	
synMTS_8_117_var1	0.000	No mitochondrial presequence	59(MPP)	-0.203	56-60	18-27-low	-	-	-	-	-	-	-	-	-	-	-	-	-	-	
synMTS_8_060_var1	0.006	No mitochondrial presequence	74(MPP)	-0.216		15-24-low	-	-	-	-	-	-	-	-	-	-	-	-	-	-	
synMTS_8_136_var1	0.003	No mitochondrial presequence	72(MPP)	-0.194	69-73	17-26-low	-	-	-	-	-	-	-	-	-	-	-	-	-	-	
synMTS_8_150_var1	0.000	No mitochondrial presequence	65(MPP)	-0.215		4-13-low	-	-	-	-	-	-	-	-	-	-	-	-	-	-	
synMTS_8_089_var1	0.006	No mitochondrial presequence	16(MPP)	-0.188		13-22-low	-	-	-	-	-	-	-	-	-	-	-	-	-	-	
synMTS_8_162_var1	0.004	No mitochondrial presequence	41(MPP)	-0.220		8-17-low	-	-	-	-	-	-	-	-	-	-	-	-	-	-	
synMTS_8_038_var1	0.002	No mitochondrial presequence	57(MPP)	-0.175		19-28-low	-	-	-	-	-	-	-	-	-	-	-	-	-	-	
synMTS_8_019_var1	0.008	No mitochondrial presequence	33(MPP)	-0.182		2-11-low	-	-	-	-	-	-	-	-	-	-	-	-	-	-	
synMTS_8_018_var1	0.010	No mitochondrial presequence	68(MPP)	-0.176		9-18-low	-	-	-	-	-	-	-	-	-	-	-	-	-	-	
synMTS_8_004_var1	0.000	No mitochondrial presequence	50(MPP)	-0.180		20-29-low	-	-	-	-	-	-	-	-	-	-	-	-	-	-	
synMTS_8_086_var1	0.004	No mitochondrial presequence	53(MPP)	-0.170		4-13-low	-	-	-	-	-	-	-	-	-	-	-	-	-	-	
synMTS_8_069_var1	0.001	No mitochondrial presequence	80(MPP)	-0.225	29-33	8-17-low	-	-	-	-	-	-	-	-	-	-	-	-	-	-	
synMTS_8_189_var1	0.004	No mitochondrial presequence	40(MPP)	-0.200		9-18-low	-	-	-	-	-	-	-	-	-	-	-	-	-	-	
synMTS_8_040_var1	0.002	No mitochondrial presequence	68(MPP)	-0.191	94-98	15-24-low	-	-	-	-	-	-	-	-	-	-	-	-	-	-	
synMTS_8_104_var1	0.000	No mitochondrial presequence	48(MPP)	-0.188	45-49	8-17-low	-	-	-	-	-	-	-	-	-	-	-	-	-	-	
synMTS_8_028_var1	0.001	No mitochondrial presequence	44(MPP)	-0.159		3-15-low	-	-	-	-	-	-	-	-	-	-	-	-	-	-	
synMTS_8_083_var1	0.001	No mitochondrial presequence	39(MPP)	-0.205		2-11-low	-	-	-	-	-	-	-	-	-	-	-	-	-	-	
synMTS_8_151_var1	0.004	No mitochondrial presequence	67(MPP)	-0.209		10-19-low	-	-	-	-	-	-	-	-	-	-	-	-	-	-	
synMTS_8_013_var1	0.000	No mitochondrial presequence	80(MPP)	-0.200		3-12-low	-	-	-	-	-	-	-	-	-	-	-	-	-	-	
synMTS_8_179_var1	0.004	No mitochondrial presequence	62(MPP)	-0.194	59-63	17-26-low	-	-	-	-	-	-	-	-	-	-	-	-	-	-	
synMTS_8_044_var1	0.001	No mitochondrial presequence	45(MPP)	-0.156		1-10-low	-	-	-	-	-	-	-	-	-	-	-	-	-	-	
synMTS_8_059_var1	0.001	No mitochondrial presequence	50(MPP)	-0.180		7-16-low	-	-	-	-	-	-	-	-	-	-	-	-	-	-	
synMTS_8_087_var1	0.001	No mitochondrial presequence	73(MPP)	-0.247		19-28-low	-	-	-	-	-	-	-	-	-	-	-	-	-	-	
synMTS_8_173_var1	0.006	No mitochondrial presequence	35(MPP)	-0.229		16-25-low	-	-	-	-	-	-	-	-	-	-	-	-	-	-	
synMTS_8_071_var1	0.003	No mitochondrial presequence	38(MPP), 39(Icp55)	-0.184		10-19-low	-	-	-	-	-	-	-	-	-	-	-	-	-	-	
synMTS_8_045_var1	0.001	No mitochondrial presequence	80(MPP)	-0.200	77-81	4-15-low	-	-	-	-	-	-	-	-	-	-	-	-	-	-	
synMTS_8_025_var1	0.005	No mitochondrial presequence	12(MPP)	-0.167		7-16-low	-	-	-	-	-	-	-	-	-	-	-	-	-	-	
synMTS_8_141_var1	0.004	No mitochondrial presequence	87(MPP)	-0.195		6-15-low	-	-	-	-	-	-	-	-	-	-	-	-	-	-	
synMTS_8_111_var1	0.001	No mitochondrial presequence	67(MPP)	-0.194	65-69	20-29-low	-	-	-	-	-	-	-	-	-	-	-	-	-	-	
synMTS_8_098_var1	0.001	No mitochondrial presequence	60(MPP)	-0.183		9-18-low	-	-	-	-	-	-	-	-	-	-	-	-	-	-	
synMTS_8_081_var1	0.006	No mitochondrial presequence	65(MPP)	-0.185		3-12-low	-	-	-	-	-	-	-	-	-	-	-	-	-	-	
synMTS_8_113_var1	0.003	No mitochondrial presequence	58(MPP)	-0.155	56-60	6-15-low	-	-	-	-	-	-	-	-	-	-	-	-	-	-	
synMTS_8_159_var1	0.005	No mitochondrial presequence	47(MPP)	-0.234		20-30-low	-	-	-	-	-	-	-	-	-	-	-	-	-	-	
synMTS_8_074_var1	0.001	No mitochondrial presequence	15(MPP), 16(Icp55)	-0.200		11-20-low	-	-	-	-	-	-	-	-	-	-	-	-	-	-	
synMTS_8_184_var1	0.001	No mitochondrial presequence	50(MPP)	-0.180	47-51	2-11-low	-	-	-	-	-	-	-	-	-	-	-	-	-	-	
synMTS_8_138_var1	0.000	No mitochondrial presequence	75(MPP)	-0.200		8-17-low	-	-	-	-	-	-	-	-	-	-	-	-	-	-	
synMTS_8_047_var1	0.001	No mitochondrial presequence	62(MPP)	-0.210	60-64	21-30-low	-	-	-	-	-	-	-	-	-	-	-	-	-	-	
synMTS_8_119_var1	0.001	No mitochondrial presequence	45(MPP)	-0.156		2-11-low	-	-	-	-	-	-	-	-	-	-	-	-	-	-	
synMTS_8_057_var1	0.002	No mitochondrial presequence	71(MPP)	-0.197		1-10-high	-	-	-	-	-	-	-	-	-	-	-	-	-	-	
synMTS_8_158_var1	0.016	No mitochondrial presequence	46(MPP)	-0.152	44-48	6-17-low	-	-	-	-	-	-	-	-	-	-	-	-	-	-	
synMTS_8_005_var1	0.001	No mitochondrial presequence	49(MPP)	-0.184		14-23-low	-	-	-	-	-	-	-	-	-	-	-	-	-	-	
synMTS_8_182_var1	0.005	No mitochondrial presequence	89(MPP)	-0.213	86-90	9-18-low	-	-	-	-	-	-	-	-	-	-	-	-	-	-	
synMTS_8_103_var1	0.025	No mitochondrial presequence	44(MPP)	-0.159		9-18-low	-	-	-	-	-	-	-	-	-	-	-	-	-	-	
synMTS_8_006_var1	0.007	No mitochondrial presequence	69(MPP)	-0.188		16-25-low	-	-	-	-	-	-	-	-	-	-	-	-	-	-	
synMTS_8_177_var1	0.000	No mitochondrial presequence	75(MPP)	-0.227	52-56,87-91	6-15-low	-	-	-	-	-	-	-	-	-	-	-	-	-	-	
synMTS_8_079_var1	0.003	No mitochondrial presequence	20(MPP), 21(Icp55)	-0.250		6-15-low	-	-	-	-	-	-	-	-	-	-	-	-	-	-	
synMTS_8_003_var1	0.013	No mitochondrial presequence	64(MPP)	-0.188	44-48,61-65	9-18-low	-	-	-	-	-	-	-	-	-	-	-	-	-	-	
synMTS_8_191_var1	0.000	No mitochondrial presequence	67(MPP)	-0.194		8-17-low	-	-	-	-	-	-	-	-	-	-	-	-	-	-	
synMTS_8_196_var1	0.005	No mitochondrial presequence	10(MPP)	-0.200		17-26-low	-	-	-	-	-	-	-	-	-	-	-	-	-	-	
synMTS_8_168_var1	0.000	No mitochondrial presequence	70(MPP)	-0.200		10-20-low	-	-	-	-	-	-	-	-	-	-	-	-	-	-	
synMTS_9_011_var1	0.021	No mitochondrial presequence	59(MPP)	0.017		9-20-low	-	-	-	-	-	-	-	-	-	-	-	-	-	-	
synMTS_9_156_var1	0.007	No mitochondrial presequence	73(MPP)	-0.014	5-9	9-18-low	-	-	-	-	-	-	-	-	-	-	-	-	-	-	
synMTS_9_022_var1	0.106	No mitochondrial presequence	24(MPP)	0.167		10-21-high	-	-	-	-	-	-	-	-	-	-	-	-	-	-	
synMTS_9_054_var1	0.001	No mitochondrial presequence	68(MPP)	-0.103	45-49,65-69,71-75	14-23-low	-	-	-	-	-	-	-	-	-	-	-	-	-	-	
synMTS_9_040_var1	0.018	No mitochondrial presequence	41(MPP)	-0.024	30-34,67-71,93-97	11-20-low	-	-	-	-	-	-	-	-	-	-	-	-	-	-	
synMTS_9_100_var1	0.596	Possessing mitochondrial presequence	44(MPP)	0.205	4-8,8-12,28-32,38-42	5-14-high	-	-	-	-	-	-	-	-	-	-	-	-	-	-	
synMTS_9_096_var1	0.109	No mitochondrial presequence	38(MPP)	0.105	24-28,27-31	21-30-high	-	-	-	-	-	-	-	-	-	-	-	23-28	-	-	
synMTS_9_171_var1	0.014	No mitochondrial presequence	36(MPP)	-0.028	18-22,70-74,96-100	12-21-high	-	-	-	-	-	-	-	-	-	-	-	-	-	-	
synMTS_9_192_var1	0.011	No mitochondrial presequence	21(MPP)	0.143		4-14-low	-	-	-	-	-	-	-	-	-	-	-	-	-	-	
synMTS_9_062_var1	0.013	No mitochondrial presequence	15(MPP)	0.067		15-24-low	-	-	-	-	-	-	-	-	-	-	-	-	-	-	
synMTS_9_065_var1	0.017	No mitochondrial presequence	38(MPP)	-0.079		7-16-low	-	-	-	-	-	-	-	-	-	-	-	-	-	-	
synMTS_9_046_var1	0.083	No mitochondrial presequence	21(MPP)	0.143	14-18,22-26,37-41,93-97	10-19-high	-	-	-	-	-	-	-	10-15	-	-	-	-	14-19	-	
synMTS_9_068_var1	0.098	No mitochondrial presequence	12(MPP)	0.167		19-28-low	-	-	-	-	-	-	-	-	-	-	-	-	-	-	
synMTS_9_166_var1	0.229	No mitochondrial presequence	8(MPP)	0.250		2-11-high	-	-	25-30	-	-	2-7	-	-	-	1-6	-	-	-	15-20	
synMTS_9_017_var1	0.040	No mitochondrial presequence	42(MPP)	0.024		10-20-low	-	-	-	-	-	-	-	-	-	-	-	-	-	-	
synMTS_9_098_var1	0.916	Possessing mitochondrial presequence	40(MPP), 41(Icp55)	0.200	50-54	16-27-high	-	-	-	-	-	-	2-7	-	-	1-6	-	-	-	-	
synMTS_9_026_var1	0.023	No mitochondrial presequence	39(MPP)	0.000	61-65,73-77,84-88	7-16-high	-	-	-	-	-	-	-	-	-	-	-	-	-	-	
synMTS_9_035_var1	0.472	Possessing mitochondrial presequence	23(MPP)	0.130	43-47,46-50,53-57	9-18-low	-	-	-	-	-	-	-	-	-	-	-	-	-	-	
synMTS_9_021_var1	0.057	No mitochondrial presequence	16(MPP)	0.062	13-17,62-66,69-73	17-26-high	-	-	-	-	-	-	-	-	16-21	-	-	-	-	-	
synMTS_9_178_var1	0.105	No mitochondrial presequence	42(MPP)	0.048	8-12,39-43,96-100	16-25-low	-	-	-	-	-	-	-	-	-	-	-	-	-	-	
synMTS_9_005_var1	0.041	No mitochondrial presequence	35(MPP)	0.000	4-8,15-19,46-50,86-90	3-13-low	-	-	-	-	-	-	-	-	-	-	-	3-8	-	-	
synMTS_9_184_var1	0.141	No mitochondrial presequence	18(MPP)	0.000	69-73,74-78,91-95,96-100	2-14-low	-	-	-	-	-	-	-	-	-	-	-	-	-	-	
synMTS_9_033_var1	0.014	No mitochondrial presequence	12(MPP)	-0.083	9-13	4-13-low	-	-	-	-	-	-	-	-	-	-	-	-	-	-	
synMTS_9_162_var1	0.066	No mitochondrial presequence	33(MPP)	0.091	31-35	4-13-high	-	-	-	-	-	-	-	-	-	-	-	-	-	-	
synMTS_9_189_var1	0.008	No mitochondrial presequence	7(MPP)	0.143	54-58	18-27-low	-	-	-	-	-	-	-	-	-	-	-	-	-	-	
synMTS_9_070_var1	0.204	No mitochondrial presequence	41(MPP)	0.049	2-6,18-22,38-42,53-57,57-61,87-91	20-29-high	-	-	-	-	-	5-10	-	-	-	-	-	-	-	-	
synMTS_9_006_var1	0.135	No mitochondrial presequence	60(MPP)	0.117	8-12,11-15,19-23,54-58,57-61,87-91	15-24-high	-	-	-	-	-	-	-	-	-	-	-	18-23	-	-	
synMTS_9_149_var1	0.063	No mitochondrial presequence	29(MPP)	0.103	92-96	7-16-low	-	-	-	-	-	-	-	-	-	-	-	-	-	-	
synMTS_9_112_var1	0.196	No mitochondrial presequence	22(MPP)	0.136	15-19,36-40,95-99	11-20-high	-	-	-	16-21	-	-	-	-	-	-	-	-	-	-	
synMTS_9_013_var1	0.048	No mitochondrial presequence	40(MPP)	0.025	23-27,94-98	12-21-high	-	-	-	-	-	-	-	-	-	-	-	-	-	-	
synMTS_9_129_var1	0.727	Possessing mitochondrial presequence	13(MPP)	0.077	3-7,10-14,35-39	5-14-high	-	-	-	-	10-15	-	-	-	-	-	-	-	-	-	
synMTS_9_009_var1	0.064	No mitochondrial presequence	19(MPP)	0.105	16-20,45-49	16-25-high	-	-	-	-	-	-	-	-	-	-	-	-	-	-	
synMTS_9_165_var1	0.003	No mitochondrial presequence	57(MPP)	0.070	35-39,81-85	10-21-low	-	-	-	-	-	-	-	-	-	-	-	-	-	-	
synMTS_9_139_var1	0.506	Possessing mitochondrial presequence	9(MPP)	0.222		17-26-low	-	-	-	-	-	-	-	-	-	-	-	-	-	-	
synMTS_9_145_var1	0.070	No mitochondrial presequence	67(MPP)	0.090		14-23-low	-	-	-	-	-	-	-	-	23-28	-	22-27	-	-	-	
synMTS_9_091_var1	0.009	No mitochondrial presequence	79(MPP)	-0.013	8-12,76-80	10-19-low	-	-	-	-	-	-	-	-	-	-	-	-	-	-	
synMTS_9_111_var1	0.006	No mitochondrial presequence	27(MPP)	-0.148	46-50,50-54	5-14-low	-	-	-	-	-	-	-	-	-	-	-	-	-	-	
synMTS_9_120_var1	0.000	No mitochondrial presequence	54(MPP)	-0.037	46-50	5-14-low	-	-	-	-	-	-	-	-	-	-	-	-	-	-	
synMTS_9_146_var1	0.009	No mitochondrial presequence	35(MPP)	0.029		13-22-low	-	-	-	-	-	-	-	-	16-21	-	15-20	-	-	-	
synMTS_9_172_var1	0.028	No mitochondrial presequence	69(MPP)	-0.029		10-19-low	-	-	-	-	-	-	-	-	-	-	-	-	-	-	
synMTS_9_071_var1	0.011	No mitochondrial presequence	63(MPP)	0.016	60-64	11-20-high	-	-	-	-	-	-	-	-	-	-	-	-	-	-	
synMTS_9_049_var1	0.005	No mitochondrial presequence	68(MPP)	0.044	46-50	3-13-low	-	-	-	-	-	-	-	-	-	-	-	-	-	-	
synMTS_9_105_var1	0.025	No mitochondrial presequence	42(MPP)	0.071	9-13,15-19,82-86	5-14-high	-	-	-	-	-	-	-	-	-	-	-	-	-	-	
synMTS_9_095_var1	0.026	No mitochondrial presequence	15(MPP)	0.200	7-11,42-46	16-28-low	-	-	-	-	-	-	-	-	-	-	-	-	-	-	
synMTS_9_073_var1	0.311	No mitochondrial presequence	55(MPP)	0.164	26-30,39-43,49-53	4-15-low	-	-	-	-	-	4-9	-	-	-	3-8	-	25-30	-	-	
synMTS_9_113_var1	0.512	Possessing mitochondrial presequence	47(MPP)	0.085	44-48	21-30-low	-	-	-	-	-	-	25-30	-	-	-	-	-	-	-	
synMTS_9_083_var1	0.031	No mitochondrial presequence	61(MPP)	-0.016	20-24	17-26-high	-	-	-	-	-	-	-	-	-	-	-	-	-	-	
synMTS_9_020_var1	0.007	No mitochondrial presequence	28(MPP)	-0.107	71-75	5-14-low	-	-	-	-	-	-	-	-	-	-	-	-	-	-	
synMTS_9_197_var1	0.073	No mitochondrial presequence	38(MPP)	0.079	24-28,29-33	9-19-low	-	-	-	-	-	-	-	-	8-13	-	7-12	-	-	-	
synMTS_9_038_var1	0.079	No mitochondrial presequence	29(MPP)	0.034	30-34,73-77	1-10-low	-	-	-	-	-	-	-	-	-	-	-	-	-	-	
synMTS_9_193_var1	0.078	No mitochondrial presequence	56(MPP)	0.107	3-7,6-10,32-36,48-52	2-11-high	-	-	-	-	-	-	-	-	-	-	-	2-7	-	-	
synMTS_9_059_var1	0.011	No mitochondrial presequence	62(MPP)	0.016	17-21,63-67	9-18-low	-	-	-	-	-	-	-	-	-	-	-	-	-	-	
synMTS_9_102_var1	0.005	No mitochondrial presequence	46(MPP)	0.022	43-47	17-26-low	-	-	-	-	-	-	-	-	-	-	-	-	-	-	
synMTS_9_043_var1	0.002	No mitochondrial presequence	62(MPP)	-0.097		20-29-low	-	-	-	-	-	-	-	-	-	-	-	-	-	-	
synMTS_9_191_var1	0.010	No mitochondrial presequence	48(MPP)	0.021	24-28,60-64,91-95	21-30-high	-	-	-	-	-	-	-	-	-	-	-	-	-	-	
synMTS_9_099_var1	0.081	No mitochondrial presequence	26(MPP)	0.077	66-70,96-100	7-17-low	-	-	-	-	-	-	-	18-23	-	17-22	-	-	-	-	
synMTS_9_109_var1	0.004	No mitochondrial presequence	43(MPP)	-0.140		2-13-low	-	-	-	-	-	-	-	-	-	-	-	-	-	-	
synMTS_9_142_var1	0.024	No mitochondrial presequence	58(MPP)	0.034	25-29,55-59	7-16-low	-	-	-	-	-	-	-	-	-	-	-	-	-	-	
synMTS_9_132_var1	0.027	No mitochondrial presequence	58(MPP)	0.103	31-35,55-59	10-19-high	-	-	-	-	-	-	-	-	-	-	-	-	-	-	
synMTS_9_023_var1	0.197	No mitochondrial presequence	33(MPP), 34(Icp55)	0.121	6-10,9-13,30-34,44-48,67-71	6-15-high	-	-	-	-	9-14	-	-	-	-	-	-	-	-	-	
synMTS_9_153_var1	0.021	No mitochondrial presequence	57(MPP), 58(Icp55)	-0.035	64-68	6-15-low	-	-	-	-	-	-	-	-	-	-	-	-	-	-	
synMTS_9_004_var1	0.015	No mitochondrial presequence	63(MPP)	-0.048	60-64	15-26-high	-	-	-	-	-	-	-	-	-	-	-	-	-	-	
synMTS_9_074_var1	0.012	No mitochondrial presequence	34(MPP), 42(Oct1)	-0.118	38-42,42-46,47-51	15-24-low	-	-	-	-	-	-	-	-	-	-	-	-	-	-	
synMTS_9_116_var1	0.047	No mitochondrial presequence	81(MPP)	0.012	15-19,68-72,73-77,78-82	1-10-low	-	-	-	-	-	-	-	-	-	-	-	-	-	-	
synMTS_9_076_var1	0.331	No mitochondrial presequence	41(MPP), 42(Icp55)	0.220	13-17,16-20,21-25,46-50	11-20-high	-	-	-	-	-	-	-	-	-	-	-	-	-	-	
synMTS_9_107_var1	0.020	No mitochondrial presequence	41(MPP)	0.122	30-34,52-56	1-11-low	-	-	-	-	-	-	-	-	-	-	-	-	-	-	
synMTS_9_072_var1	0.949	Possessing mitochondrial presequence	24(MPP)	0.250	2-6,6-10,21-25,66-70	2-11-high	-	-	-	-	6-11	-	-	-	-	-	-	-	-	-	
synMTS_9_052_var1	0.004	No mitochondrial presequence	30(MPP)	-0.167	32-36,56-60,61-65	13-22-low	-	-	-	-	-	-	-	-	-	-	-	-	-	-	
synMTS_9_141_var1	0.044	No mitochondrial presequence	52(MPP)	0.038	49-53	15-24-low	-	-	-	-	-	-	-	-	-	-	-	-	-	-	
synMTS_9_037_var1	0.148	No mitochondrial presequence	40(MPP)	0.025	2-6,32-36,47-51,51-55	2-13-high	-	-	-	-	-	-	-	-	-	-	-	1-6	-	-	
synMTS_9_161_var1	0.014	No mitochondrial presequence	35(MPP)	-0.029	17-21	13-22-low	-	-	-	-	-	-	-	-	-	-	-	-	-	-	
synMTS_9_170_var1	0.021	No mitochondrial presequence	21(MPP)	0.143	10-14,41-45,73-77,82-86	19-28-high	-	-	-	-	-	-	-	-	-	-	-	-	-	-	
synMTS_9_060_var1	0.041	No mitochondrial presequence	8(MPP)	0.000	19-23,69-73	20-29-low	-	-	-	-	-	-	-	-	-	-	-	-	-	-	
synMTS_9_200_var1	0.022	No mitochondrial presequence	48(MPP)	-0.062	2-6,6-10,25-29	2-11-high	-	-	-	-	-	-	-	-	-	-	-	5-10	-	-	
synMTS_9_117_var1	0.064	No mitochondrial presequence	35(MPP)	0.086	14-18,29-33,32-36,92-96	13-22-high	-	-	-	-	-	-	-	18-23	-	17-22	-	-	-	-	
synMTS_9_008_var1	0.445	Possessing mitochondrial presequence	65(MPP)	0.138	63-67,92-96	17-26-high	-	-	-	-	-	-	-	16-21	-	15-20	-	-	-	-	
synMTS_9_032_var1	0.016	No mitochondrial presequence	9(MPP)	0.000	69-73,85-89,92-96	14-23-low	-	-	-	-	-	-	-	-	-	-	-	-	-	-	
synMTS_9_108_var1	0.018	No mitochondrial presequence	55(MPP)	-0.036	69-73,72-76	1-13-low	-	-	-	-	-	-	-	-	-	-	-	-	-	-	
synMTS_9_196_var1	0.005	No mitochondrial presequence	46(MPP)	-0.043	46-50,65-69	11-20-low	-	-	-	-	-	-	-	-	-	-	-	-	-	-	
synMTS_9_085_var1	0.404	Possessing mitochondrial presequence	53(MPP)	0.000	3-7,6-10,44-48,51-55,60-64,69-73	6-15-high	-	-	-	-	3-8,6-11	-	9-14	-	-	-	-	-	-	-	
synMTS_9_148_var1	0.028	No mitochondrial presequence	22(MPP)	-0.045	40-44,53-57	21-30-low	-	-	-	-	-	-	-	-	-	-	-	-	-	-	
synMTS_9_066_var1	0.008	No mitochondrial presequence	37(MPP)	0.000	34-38	2-12-low	-	-	-	-	-	-	-	-	-	-	-	-	-	-	
synMTS_9_042_var1	0.087	No mitochondrial presequence	38(MPP)	-0.026	22-26,61-65	20-30-high	-	-	-	-	-	-	-	-	-	-	-	-	-	-	
synMTS_9_101_var1	0.020	No mitochondrial presequence	36(MPP)	0.056		1-10-high	-	-	-	-	-	-	-	-	-	-	-	-	-	-	
synMTS_9_136_var1	0.003	No mitochondrial presequence	81(MPP)	-0.049	78-82,85-89,89-93	10-21-low	-	-	-	-	-	-	-	-	-	-	-	-	-	-	
synMTS_9_014_var1	0.038	No mitochondrial presequence	66(MPP)	0.076	8-12,48-52	11-20-low	-	-	-	-	-	-	-	-	-	-	-	-	-	-	
synMTS_9_025_var1	0.059	No mitochondrial presequence	20(MPP)	0.000	64-68,69-73,89-93	19-28-high	-	-	-	-	-	24-29	-	-	-	-	-	-	-	23-28	
synMTS_9_080_var1	0.008	No mitochondrial presequence	14(MPP)	-0.071	11-15,57-61,80-84	15-24-low	-	-	-	-	-	-	-	-	-	-	-	-	-	-	
synMTS_9_164_var1	0.008	No mitochondrial presequence	69(MPP)	0.029	73-77	9-19-low	-	-	-	-	-	-	-	-	-	-	-	-	-	-	
synMTS_9_029_var1	0.009	No mitochondrial presequence	73(MPP)	0.041	11-15,15-19,82-86,89-93	9-19-high	-	-	-	-	-	-	-	-	-	-	-	-	-	-	
synMTS_9_044_var1	0.004	No mitochondrial presequence	35(MPP)	-0.086	35-39,70-74	14-23-low	-	-	-	-	-	-	-	-	-	-	-	-	-	-	
synMTS_9_147_var1	0.026	No mitochondrial presequence	24(MPP)	-0.042	25-29,33-37	1-10-low	-	-	-	-	-	-	-	-	-	-	-	-	-	-	
synMTS_9_174_var1	0.031	No mitochondrial presequence	8(MPP)	0.000	29-33	1-11-high	-	-	-	-	-	-	-	-	-	-	-	-	-	-	
synMTS_9_082_var1	0.079	No mitochondrial presequence	23(MPP)	-0.087	65-69,73-77,76-80	2-11-low	-	-	-	-	-	17-22	-	-	-	-	-	-	-	16-21	
synMTS_9_163_var1	0.002	No mitochondrial presequence	69(MPP)	-0.072	51-55,87-91	13-22-low	-	-	-	-	-	-	-	-	-	-	-	-	-	-	
synMTS_9_028_var1	0.078	No mitochondrial presequence	31(MPP)	0.032	48-52	18-27-low	-	-	-	-	-	-	-	-	-	-	-	-	-	-	
synMTS_9_003_var1	0.249	No mitochondrial presequence	15(MPP)	0.200		18-27-low	-	-	-	-	-	-	-	-	-	-	-	-	-	-	
synMTS_9_103_var1	0.361	No mitochondrial presequence	39(MPP)	0.077	63-67	13-22-low	-	-	-	-	-	-	-	-	-	-	-	-	-	-	
synMTS_9_185_var1	0.055	No mitochondrial presequence	40(MPP)	0.000	91-95	7-16-low	-	-	-	-	-	-	-	-	-	-	-	-	-	-	
synMTS_9_089_var1	0.154	No mitochondrial presequence	45(MPP)	0.044	16-20,20-24,29-33,42-46	18-27-low	-	-	-	-	-	-	-	-	-	-	-	-	-	-	
synMTS_9_018_var1	0.348	No mitochondrial presequence	18(MPP)	0.111	4-8,12-16,35-39,39-43,73-77	4-15-high	-	-	25-30	-	-	-	-	-	2-7	-	1-6	-	-	-	
synMTS_9_084_var1	0.017	No mitochondrial presequence	21(MPP)	0.048	37-41,94-98	16-25-low	-	-	-	-	-	-	-	-	-	-	-	-	-	-	
synMTS_9_123_var1	0.210	No mitochondrial presequence	39(MPP)	0.103	18-22,69-73	17-26-high	-	-	-	-	-	22-27	-	-	-	21-26	-	-	-	-	
synMTS_9_001_var1	0.008	No mitochondrial presequence	40(MPP)	0.075	12-16,65-69	4-16-low	-	-	-	-	-	-	-	-	-	16-21	-	-	-	-	
synMTS_9_045_var1	0.030	No mitochondrial presequence	91(MPP)	0.088	5-9,55-59,59-63	1-10-high	-	-	-	-	-	-	-	-	-	-	-	-	-	-	
synMTS_9_081_var1	0.007	No mitochondrial presequence	69(MPP)	-0.014	71-75	13-22-low	-	-	-	-	-	-	-	-	-	-	-	-	-	-	
synMTS_9_160_var1	0.499	Possessing mitochondrial presequence	20(MPP)	0.200	83-87	17-26-low	-	-	-	-	-	-	-	-	-	-	-	-	-	25-30	
synMTS_9_179_var1	0.062	No mitochondrial presequence	56(MPP)	0.036	14-18,53-57	13-22-low	-	-	-	-	-	-	-	-	-	-	-	-	-	-	
synMTS_9_182_var1	0.131	No mitochondrial presequence	50(MPP)	0.100	21-25,47-51	8-17-high	-	-	-	-	-	-	-	9-14	-	-	-	-	21-26	-	
synMTS_9_199_var1	0.061	No mitochondrial presequence	70(MPP)	0.000	3-7,29-33,59-63,86-90	2-11-low	-	-	-	-	-	-	-	-	1-6	-	-	-	-	-	
synMTS_9_176_var1	0.091	No mitochondrial presequence	21(MPP)	-0.048	33-37,47-51	11-20-high	-	-	-	-	-	-	-	11-16	-	10-15	-	-	-	-	
synMTS_9_150_var1	0.009	No mitochondrial presequence	65(MPP)	0.031		10-20-low	-	-	-	-	-	-	-	-	-	-	-	-	-	-	
synMTS_9_144_var1	0.028	No mitochondrial presequence	10(MPP)	0.000	47-51	17-26-low	-	-	-	-	-	7-12	-	-	-	-	-	-	-	-	
synMTS_9_041_var1	0.058	No mitochondrial presequence	25(MPP)	0.040	3-7,17-21,34-38,43-47	13-22-low	-	-	-	-	-	-	-	-	1-6	-	-	-	-	-	
synMTS_9_078_var1	0.059	No mitochondrial presequence	42(MPP), 43(Icp55)	-0.071	58-62	1-10-low	-	-	-	-	-	-	-	-	17-22	-	16-21	-	-	-	
synMTS_9_051_var1	0.223	No mitochondrial presequence	14(MPP)	0.071	27-31	14-25-low	-	10-15	-	-	-	14-19	-	-	-	-	-	-	-	-	
synMTS_9_122_var1	0.091	No mitochondrial presequence	24(MPP)	0.042	21-25,52-56,56-60,63-67	15-25-high	-	-	-	-	-	-	-	-	-	-	-	20-25	-	-	
synMTS_9_039_var1	0.012	No mitochondrial presequence	20(MPP), 21(Icp55)	-0.150	31-35,86-90	16-26-low	-	-	-	-	-	-	-	-	-	-	-	-	-	-	
synMTS_9_181_var1	0.220	No mitochondrial presequence	12(MPP)	0.083	60-64,64-68	3-12-low	-	-	-	-	-	19-24	-	-	-	-	-	-	-	18-23	
synMTS_9_138_var1	0.004	No mitochondrial presequence	42(MPP)	0.000	40-44,59-63	15-24-low	-	-	-	-	-	-	-	-	-	-	-	-	-	-	
synMTS_9_134_var1	0.087	No mitochondrial presequence	16(MPP), 17(Icp55)	0.000	13-17,49-53,65-69	9-18-high	-	-	-	-	-	-	-	-	-	-	-	-	-	-	
synMTS_9_190_var1	0.063	No mitochondrial presequence	48(MPP)	0.000	12-16	17-26-low	-	-	-	-	-	-	-	-	-	-	-	-	-	-	
synMTS_9_079_var1	0.152	No mitochondrial presequence	35(MPP), 36(Icp55)	0.086	39-43	15-28-high	-	-	-	-	-	-	-	-	-	-	-	-	-	-	
synMTS_9_034_var1	0.176	No mitochondrial presequence	41(MPP)	0.049	80-84	16-25-low	-	-	-	-	-	-	-	-	-	-	-	-	-	-	
synMTS_9_175_var1	0.036	No mitochondrial presequence	46(MPP)	0.022	26-30	15-24-low	-	-	-	-	-	-	-	-	-	-	-	-	-	-	
synMTS_9_093_var1	0.017	No mitochondrial presequence	47(MPP)	-0.043	66-70,85-89,92-96	15-24-low	-	-	-	-	-	-	-	-	-	-	-	-	-	-	
synMTS_9_010_var1	0.061	No mitochondrial presequence	26(MPP)	0.077	9-13,18-22,29-33,53-57	16-25-high	-	-	-	-	-	23-28	-	-	-	22-27	-	-	-	-	
synMTS_9_087_var1	0.008	No mitochondrial presequence	35(MPP)	-0.086	43-47	5-16-low	-	-	-	-	-	-	-	-	-	-	-	-	-	-	
synMTS_9_115_var1	0.012	No mitochondrial presequence	8(MPP)	0.000	19-23,67-71,71-75	14-23-high	-	-	-	-	-	-	-	-	-	-	-	-	-	-	
synMTS_9_075_var1	0.098	No mitochondrial presequence	18(MPP)	0.000		19-28-low	-	-	-	-	-	-	-	-	-	-	-	-	-	-	
synMTS_9_188_var1	0.015	No mitochondrial presequence	50(MPP)	-0.020	62-66,69-73	3-16-low	-	-	-	-	-	-	-	-	-	-	-	-	-	-	
synMTS_9_002_var1	0.044	No mitochondrial presequence	68(MPP)	0.015	4-8,13-17,21-25,47-51,75-79,83-87,86-90	13-24-high	-	-	-	-	4-9	-	-	-	-	-	-	-	-	-	
synMTS_9_077_var1	0.010	No mitochondrial presequence	44(MPP)	-0.068		20-29-low	-	-	-	-	-	-	-	-	-	-	-	-	-	-	
synMTS_9_114_var1	0.025	No mitochondrial presequence	16(MPP)	-0.125	13-17	1-10-low	-	-	-	-	-	-	-	-	-	-	-	-	-	-	
synMTS_9_055_var1	0.005	No mitochondrial presequence	46(MPP)	0.043	38-42	3-13-high	-	-	-	-	-	-	-	-	-	-	-	-	-	-	
synMTS_9_015_var1	0.251	No mitochondrial presequence	14(MPP)	0.071	44-48,47-51,58-62	4-15-high	-	-	-	-	-	23-28	-	-	-	-	-	-	-	-	
synMTS_9_110_var1	0.096	No mitochondrial presequence	13(MPP)	-0.077	10-14,13-17,22-26,60-64	8-17-high	-	-	-	-	-	-	-	-	-	-	-	9-14,21-26	-	-	
synMTS_9_088_var1	0.315	No mitochondrial presequence	21(MPP)	0.095		8-17-low	-	-	-	-	-	-	-	-	-	-	-	-	-	-	
synMTS_9_195_var1	0.004	No mitochondrial presequence	87(MPP)	-0.057	45-49,84-88	20-29-low	-	-	-	-	-	-	-	-	-	-	-	-	-	-	
synMTS_9_128_var1	0.027	No mitochondrial presequence	84(MPP)	0.083	15-19,18-22,64-68,67-71	15-24-high	-	-	-	-	-	-	-	-	-	-	-	-	-	-	
synMTS_9_173_var1	0.001	No mitochondrial presequence	50(MPP)	0.000	33-37	20-29-low	-	-	-	-	-	-	-	-	-	-	-	-	-	-	
synMTS_9_198_var1	0.029	No mitochondrial presequence	8(MPP), 9(Icp55)	0.000		14-25-low	-	-	-	-	-	-	5-10	-	-	-	-	-	-	-	
synMTS_9_155_var1	0.037	No mitochondrial presequence	27(MPP)	-0.074		17-26-low	-	-	-	-	-	-	-	-	-	-	-	-	-	-	
synMTS_9_064_var1	0.020	No mitochondrial presequence	38(MPP)	0.000	62-66,85-89	14-23-low	-	-	-	-	-	-	-	-	-	-	-	-	-	-	
synMTS_9_056_var1	0.106	No mitochondrial presequence	17(MPP)	0.000	22-26,64-68	16-26-high	-	-	-	-	-	-	-	-	-	-	-	21-26	-	-	
synMTS_9_143_var1	0.038	No mitochondrial presequence	47(MPP)	0.000	57-61	14-23-low	-	24-29	-	-	-	-	-	-	-	-	-	-	-	-	
synMTS_9_194_var1	0.003	No mitochondrial presequence	33(MPP)	-0.121	51-55	17-28-low	-	-	-	-	-	-	-	-	-	-	-	-	-	-	
synMTS_9_183_var1	0.020	No mitochondrial presequence	47(MPP)	-0.085	55-59,69-73	8-17-low	-	-	-	-	-	-	-	-	-	-	-	-	-	-	
synMTS_9_152_var1	0.057	No mitochondrial presequence	41(MPP)	0.049	17-21,54-58,85-89	10-21-high	-	-	-	-	-	-	-	-	-	-	-	-	-	-	
synMTS_9_063_var1	0.057	No mitochondrial presequence	12(MPP)	0.083	9-13	6-15-high	-	-	-	-	-	-	-	-	-	-	-	-	-	-	
synMTS_9_058_var1	0.010	No mitochondrial presequence	24(MPP)	-0.042	36-40	7-16-low	-	-	-	-	-	-	-	-	-	-	-	-	-	-	
synMTS_9_106_var1	0.421	Possessing mitochondrial presequence	20(MPP)	0.150	30-34	12-21-high	-	9-14	-	-	-	-	13-18	-	-	-	-	-	-	-	
synMTS_9_133_var1	0.087	No mitochondrial presequence	49(MPP)	0.061	4-8,15-19,42-46	9-19-high	-	-	-	-	-	-	-	-	-	-	-	-	-	-	
synMTS_9_086_var1	0.021	No mitochondrial presequence	55(MPP)	-0.036	89-93	12-21-low	-	-	-	-	-	-	-	-	-	-	-	-	-	-	
synMTS_9_012_var1	0.054	No mitochondrial presequence	28(MPP)	-0.071	12-16,58-62,85-89,93-97	11-20-high	-	-	-	-	-	-	-	-	-	-	-	-	-	-	
synMTS_9_094_var1	0.648	Possessing mitochondrial presequence	24(MPP)	0.083	3-7,39-43,55-59,59-63	20-29-high	-	-	-	-	-	-	25-30	-	-	-	-	2-7	-	24-29	
synMTS_9_036_var1	0.007	No mitochondrial presequence	11(MPP)	0.000	8-12,93-97	7-16-low	-	-	-	-	-	-	-	-	-	-	-	-	-	-	
synMTS_9_151_var1	0.005	No mitochondrial presequence	80(MPP)	-0.025	14-18,35-39	19-29-low	-	-	-	-	-	-	-	-	-	-	-	-	-	-	
synMTS_9_050_var1	0.049	No mitochondrial presequence	78(MPP)	0.000	75-79	21-30-low	-	-	-	-	-	-	-	-	-	-	-	-	-	-	
synMTS_9_057_var1	0.063	No mitochondrial presequence	42(MPP)	0.024	3-7,19-23	18-27-high	-	-	-	-	-	-	-	-	-	22-27	-	-	-	-	
synMTS_9_104_var1	0.176	No mitochondrial presequence	15(MPP)	0.067	7-11,55-59,87-91	3-12-high	-	-	-	-	7-12	-	-	-	-	-	-	-	-	-	
synMTS_9_135_var1	0.046	No mitochondrial presequence	19(MPP)	0.000		9-18-high	-	-	-	-	-	-	-	-	-	-	-	-	-	-	
synMTS_9_158_var1	0.030	No mitochondrial presequence	23(MPP)	0.130	26-30	5-14-low	-	-	-	-	-	-	-	-	-	-	-	-	-	-	
synMTS_9_027_var1	0.247	No mitochondrial presequence	21(MPP)	0.143	5-9,18-22,21-25,38-42	1-10-high	-	-	-	-	18-23	-	9-14	-	-	8-13	-	-	-	-	
synMTS_9_007_var1	0.465	Possessing mitochondrial presequence	27(MPP)	0.037	56-60	21-30-low	-	-	-	-	-	-	-	24-29	-	-	-	-	-	-	
synMTS_9_127_var1	0.017	No mitochondrial presequence	12(MPP)	0.000	47-51,96-100	21-30-low	-	-	-	-	-	-	-	-	-	-	-	-	-	-	
synMTS_9_031_var1	0.010	No mitochondrial presequence	25(MPP)	-0.080	25-29,60-64	5-14-low	-	-	-	-	-	-	-	-	-	-	-	-	-	-	
synMTS_9_067_var1	0.008	No mitochondrial presequence	35(MPP)	-0.114	9-13,68-72	2-11-low	-	-	-	-	-	-	-	-	-	-	-	-	-	-	
synMTS_9_159_var1	0.021	No mitochondrial presequence	20(MPP)	0.050	17-21	4-13-low	-	-	-	-	-	-	-	-	-	-	-	-	-	-	
synMTS_9_180_var1	0.027	No mitochondrial presequence	60(MPP)	-0.033	46-50,50-54	9-21-low	-	-	-	-	-	-	-	-	-	-	-	-	-	-	
synMTS_9_154_var1	0.249	No mitochondrial presequence	35(MPP), 36(Icp55)	0.171	63-67,66-70	4-13-high	-	-	-	-	-	-	-	-	-	-	-	-	-	8-13	
synMTS_9_092_var1	0.032	No mitochondrial presequence	53(MPP)	0.057	15-19	2-11-low	-	-	-	-	-	-	-	-	-	-	-	-	-	-	
synMTS_9_097_var1	0.018	No mitochondrial presequence	45(MPP)	-0.044	9-13	1-11-low	-	-	-	-	-	-	-	-	-	-	-	-	-	-	
synMTS_9_186_var1	0.227	No mitochondrial presequence	91(MPP)	0.110	32-36,64-68,85-89,88-92	12-25-high	-	-	-	-	-	-	-	-	-	-	-	-	-	-	
synMTS_9_131_var1	0.187	No mitochondrial presequence	42(MPP)	0.143	19-23,96-100	1-11-low	-	-	-	-	-	-	-	-	-	-	-	-	-	-	
synMTS_9_124_var1	0.063	No mitochondrial presequence	45(MPP)	0.067	43-47,83-87,86-90,93-97,96-100	21-30-high	-	18-23	-	-	-	-	-	-	-	-	-	-	-	-	
synMTS_9_137_var1	0.110	No mitochondrial presequence	36(MPP)	0.000	14-18,33-37,68-72	14-25-low	-	-	-	-	14-19	-	-	-	-	-	-	-	-	-	
synMTS_9_047_var1	0.272	No mitochondrial presequence	41(MPP)	0.098	14-18,29-33,38-42,74-78	9-18-high	-	-	-	-	-	-	-	-	-	-	17-22	13-18	-	-	
synMTS_9_177_var1	0.022	No mitochondrial presequence	52(MPP)	0.038	62-66,66-70,70-74	13-24-low	-	-	-	-	-	-	12-17	-	-	11-16	-	-	-	-	
synMTS_9_024_var1	0.184	No mitochondrial presequence	28(MPP)	0.143	16-20	21-30-high	-	-	-	-	-	-	21-26	25-30	-	20-25	-	-	-	24-29	
synMTS_9_126_var1	0.465	Possessing mitochondrial presequence	77(MPP)	0.091	55-59,65-69,87-91	16-25-high	-	-	-	-	-	-	-	-	-	-	-	-	-	-	
synMTS_9_168_var1	0.174	No mitochondrial presequence	53(MPP)	0.094	39-43,88-92	3-14-high	-	-	-	-	-	-	-	-	-	-	-	-	-	-	
synMTS_9_169_var1	0.002	No mitochondrial presequence	39(MPP)	-0.077	36-40,63-67	6-15-low	-	-	-	-	-	-	-	-	-	-	-	-	-	-	
synMTS_9_167_var1	0.003	No mitochondrial presequence	45(MPP)	-0.022	35-39	13-22-low	-	-	-	-	-	-	-	-	-	-	-	-	-	-	
synMTS_9_016_var1	0.010	No mitochondrial presequence	44(MPP)	-0.023	41-45	18-27-low	-	-	-	-	-	-	-	-	-	-	-	-	-	-	
synMTS_9_118_var1	0.058	No mitochondrial presequence	36(MPP)	0.056	11-15,86-90,95-99	7-16-high	-	-	-	-	11-16	-	-	-	-	-	-	-	-	-	
synMTS_9_187_var1	0.018	No mitochondrial presequence	24(MPP)	0.000		6-15-low	-	-	-	-	-	-	-	-	-	-	-	-	-	-	
synMTS_9_157_var1	0.013	No mitochondrial presequence	33(MPP)	-0.061		3-12-low	-	-	-	-	-	-	-	-	-	-	-	-	-	-	
synMTS_9_119_var1	0.267	No mitochondrial presequence	47(MPP)	0.064	44-48	14-25-low	-	-	-	-	-	-	-	-	-	-	-	-	-	-	
synMTS_9_019_var1	0.047	No mitochondrial presequence	61(MPP)	0.066	10-14,34-38,50-54	9-18-high	-	-	11-16	-	10-15	-	-	-	-	-	-	-	-	-	
synMTS_9_125_var1	0.009	No mitochondrial presequence	34(MPP)	0.088	26-30,31-35,41-45	21-30-high	-	-	-	-	-	-	-	-	-	-	-	-	-	-	
synMTS_9_140_var1	0.045	No mitochondrial presequence	75(MPP)	0.000	56-60	13-22-low	-	-	-	-	-	-	-	-	-	-	-	-	-	-	
synMTS_9_061_var1	0.004	No mitochondrial presequence	39(MPP)	0.000	93-97	2-11-low	-	-	-	-	-	-	-	-	-	-	-	-	-	-	
synMTS_9_069_var1	0.087	No mitochondrial presequence	39(MPP), 40(Icp55)	0.103		3-12-low	-	-	-	-	-	-	-	-	-	-	-	-	-	-	
synMTS_9_090_var1	0.785	Possessing mitochondrial presequence	24(MPP), 25(Icp55)	0.167	49-53	19-28-high	-	-	-	-	-	-	-	-	-	-	-	-	-	-	
synMTS_9_030_var1	0.007	No mitochondrial presequence	65(MPP)	0.046	34-38,44-48,57-61,63-67	7-16-low	-	-	-	-	-	-	-	-	-	-	-	-	-	-	
synMTS_9_048_var1	0.040	No mitochondrial presequence	84(MPP)	0.071	32-36,57-61,77-81,81-85	4-13-high	-	-	-	-	-	-	-	-	-	-	-	-	-	-	
synMTS_9_121_var1	0.017	No mitochondrial presequence	21(MPP)	0.048		11-20-low	-	-	-	-	-	-	-	-	-	-	-	-	-	-	
synMTS_9_130_var1	0.018	No mitochondrial presequence	52(MPP)	-0.019	7-11,49-53,59-63	6-15-low	-	-	-	-	-	-	-	-	-	-	-	-	-	-	
synMTS_9_053_var1	0.091	No mitochondrial presequence	65(MPP)	0.108	4-8,33-37,54-58,73-77	1-12-high	-	-	-	-	-	-	-	-	-	-	-	-	-	-	
</pre>